rank,config,cum_return,positions,pos_per_week,net_per_pos,raw_per_week,cap_feasible_wk,weekly_sd,nw_t_vs_baseline,weeks_won_vs_baseline,mtm_marked_pct,open_at_horizon_frac
1,proxy_clv|deflated_sharpe|policy_online_weighting|ttr48.0_pb0.15-0.85_act0_trl20_hl0.0|churn0.0,86070.52523435252,3221,134.20833333333334,26.72167812305263,3586.2718847646884,3586.271884764689,4481.807639835844,3.268721790498127,18,0.9509469108972368,0.10400496740142813
2,proxy_clv|deflated_sharpe|policy_online_weighting|ttr48.0_pb0.15-0.85_act0_trl20_hl0.0|churn0.75,85889.42028910507,3221,134.20833333333334,26.66545181282368,3578.725845379378,3578.7258453793784,4480.859641701953,3.263003431319398,17,0.9509469108972368,0.10400496740142813
3,t_stat_baseline|deflated_sharpe|policy_online_weighting|ttr48.0_pb0.15-0.85_act0_trl20_hl0.0|churn0.0,78029.06012856927,3114,129.75,25.057501646939393,3251.210838690386,3251.210838690386,3453.4391361288313,3.2992329737988046,17,0.9447655748233783,0.10950545921644188
4,t_stat_baseline|deflated_sharpe|policy_online_weighting|ttr48.0_pb0.15-0.85_act0_trl20_hl0.0|churn0.75,77884.90505017265,3114,129.75,25.011209071988645,3245.204377090527,3245.2043770905266,3452.142636014409,3.294362405092261,17,0.9447655748233783,0.10950545921644188
5,t_stat_baseline|none|policy_full_rerank|ttr24.0_pb0.15-0.85_act0_trl20_hl0.0|churn0.0,194032.79634683044,35731,1488.7916666666667,5.4303768813307896,8084.699847784602,3193.0616062225045,9049.3784598316,3.1565306279243925,24,0.9949063838123757,0.015952534213987853
6,t_stat_baseline|none|policy_full_rerank|ttr24.0_pb0.15-0.85_act0_trl20_hl0.0|churn0.75,193912.79634683044,35731,1488.7916666666667,5.427018453075213,8079.699847784602,3191.0868504082255,9050.03159623574,3.154206422867305,24,0.9949063838123757,0.015952534213987853
7,t_stat_baseline|none|policy_full_rerank|ttr48.0_pb0.15-0.85_act0_trl20_hl0.0|churn0.0,198087.49093570112,38186,1591.0833333333333,5.1874375670586375,8253.645455654214,3050.2132894304787,8820.21890304171,3.3022455063693585,24,0.9897868328706856,0.034934269103860056
8,t_stat_baseline|none|policy_full_rerank|ttr48.0_pb0.15-0.85_act0_trl20_hl0.0|churn0.75,197969.74093570112,38186,1591.0833333333333,5.184353976213825,8248.739205654214,3048.4001380137292,8820.806803980697,3.2999713059477984,24,0.9897868328706856,0.034934269103860056
9,t_stat_baseline|none|policy_full_rerank|ttr72.0_pb0.15-0.85_act0_trl20_hl0.0|churn0.0,206533.89288346312,41054,1710.5833333333333,5.030786108137164,8605.578870144296,2958.1022315846526,9195.118617522707,3.400916389872237,24,0.9885029473376529,0.051931602279924
10,t_stat_baseline|none|policy_full_rerank|ttr72.0_pb0.15-0.85_act0_trl20_hl0.0|churn0.75,206417.64288346312,41054,1710.5833333333333,5.0279544717558124,8600.735120144296,2956.4372293924175,9195.739738915976,3.3986691616671454,24,0.9885029473376529,0.051931602279924
11,t_stat_baseline|none|policy_full_rerank|ttr48.0_pb0.3-0.7_act0_trl20_hl0.0|churn0.0,119487.84781925236,26617,1109.0416666666667,4.489155345052123,4978.660325802181,2639.6233428906485,4967.15528954833,3.7411951181239207,24,0.9895179772325957,0.0302438291317579
12,t_stat_baseline|none|policy_full_rerank|ttr48.0_pb0.3-0.7_act0_trl20_hl0.0|churn0.75,119367.09781925236,26617,1109.0416666666667,4.484618770682359,4973.629075802181,2636.955837161227,4968.118841659292,3.7360722024926494,24,0.9895179772325957,0.0302438291317579
13,t_stat_baseline|none|policy_full_rerank|ttr72.0_pb0.3-0.7_act0_trl20_hl0.0|churn0.0,123115.50125462245,27562,1148.4166666666667,4.466856587135275,5129.812552275936,2626.5116732355414,4625.760329993799,4.158816219493042,24,0.9857049560989769,0.04288513170306944
14,t_stat_baseline|none|policy_full_rerank|ttr72.0_pb0.3-0.7_act0_trl20_hl0.0|churn0.75,122998.50125462245,27562,1148.4166666666667,4.462611612169742,5124.937552275936,2624.0156279558087,4626.575075421257,4.153466134870153,24,0.9857049560989769,0.04288513170306944
15,t_stat_baseline|none|policy_full_rerank|ttr24.0_pb0.3-0.7_act0_trl20_hl0.0|churn0.0,115554.73738064879,27514,1146.4166666666667,4.199852343557781,4814.7807241937,2469.5131780119755,4973.669254907176,3.6219718318956,24,0.9931307697899251,0.01991713309587846
16,t_stat_baseline|none|policy_full_rerank|ttr24.0_pb0.3-0.7_act0_trl20_hl0.0|churn0.75,115428.73738064879,27514,1146.4166666666667,4.195272856751065,4809.5307241937,2466.8204397696263,4974.72483950629,3.616603181599255,24,0.9931307697899251,0.01991713309587846
17,proxy_clv|none|policy_full_rerank|ttr24.0_pb0.15-0.85_act0_trl20_hl0.0|churn0.0,197355.75387972675,60136,2505.6666666666665,3.2818237641300843,8223.156411655282,1929.7123733084895,9274.102519565551,3.14153629963435,22,0.9832047359318877,0.041755354529732606
18,proxy_clv|none|policy_full_rerank|ttr24.0_pb0.15-0.85_act0_trl20_hl0.0|churn0.75,197251.50387972675,60136,2505.6666666666665,3.2800901935567173,8218.812661655282,1928.6930338113498,9274.474078368481,3.1397319488367152,22,0.9832047359318877,0.041755354529732606
19,proxy_clv|none|policy_full_rerank|ttr48.0_pb0.15-0.85_act0_trl20_hl0.0|churn0.0,191597.08091829834,59196,2466.5,3.2366558706381907,7983.211704929097,1903.1536519352562,9003.606541948728,3.0237489604020986,21,0.9754375295628083,0.07059598621528482
20,proxy_clv|none|policy_full_rerank|ttr48.0_pb0.15-0.85_act0_trl20_hl0.0|churn0.75,191496.58091829834,59196,2466.5,3.234958120790228,7979.024204929097,1902.155375024654,9004.247659772704,3.021960092781566,21,0.9754375295628083,0.07059598621528482
21,proxy_clv|deflated_sharpe|policy_online_weighting|ttr24.0_pb0.15-0.85_act0_trl20_hl0.0|churn0.0,45178.15271149257,1460,60.833333333333336,30.943940213351077,1882.4230296455237,1882.423029645524,3388.046258477977,2.494192703296357,14,0.9356164383561644,0.14246575342465753
22,proxy_clv|deflated_sharpe|policy_online_weighting|ttr24.0_pb0.15-0.85_act0_trl20_hl0.0|churn0.75,45024.0955187791,1460,60.833333333333336,30.83842158820486,1876.003979949129,1876.003979949129,3386.1730759399766,2.4872849363937086,14,0.9356164383561644,0.14246575342465753
23,t_stat_baseline|none|policy_online_weighting|ttr24.0_pb0.3-0.7_act0_trl20_hl0.0|churn0.0,68186.6841652637,22027,917.7916666666666,3.0955955947366274,2841.1118402193206,1820.210209705137,7301.349208403782,1.712827570440191,19,0.9898760611976211,0.026104326508376085
24,eb_shrinkage_skill|none|policy_full_rerank|ttr24.0_pb0.15-0.85_act0_trl20_hl0.0|churn0.0,176446.22842867108,57000,2375.0,3.095547867169668,7351.926184527962,1820.1821458957647,9198.691874376711,2.6683234719835993,22,0.9981052631578947,0.007491228070175438
25,eb_shrinkage_skill|none|policy_full_rerank|ttr24.0_pb0.15-0.85_act0_trl20_hl0.0|churn0.75,176345.72842867108,57000,2375.0,3.093784709274931,7347.738684527962,1819.1454090536595,9199.450359820306,2.6665721792678534,22,0.9981052631578947,0.007491228070175438
26,t_stat_baseline|none|policy_online_weighting|ttr24.0_pb0.3-0.7_act0_trl20_hl0.0|churn0.75,68061.29984662797,22027,917.7916666666666,3.0899032935319366,2835.8874936094985,1816.8631365967788,7299.85734720555,1.71031488645837,19,0.9898760611976211,0.026104326508376085
27,proxy_clv|none|policy_full_rerank|ttr72.0_pb0.15-0.85_act0_trl20_hl0.0|churn0.0,199302.8793709237,65225,2717.7083333333335,3.0556209945714636,8304.286640455155,1796.7051448080206,9441.376803063182,3.1145041351038176,22,0.9755155231889614,0.08366423917209659
28,proxy_clv|none|policy_full_rerank|ttr72.0_pb0.15-0.85_act0_trl20_hl0.0|churn0.75,199203.1293709237,65225,2717.7083333333335,3.0540916729923144,8300.130390455155,1795.805903719481,9441.843070874123,3.112778167182275,22,0.9755155231889614,0.08366423917209659
29,gu_koenker_npmle|none|policy_full_rerank|ttr48.0_pb0.15-0.85_act0_trl20_hl0.0|churn0.0,209866.85531309783,69867,2911.125,3.0038051628536766,8744.45230471241,1766.2374357579617,9236.039959969208,3.335953872562937,24,0.9977099345900068,0.016216525684514864
30,gu_koenker_npmle|none|policy_full_rerank|ttr48.0_pb0.15-0.85_act0_trl20_hl0.0|churn0.75,209719.85531309783,69867,2911.125,3.0017011652582455,8738.32730471241,1765.0002851718484,9236.991760409783,3.333080153308457,24,0.9977099345900068,0.016216525684514864
31,gu_koenker_npmle|none|policy_full_rerank|ttr72.0_pb0.15-0.85_act0_trl20_hl0.0|churn0.0,208471.55220164868,70631,2942.9583333333335,2.9515588367947316,8686.314675068696,1735.5165960353022,9090.241392090486,3.4087846224711815,23,0.9964746357831546,0.027863119593379677
32,gu_koenker_npmle|none|policy_full_rerank|ttr72.0_pb0.15-0.85_act0_trl20_hl0.0|churn0.75,208333.55220164868,70631,2942.9583333333335,2.949605020481781,8680.564675068696,1734.3677520432873,9090.920917190226,3.406164805244612,23,0.9964746357831546,0.027863119593379677
33,gu_koenker_npmle|none|policy_full_rerank|ttr24.0_pb0.15-0.85_act0_trl20_hl0.0|churn0.0,194940.27342331584,68384,2849.3333333333335,2.850670821000758,8122.51139263816,1676.1944427484457,9486.739423646553,3.004949833003389,22,0.9988301357042584,0.006668226485727655
34,gu_koenker_npmle|none|policy_full_rerank|ttr24.0_pb0.15-0.85_act0_trl20_hl0.0|churn0.75,194812.02342331584,68384,2849.3333333333335,2.848795382301647,8117.16764263816,1675.0916847933686,9486.77463516104,3.0028627404460853,22,0.9988301357042584,0.006668226485727655
35,gu_koenker_npmle|none|policy_full_rerank|ttr48.0_pb0.3-0.7_act0_trl20_hl0.0|churn0.0,120819.7148686382,42417,1767.375,2.848379538124766,5034.154786193259,1674.8471684173624,5165.387211256421,3.7205539919965593,23,0.9953792111653347,0.015701251856566942
36,gu_koenker_npmle|none|policy_full_rerank|ttr48.0_pb0.3-0.7_act0_trl20_hl0.0|churn0.75,120701.2148686382,42417,1767.375,2.8455858469160527,5029.217286193259,1673.204477986639,5166.497061910324,3.7157777852084846,23,0.9953792111653347,0.015701251856566942
37,eb_shrinkage_skill|none|policy_full_rerank|ttr48.0_pb0.15-0.85_act0_trl20_hl0.0|churn0.0,181496.16166526647,64005,2666.875,2.835655990395539,7562.340069386103,1667.365722352577,9000.992285410812,2.8149716295870766,23,0.9967346301070229,0.017420514022342005
38,eb_shrinkage_skill|none|policy_full_rerank|ttr48.0_pb0.15-0.85_act0_trl20_hl0.0|churn0.75,181394.91166526647,64005,2666.875,2.834074082732075,7558.121319386103,1666.43556064646,9001.686389350376,2.8131462149044957,23,0.9967346301070229,0.017420514022342005
39,proxy_clv|deflated_sharpe|policy_online_weighting|ttr48.0_pb0.3-0.7_act0_trl20_hl0.0|churn0.0,39504.7414143081,3247,135.29166666666666,12.166535698893778,1646.0308922628374,1646.0308922628374,2479.0421172664564,2.330960888881428,22,0.9174622728672621,0.15306436710809979
40,proxy_clv|deflated_sharpe|policy_online_weighting|ttr48.0_pb0.3-0.7_act0_trl20_hl0.0|churn0.75,39421.221451603466,3247,135.29166666666666,12.140813505267467,1642.5508938168111,1642.550893816811,2475.6119347680446,2.329207682599494,22,0.9174622728672621,0.15306436710809979
41,eb_shrinkage_skill|none|policy_full_rerank|ttr72.0_pb0.15-0.85_act0_trl20_hl0.0|churn0.0,187034.09929395217,67251,2802.125,2.781134842514642,7793.08747058134,1635.3072873986093,9070.10819374526,2.8765086947216303,23,0.9967138035122155,0.025813742546579234
42,eb_shrinkage_skill|none|policy_full_rerank|ttr72.0_pb0.15-0.85_act0_trl20_hl0.0|churn0.75,186933.59929395214,67251,2802.125,2.779640440944404,7788.899970581339,1634.4285792753096,9070.921970963378,2.8746580544456206,23,0.9967138035122155,0.025813742546579234
43,t_stat_baseline|deflated_sharpe|policy_online_weighting|ttr72.0_pb0.15-0.85_act0_trl20_hl0.0|churn0.0,38812.79038571984,3378,140.75,11.489872819928905,1617.1995994049933,1617.1995994049935,1923.7857149876093,3.710385422942407,17,0.911190053285968,0.15689757252812314
44,t_stat_baseline|deflated_sharpe|policy_online_weighting|ttr72.0_pb0.15-0.85_act0_trl20_hl0.0|churn0.75,38702.50817611863,3378,140.75,11.457225629401607,1612.6045073382763,1612.6045073382763,1922.880901291997,3.700440650569916,17,0.911190053285968,0.15689757252812314
45,t_stat_baseline|deflated_sharpe|policy_online_weighting|ttr24.0_pb0.15-0.85_act0_trl20_hl0.0|churn0.0,38552.346074777626,1398,58.25,27.576785461214325,1606.3477531157343,1606.3477531157343,2895.63256051955,2.3331872681714074,16,0.9284692417739628,0.15092989985693847
46,t_stat_baseline|deflated_sharpe|policy_online_weighting|ttr24.0_pb0.15-0.85_act0_trl20_hl0.0|churn0.75,38424.475873607254,1398,58.25,27.485318936772,1601.019828066969,1601.019828066969,2894.1330541170246,2.325937111158247,15,0.9284692417739628,0.15092989985693847
47,t_stat_baseline|none|policy_online_weighting|ttr24.0_pb0.15-0.85_act0_trl20_hl0.0|churn0.0,63234.177455074285,24638,1026.5833333333333,2.566530459252954,2634.7573939614285,1509.119910040737,6270.551244912994,2.3793822307927126,20,0.9908271775306436,0.0226479422031009
48,t_stat_baseline|none|policy_online_weighting|ttr24.0_pb0.15-0.85_act0_trl20_hl0.0|churn0.75,63075.21322479348,24638,1026.5833333333333,2.5600784651673627,2628.133884366395,1505.3261375184093,6267.642302969616,2.374511952705241,20,0.9908271775306436,0.0226479422031009
49,gu_koenker_npmle|none|policy_full_rerank|ttr24.0_pb0.3-0.7_act0_trl20_hl0.0|churn0.0,133781.21837374705,52374,2182.25,2.554344109171479,5574.21743223946,1501.9543361928297,5981.810927644802,3.381633892604959,22,0.9978233474624814,0.009623095429029671
50,proxy_clv|none|policy_full_rerank|ttr24.0_pb0.3-0.7_act0_trl20_hl0.0|churn0.0,121340.39635917949,47512,1979.6666666666667,2.5538894670647307,5055.849848299145,1501.6870066340616,5409.31941754712,3.333107266953611,22,0.9837725206263681,0.037569456137396866
51,gu_koenker_npmle|none|policy_full_rerank|ttr72.0_pb0.3-0.7_act0_trl20_hl0.0|churn0.0,131544.35384803556,51532,2147.1666666666665,2.5526731710012336,5481.014743668148,1500.9718245487254,5687.176890904241,3.5511606548532124,23,0.9938678879143057,0.019677093844601413
52,gu_koenker_npmle|none|policy_full_rerank|ttr24.0_pb0.3-0.7_act0_trl20_hl0.0|churn0.75,133666.46837374705,52374,2182.25,2.552153136551477,5569.43618223946,1500.6660442922685,5982.186375118912,3.378407385670637,22,0.9978233474624814,0.009623095429029671
53,proxy_clv|none|policy_full_rerank|ttr24.0_pb0.3-0.7_act0_trl20_hl0.0|churn0.75,121230.89635917949,47512,1979.6666666666667,2.5515847861420164,5051.287348299145,1500.3318542515058,5410.166495022297,3.3293521405101307,22,0.9837725206263681,0.037569456137396866
54,gu_koenker_npmle|none|policy_full_rerank|ttr72.0_pb0.3-0.7_act0_trl20_hl0.0|churn0.75,131434.85384803556,51532,2147.1666666666665,2.5505482777310324,5476.452243668148,1499.7223873058472,5688.1907871989015,3.5474566035218627,23,0.9938678879143057,0.019677093844601413
55,gu_koenker_npmle|none|policy_online_weighting|ttr24.0_pb0.15-0.85_act0_trl20_hl0.0|churn0.0,118444.53676280082,46663,1944.2916666666667,2.53829665393997,4935.189031783368,1492.5184325167024,6884.577293730937,3.1580429941124364,22,0.9982641493260185,0.008572102093735937
56,gu_koenker_npmle|none|policy_online_weighting|ttr24.0_pb0.15-0.85_act0_trl20_hl0.0|churn0.75,118345.76714776304,46663,1944.2916666666667,2.5361799958803126,4931.073631156793,1491.273837577624,6884.1449378079105,3.1557239484325836,22,0.9982641493260185,0.008572102093735937
57,eb_shrinkage_skill|none|policy_full_rerank|ttr48.0_pb0.3-0.7_act0_trl20_hl0.0|churn0.0,126992.08946966422,51356,2139.8333333333335,2.472779995904358,5291.3370612360095,1453.9946375917625,5790.711425654843,3.1322231140641756,22,0.9959303684087546,0.012131007087779422
58,eb_shrinkage_skill|none|policy_full_rerank|ttr48.0_pb0.3-0.7_act0_trl20_hl0.0|churn0.75,126898.33946966422,51356,2139.8333333333335,2.4709545032647444,5287.4308112360095,1452.9212479196697,5791.434208183685,3.1295529026240403,22,0.9959303684087546,0.012131007087779422
59,eb_shrinkage_skill|none|policy_full_rerank|ttr72.0_pb0.3-0.7_act0_trl20_hl0.0|churn0.0,130640.32537342407,53089,2212.0416666666665,2.4607795470516316,5443.346890559336,1446.9383736663594,5519.9538684886575,3.3647032858662227,23,0.9951590725008947,0.015144380191753471
60,proxy_clv|none|policy_full_rerank|ttr72.0_pb0.3-0.7_act0_trl20_hl0.0|churn0.0,121982.02267362898,49606,2066.9166666666665,2.4590175114629074,5082.584278067874,1445.9022967401895,5082.670061122862,3.408369883430926,21,0.9722211022860138,0.07237027778897714
61,eb_shrinkage_skill|none|policy_full_rerank|ttr72.0_pb0.3-0.7_act0_trl20_hl0.0|churn0.75,130543.57537342407,53089,2212.0416666666665,2.458957135629303,5439.315640559336,1445.8667957500302,5520.636793035854,3.3618082283112467,23,0.9951590725008947,0.015144380191753471
62,proxy_clv|none|policy_full_rerank|ttr72.0_pb0.3-0.7_act0_trl20_hl0.0|churn0.75,121882.27267362898,49606,2066.9166666666665,2.4570066660006646,5078.428028067874,1444.719919608391,5083.3768103201855,3.4050477052331334,21,0.9722211022860138,0.07237027778897714
63,proxy_clv|none|policy_full_rerank|ttr48.0_pb0.3-0.7_act0_trl20_hl0.0|churn0.0,119546.06390566245,49704,2071.0,2.405159824272945,4981.085996069269,1414.2339766724915,5618.121707564793,3.134295614475755,22,0.976158860453887,0.05816433285047481
64,proxy_clv|none|policy_full_rerank|ttr48.0_pb0.3-0.7_act0_trl20_hl0.0|churn0.75,119448.56390566245,49704,2071.0,2.40319821152548,4977.023496069269,1413.0805483769823,5618.845293102392,3.1312596487021294,22,0.976158860453887,0.05816433285047481
65,eb_shrinkage_skill|none|policy_full_rerank|ttr24.0_pb0.3-0.7_act0_trl20_hl0.0|churn0.0,128627.1243729092,54813,2283.875,2.3466536108753253,5359.463515537883,1379.8323231946913,5811.911599991347,3.1546682429834587,22,0.9976465437031361,0.008939485158630252
66,eb_shrinkage_skill|none|policy_full_rerank|ttr24.0_pb0.3-0.7_act0_trl20_hl0.0|churn0.75,128531.8743729092,54813,2283.875,2.344915884423571,5355.494765537883,1378.8105400410598,5812.567978471499,3.1520329564056597,22,0.9976465437031361,0.008939485158630252
67,t_stat_baseline|none|policy_online_weighting|ttr48.0_pb0.15-0.85_act0_trl20_hl0.0|churn0.0,68542.16904483904,29588,1232.8333333333333,2.316552962175174,2855.923710201627,1362.1331417590022,7350.625216506238,2.255074129964236,18,0.9877653102609165,0.04295660402866027
68,t_stat_baseline|none|policy_online_weighting|ttr48.0_pb0.15-0.85_act0_trl20_hl0.0|churn0.75,68380.63593459356,29588,1232.8333333333333,2.3110935492292,2849.1931639413983,1358.9230069467696,7346.569405236604,2.2511716863504487,18,0.9877653102609165,0.04295660402866027
69,eb_shrinkage_skill|none|policy_online_weighting|ttr24.0_pb0.15-0.85_act0_trl20_hl0.0|churn0.0,112437.35091530536,49765,2073.5416666666665,2.2593660386879404,4684.889621471057,1328.5072307485088,6333.97144935837,3.1743910864051412,22,0.9982316889380086,0.007033055360192907
70,eb_shrinkage_skill|none|policy_online_weighting|ttr24.0_pb0.15-0.85_act0_trl20_hl0.0|churn0.75,112355.4598878565,49765,2073.5416666666665,2.2577204840320806,4681.4774953273545,1327.5396446108634,6334.190049261335,3.1719940999890257,22,0.9982316889380086,0.007033055360192907
71,proxy_clv|deflated_sharpe|policy_online_weighting|ttr72.0_pb0.3-0.7_act0_trl20_hl0.0|churn0.0,31733.83772437017,4051,168.79166666666666,7.833581269901301,1322.2432385154236,1322.2432385154236,1823.8027955863156,2.677726041888923,21,0.9185386324364355,0.1486052826462602
72,proxy_clv|deflated_sharpe|policy_online_weighting|ttr72.0_pb0.3-0.7_act0_trl20_hl0.0|churn0.75,31667.93470224292,4051,168.79166666666666,7.8173129356314295,1319.4972792601218,1319.4972792601216,1820.7310237963638,2.6773458293801564,21,0.9185386324364355,0.1486052826462602
73,gu_koenker_npmle|none|policy_online_weighting|ttr72.0_pb0.15-0.85_act0_trl20_hl0.0|churn0.0,117726.74003982647,52561,2190.0416666666665,2.239811648176908,4905.28083499277,1317.009249128022,6453.15180008267,3.3738804463693635,23,0.9948631114324309,0.03738513346397519
74,gu_koenker_npmle|none|policy_online_weighting|ttr72.0_pb0.15-0.85_act0_trl20_hl0.0|churn0.75,117614.60942363925,52561,2190.0416666666665,2.237678305657032,4900.608725984969,1315.7548437263347,6453.737658773215,3.370705404505906,23,0.9948631114324309,0.03738513346397519
75,eb_shrinkage_skill|none|policy_hybrid_displacement|ttr72.0_pb0.15-0.85_act0_trl0_hl0.0|churn0.0,31327.095359212508,6461,269.2083333333333,4.8486450021997385,1305.2956399671878,1305.2956399671878,3011.394328973961,1.6227313642671921,14,0.9843677449311252,0.05045658566785327
76,eb_shrinkage_skill|none|policy_hybrid_displacement|ttr72.0_pb0.15-0.85_act0_trl0_hl0.0|churn0.75,31266.345359212508,6461,269.2083333333333,4.839242432938014,1302.7643899671878,1302.7643899671878,3011.877422822637,1.6192817522951044,14,0.9843677449311252,0.05045658566785327
77,eb_shrinkage_skill|none|policy_hybrid_displacement|ttr24.0_pb0.15-0.85_act0_trl0_hl0.0|churn0.0,30856.548801905603,5268,219.5,5.857355505297191,1285.6895334127335,1285.6895334127335,2912.7295140800866,1.668694623694716,16,0.9838648443432042,0.03929384965831435
78,eb_shrinkage_skill|none|policy_hybrid_displacement|ttr24.0_pb0.15-0.85_act0_trl0_hl0.0|churn0.75,30795.798801905603,5268,219.5,5.845823614636599,1283.1582834127335,1283.1582834127335,2913.0137276931664,1.665092236799197,16,0.9838648443432042,0.03929384965831435
79,eb_shrinkage_skill|none|policy_hybrid_displacement|ttr48.0_pb0.15-0.85_act0_trl0_hl0.0|churn0.0,30037.020887653343,5718,238.25,5.253064163632974,1251.542536985556,1251.5425369855561,2953.5042471434617,1.6032637852190907,15,0.9826862539349422,0.03830010493179433
80,eb_shrinkage_skill|none|policy_hybrid_displacement|ttr48.0_pb0.15-0.85_act0_trl0_hl0.0|churn0.75,29976.270887653343,5718,238.25,5.242439819456688,1249.011286985556,1249.011286985556,2953.7751374152112,1.5997508484727763,15,0.9826862539349422,0.03830010493179433
81,gu_koenker_npmle|none|policy_online_weighting|ttr48.0_pb0.15-0.85_act0_trl20_hl0.0|churn0.0,115552.58941088186,55399,2308.2916666666665,2.085824462731852,4814.691225453411,1226.464784086329,6557.10551880071,3.2359234827715255,23,0.9961371143883463,0.023430025812740302
82,gu_koenker_npmle|none|policy_online_weighting|ttr48.0_pb0.15-0.85_act0_trl20_hl0.0|churn0.75,115442.53734123899,55399,2308.2916666666665,2.083837927421776,4810.105722551624,1225.2967013240045,6557.5437352777,3.232831783147574,23,0.9961371143883463,0.023430025812740302
83,eb_shrinkage_skill|none|policy_online_weighting|ttr48.0_pb0.15-0.85_act0_trl20_hl0.0|churn0.0,115163.43081155479,55293,2303.875,2.082784996501452,4798.476283814783,1224.677577942854,6189.701526726338,3.259664963834735,22,0.9971605809053586,0.018700377986363554
84,eb_shrinkage_skill|none|policy_online_weighting|ttr48.0_pb0.15-0.85_act0_trl20_hl0.0|churn0.75,115084.83682384813,55293,2303.875,2.0813635871421,4795.201534327006,1223.8417892395548,6190.073640797096,3.2572767302294063,22,0.9971605809053586,0.018700377986363554
85,gu_koenker_npmle|deflated_sharpe|policy_online_weighting|ttr72.0_pb0.3-0.7_act0_trl20_hl0.0|churn0.0,28912.883651757395,3935,163.95833333333334,7.34761973361052,1204.7034854898914,1204.7034854898916,1262.7369791326164,3.222506697357836,24,0.9298602287166455,0.13799237611181703
86,gu_koenker_npmle|deflated_sharpe|policy_online_weighting|ttr72.0_pb0.3-0.7_act0_trl20_hl0.0|churn0.75,28800.10243270996,3935,163.95833333333334,7.318958686838617,1200.0042680295817,1200.0042680295817,1261.1009496788322,3.2157859517769043,24,0.9298602287166455,0.13799237611181703
87,eb_shrinkage_skill|none|policy_online_weighting|ttr72.0_pb0.15-0.85_act0_trl20_hl0.0|churn0.0,119047.10075057906,58349,2431.2083333333335,2.0402594860336776,4960.295864607461,1199.6725777878023,6174.018612545284,3.3659047045893455,22,0.9971036350237364,0.02706130353562186
88,eb_shrinkage_skill|none|policy_online_weighting|ttr72.0_pb0.15-0.85_act0_trl20_hl0.0|churn0.75,118968.70175406376,58349,2431.2083333333335,2.038915864094736,4957.029239752656,1198.8825280877047,6174.269786117307,3.363474995899388,22,0.9971036350237364,0.02706130353562186
89,eb_shrinkage_skill|deflated_sharpe|policy_online_weighting|ttr72.0_pb0.3-0.7_act0_trl20_hl0.0|churn0.0,28566.19156526085,3870,161.25,7.3814448489046125,1190.2579818858687,1190.2579818858687,1042.7638941764349,3.817155452120273,24,0.9286821705426357,0.1400516795865633
90,eb_shrinkage_skill|deflated_sharpe|policy_online_weighting|ttr72.0_pb0.3-0.7_act0_trl20_hl0.0|churn0.75,28458.13633229772,3870,161.25,7.35352360007693,1185.755680512405,1185.755680512405,1040.607263972575,3.812267179954635,24,0.9286821705426357,0.1400516795865633
91,gu_koenker_npmle|none|policy_online_weighting|ttr24.0_pb0.3-0.7_act0_trl20_hl0.0|churn0.0,93619.99347011214,47010,1958.75,1.9914910331868143,3900.8330612546724,1170.9967275138467,4594.974562449324,3.6966084103297367,22,0.9973835354179962,0.011040204211869815
92,gu_koenker_npmle|none|policy_online_weighting|ttr24.0_pb0.3-0.7_act0_trl20_hl0.0|churn0.75,93526.64111018792,47010,1958.75,1.989505235273089,3896.943379591163,1169.8290783405764,4595.171723835656,3.693128359040172,22,0.9973835354179962,0.011040204211869815
93,eb_shrinkage_skill|none|policy_full_rerank|ttr72.0_pb0.15-0.85_act0_trl0_hl0.0|churn0.0,27300.938453642375,4859,202.45833333333334,5.618633145429589,1137.5391022350989,1137.5391022350989,2888.40108076737,1.4307910475191452,12,0.987034369211772,0.04486519860053509
94,eb_shrinkage_skill|none|policy_full_rerank|ttr72.0_pb0.15-0.85_act0_trl0_hl0.0|churn0.75,27190.688453642375,4859,202.45833333333334,5.59594329155019,1132.9453522350989,1132.945352235099,2888.2540204929937,1.424891629181993,12,0.987034369211772,0.04486519860053509
95,eb_shrinkage_skill|none|policy_full_rerank|ttr24.0_pb0.15-0.85_act0_trl0_hl0.0|churn0.0,27026.275076115093,3561,148.375,7.589518415084272,1126.0947948381288,1126.0947948381288,2839.855595080124,1.4592346246456536,11,0.9963493400730131,0.011513619769727604
96,eb_shrinkage_skill|none|policy_full_rerank|ttr24.0_pb0.15-0.85_act0_trl0_hl0.0|churn0.75,26910.025076115093,3561,148.375,7.556873090737178,1121.2510448381288,1121.2510448381288,2840.181587788707,1.4525471348755108,11,0.9963493400730131,0.011513619769727604
97,eb_shrinkage_skill|none|policy_full_rerank|ttr48.0_pb0.15-0.85_act0_trl0_hl0.0|churn0.0,26304.26756825072,4112,171.33333333333334,6.396952229632958,1096.0111486771134,1096.0111486771134,2844.5897733369843,1.4144693507819928,12,0.98784046692607,0.02504863813229572
98,eb_shrinkage_skill|none|policy_full_rerank|ttr48.0_pb0.15-0.85_act0_trl0_hl0.0|churn0.75,26200.76756825072,4112,171.33333333333334,6.371781996169923,1091.6986486771134,1091.6986486771136,2844.3879194568844,1.4088370815602949,12,0.98784046692607,0.02504863813229572
99,gu_koenker_npmle|none|policy_online_weighting|ttr48.0_pb0.3-0.7_act0_trl20_hl0.0|churn0.0,83697.69174998463,45240,1885.0,1.8500816036689796,3487.4038229160265,1087.84798295736,4073.371247986642,3.5318681533235563,22,0.9923076923076923,0.023076923076923078
100,gu_koenker_npmle|none|policy_online_weighting|ttr48.0_pb0.3-0.7_act0_trl20_hl0.0|churn0.75,83605.7197377411,45240,1885.0,1.8480486237343303,3483.571655739213,1086.6525907557862,4073.9532321287784,3.5281200648605267,22,0.9923076923076923,0.023076923076923078
101,gu_koenker_npmle|deflated_sharpe|policy_online_weighting|ttr48.0_pb0.15-0.85_act0_trl20_hl0.0|churn0.0,25241.92722881887,2957,123.20833333333333,8.536329803455823,1051.746967867453,1051.746967867453,1364.7279673973806,2.914347623768422,16,0.9418329387893135,0.11633412242137302
102,gu_koenker_npmle|deflated_sharpe|policy_online_weighting|ttr48.0_pb0.15-0.85_act0_trl20_hl0.0|churn0.75,25107.81467787931,2957,123.20833333333333,8.490975542062667,1046.158944911638,1046.1589449116377,1363.838805599917,2.9020273120195585,16,0.9418329387893135,0.11633412242137302
103,proxy_clv|deflated_sharpe|policy_online_weighting|ttr24.0_pb0.3-0.7_act0_trl20_hl0.0|churn0.0,24967.43304763761,2030,84.58333333333333,12.299228102284536,1040.3097103182338,1040.3097103182336,1827.0638274197595,2.0044824288017957,16,0.9305418719211823,0.1482758620689655
104,proxy_clv|deflated_sharpe|policy_online_weighting|ttr24.0_pb0.3-0.7_act0_trl20_hl0.0|churn0.75,24843.318216500662,2030,84.58333333333333,12.238087791379636,1035.138259020861,1035.1382590208607,1823.0794756860191,1.9995502867996668,16,0.9305418719211823,0.1482758620689655
105,t_stat_baseline|deflated_sharpe|policy_online_weighting|ttr24.0_pb0.3-0.7_act0_trl20_hl0.0|churn0.0,24594.76894295557,1924,80.16666666666667,12.783143941245099,1024.7820392898154,1024.7820392898154,1821.957998486215,2.1016423746186472,17,0.9532224532224532,0.1288981288981289
106,t_stat_baseline|deflated_sharpe|policy_online_weighting|ttr24.0_pb0.3-0.7_act0_trl20_hl0.0|churn0.75,24487.28858553209,1924,80.16666666666667,12.727280969611273,1020.303691063837,1020.3036910638372,1819.9941131008466,2.0974336272069496,17,0.9532224532224532,0.1288981288981289
107,proxy_clv|deflated_sharpe|policy_full_rerank|ttr72.0_pb0.3-0.7_act0_trl20_hl0.0|churn0.0,24257.6464866,4049,168.70833333333334,5.991021606964682,1010.735270275,1010.735270275,868.125616261451,3.8570979057296544,23,0.9187453692269696,0.14941960978019264
108,proxy_clv|deflated_sharpe|policy_full_rerank|ttr72.0_pb0.3-0.7_act0_trl20_hl0.0|churn0.75,24145.1464866,4049,168.70833333333334,5.963236968782415,1006.047770275,1006.0477702750001,866.182360660176,3.848869184622012,23,0.9187453692269696,0.14941960978019264
109,t_stat_baseline|deflated_sharpe|policy_hybrid_displacement|ttr48.0_pb0.15-0.85_act0_trl20_hl0.0|churn0.0,23991.226988978215,9455,393.9583333333333,2.537411632890345,999.6344578740923,999.6344578740922,1038.2469252532492,3.3102464700582446,19,0.9789529349550502,0.053199365415124274
110,t_stat_baseline|deflated_sharpe|policy_hybrid_displacement|ttr48.0_pb0.15-0.85_act0_trl20_hl0.0|churn0.75,23966.476988978215,9455,393.9583333333333,2.534793970277971,998.6032078740923,998.6032078740923,1038.9151288553026,3.304204544006801,19,0.9789529349550502,0.053199365415124274
111,gu_koenker_npmle|deflated_sharpe|policy_full_rerank|ttr72.0_pb0.3-0.7_act0_trl20_hl0.0|churn0.0,23952.566717721395,3943,164.29166666666666,6.074706243398781,998.0236132383915,998.0236132383914,857.6467635122534,3.886864918891966,23,0.930002536139995,0.1384732437230535
112,gu_koenker_npmle|deflated_sharpe|policy_online_weighting|ttr72.0_pb0.15-0.85_act0_trl20_hl0.0|churn0.0,23935.518858604286,3191,132.95833333333334,7.50094605409097,997.3132857751785,997.3132857751787,1089.0553577307503,3.623952356934022,18,0.9185208398621121,0.14979630209965528
113,t_stat_baseline|deflated_sharpe|policy_hybrid_displacement|ttr72.0_pb0.15-0.85_act0_trl20_hl0.0|churn0.0,23916.785971695397,8473,353.0416666666667,2.8227057679328924,996.5327488206416,996.5327488206416,1217.3833148232136,2.787360715787059,18,0.9748613242063024,0.06231559069987017
114,gu_koenker_npmle|deflated_sharpe|policy_online_weighting|ttr48.0_pb0.3-0.7_act0_trl20_hl0.0|churn0.0,23900.430905353307,3190,132.91666666666666,7.492298089452447,995.8512877230545,995.8512877230544,1133.0815275461753,2.970041143227723,22,0.9222570532915361,0.14858934169278998
115,t_stat_baseline|deflated_sharpe|policy_hybrid_displacement|ttr72.0_pb0.15-0.85_act0_trl20_hl0.0|churn0.75,23892.785971695397,8473,353.0416666666667,2.8198732410828984,995.5327488206416,995.5327488206416,1218.1749634954365,2.7824640317713993,18,0.9748613242063024,0.06231559069987017
116,t_stat_baseline|deflated_sharpe|policy_full_rerank|ttr72.0_pb0.3-0.7_act0_trl20_hl0.0|churn0.0,23861.92593755148,3944,164.33333333333334,6.050184061245305,994.246914064645,994.2469140646451,863.5484373796585,3.8287558164695232,23,0.9305273833671399,0.1374239350912779
117,gu_koenker_npmle|deflated_sharpe|policy_full_rerank|ttr72.0_pb0.3-0.7_act0_trl20_hl0.0|churn0.75,23837.816717721395,3943,164.29166666666666,6.045604036956986,993.2423632383915,993.2423632383914,855.5570245709557,3.8790779813905103,23,0.930002536139995,0.1384732437230535
118,gu_koenker_npmle|none|policy_online_weighting|ttr72.0_pb0.3-0.7_act0_trl20_hl0.0|churn0.0,87224.34080845685,51656,2152.3333333333335,1.688561654182609,3634.3475336857023,992.8742526593741,4368.1447594284655,3.546061202812765,22,0.9925468483816013,0.024372773733932165
119,gu_koenker_npmle|deflated_sharpe|policy_online_weighting|ttr72.0_pb0.15-0.85_act0_trl20_hl0.0|churn0.75,23819.157584643537,3191,132.95833333333334,7.46448059687983,992.4648993601473,992.4648993601475,1088.1629702610544,3.611934787204668,18,0.9185208398621121,0.14979630209965528
120,gu_koenker_npmle|none|policy_online_weighting|ttr72.0_pb0.3-0.7_act0_trl20_hl0.0|churn0.75,87134.3146738162,51656,2152.3333333333335,1.6868188530628814,3630.5964447423416,991.8494856009743,4368.621262946575,3.5425733154545096,22,0.9925468483816013,0.024372773733932165
121,gu_koenker_npmle|deflated_sharpe|policy_online_weighting|ttr48.0_pb0.3-0.7_act0_trl20_hl0.0|churn0.75,23793.431948114376,3190,132.91666666666666,7.458756096587579,991.392997838099,991.392997838099,1131.4898134870887,2.962148249624328,22,0.9222570532915361,0.14858934169278998
122,t_stat_baseline|deflated_sharpe|policy_full_rerank|ttr72.0_pb0.3-0.7_act0_trl20_hl0.0|churn0.75,23747.17593755148,3944,164.33333333333334,6.021089233659097,989.465664064645,989.465664064645,861.637376543315,3.8200260631597174,23,0.9305273833671399,0.1374239350912779
123,eb_shrinkage_skill|deflated_sharpe|policy_full_rerank|ttr72.0_pb0.3-0.7_act0_trl20_hl0.0|churn0.0,23286.295210118642,3885,161.875,5.99389838098292,970.2623004216101,970.2623004216101,875.7440068427644,3.685186364782612,23,0.9289575289575289,0.14002574002574003
124,eb_shrinkage_skill|deflated_sharpe|policy_full_rerank|ttr72.0_pb0.3-0.7_act0_trl20_hl0.0|churn0.75,23170.795210118642,3885,161.875,5.96416865125319,965.4498004216101,965.4498004216101,873.6054204308191,3.677167250023121,23,0.9289575289575289,0.14002574002574003
125,eb_shrinkage_skill|deflated_sharpe|policy_online_weighting|ttr48.0_pb0.3-0.7_act0_trl20_hl0.0|churn0.0,23016.566260335065,3152,131.33333333333334,7.3022101079743225,959.0235941806277,959.0235941806277,932.4062287311987,3.447790946407284,21,0.9194162436548223,0.15228426395939088
126,eb_shrinkage_skill|deflated_sharpe|policy_online_weighting|ttr48.0_pb0.3-0.7_act0_trl20_hl0.0|churn0.75,22909.817172343195,3152,131.33333333333334,7.2683430115302015,954.5757155142998,954.5757155142999,930.2515410974511,3.4412691063659517,21,0.9194162436548223,0.15228426395939088
127,eb_shrinkage_skill|none|policy_online_weighting|ttr48.0_pb0.3-0.7_act0_trl20_hl0.0|churn0.0,76527.36677570007,47177,1965.7083333333333,1.622132962581344,3188.640282320836,953.8141819978304,3758.742927297449,3.5952918504017393,21,0.9959302202344363,0.012654471458549718
128,eb_shrinkage_skill|none|policy_online_weighting|ttr48.0_pb0.3-0.7_act0_trl20_hl0.0|churn0.75,76456.2228085454,47177,1965.7083333333333,1.6206249403002606,3185.6759503560584,952.9274648965533,3759.331717980055,3.591745813134504,21,0.9959302202344363,0.012654471458549718
129,eb_shrinkage_skill|none|policy_online_weighting|ttr72.0_pb0.3-0.7_act0_trl20_hl0.0|churn0.0,78360.3515601028,48486,2020.25,1.616143867510267,3265.014648337617,950.2925940960371,4110.443346299263,3.4089151813897716,22,0.995215113641051,0.016210864991956443
130,eb_shrinkage_skill|none|policy_online_weighting|ttr72.0_pb0.3-0.7_act0_trl20_hl0.0|churn0.75,78285.65578551184,48486,2020.25,1.6146033037477179,3261.902324396327,949.3867426036581,4110.738940359321,3.405623343233416,22,0.995215113641051,0.016210864991956443
131,gu_koenker_npmle|deflated_sharpe|policy_hybrid_displacement|ttr48.0_pb0.15-0.85_act0_trl20_hl0.0|churn0.0,22407.94854328554,9283,386.7916666666667,2.4138692818362104,933.6645226368975,933.6645226368976,996.8643017839266,3.161119204828219,20,0.978562964558871,0.056662716794139825
132,gu_koenker_npmle|deflated_sharpe|policy_hybrid_displacement|ttr48.0_pb0.15-0.85_act0_trl20_hl0.0|churn0.75,22380.19854328554,9283,386.7916666666667,2.4108799464920327,932.5082726368975,932.5082726368976,997.6752097309399,3.1542725514822023,20,0.978562964558871,0.056662716794139825
133,eb_shrinkage_skill|none|policy_online_weighting|ttr24.0_pb0.3-0.7_act0_trl20_hl0.0|churn0.0,77048.6323607179,50753,2114.7083333333335,1.5181099119405335,3210.3596816965787,892.6486282210337,3730.068627235118,3.600948043575492,21,0.9959608299016807,0.01164463184442299
134,eb_shrinkage_skill|none|policy_online_weighting|ttr24.0_pb0.3-0.7_act0_trl20_hl0.0|churn0.75,76978.36866039963,50753,2114.7083333333335,1.5167254873682272,3207.4320275166515,891.8345865725177,3730.6654643982038,3.5976063137044525,21,0.9959608299016807,0.01164463184442299
135,gu_koenker_npmle|none|policy_hybrid_displacement|ttr24.0_pb0.3-0.7_act0_trl0_hl0.0|churn0.0,21333.57174917239,4399,183.29166666666666,4.849641225090337,888.898822882183,888.8988228821829,2096.48951930912,1.569398361601939,18,0.9902250511479882,0.031598090475107976
136,gu_koenker_npmle|none|policy_hybrid_displacement|ttr24.0_pb0.3-0.7_act0_trl0_hl0.0|churn0.75,21266.07174917239,4399,183.29166666666666,4.834296828636598,886.086322882183,886.086322882183,2096.773473033295,1.5640998988355868,18,0.9902250511479882,0.031598090475107976
137,proxy_clv|deflated_sharpe|policy_full_rerank|ttr48.0_pb0.15-0.85_act0_trl20_hl0.0|churn0.0,21265.801472953244,3200,133.33333333333334,6.645562960297889,886.0750613730519,886.075061373052,719.8160235919961,4.485494270633736,20,0.9528125000000001,0.101875
138,proxy_clv|deflated_sharpe|policy_full_rerank|ttr48.0_pb0.15-0.85_act0_trl20_hl0.0|churn0.75,21159.301472953244,3200,133.33333333333334,6.612281710297889,881.6375613730519,881.637561373052,718.8618695698235,4.4725342076780965,20,0.9528125000000001,0.101875
139,proxy_clv|deflated_sharpe|policy_full_rerank|ttr72.0_pb0.15-0.85_act0_trl20_hl0.0|churn0.0,21063.8322408244,3455,143.95833333333334,6.0966229351156,877.6596767010166,877.6596767010167,719.384379343685,4.590012483142863,19,0.9204052098408104,0.14790159189580318
140,proxy_clv|deflated_sharpe|policy_full_rerank|ttr72.0_pb0.15-0.85_act0_trl20_hl0.0|churn0.75,20961.8322408244,3455,143.95833333333334,6.0671005038565555,873.4096767010166,873.4096767010167,718.8228670092068,4.575765186964419,19,0.9204052098408104,0.14790159189580318
141,t_stat_baseline|deflated_sharpe|policy_full_rerank|ttr48.0_pb0.15-0.85_act0_trl20_hl0.0|churn0.0,20879.50894524884,3125,130.20833333333334,6.681442862479629,869.9795393853683,869.9795393853684,768.4468530409235,4.115894621911111,19,0.94496,0.10944
142,t_stat_baseline|deflated_sharpe|policy_full_rerank|ttr48.0_pb0.15-0.85_act0_trl20_hl0.0|churn0.75,20779.00894524884,3125,130.20833333333334,6.6492828624796285,865.7920393853683,865.7920393853684,767.6283335196396,4.103837339278698,19,0.94496,0.10944
143,proxy_clv|deflated_sharpe|policy_online_weighting|ttr72.0_pb0.15-0.85_act0_trl20_hl0.0|churn0.0,20773.791141163445,3443,143.45833333333334,6.033630886193275,865.5746308818102,865.5746308818103,1014.8898414961476,3.2366815179356276,19,0.9201277955271565,0.14928841126924194
144,proxy_clv|deflated_sharpe|policy_online_weighting|ttr72.0_pb0.15-0.85_act0_trl20_hl0.0|churn0.75,20700.70838639768,3443,143.45833333333334,6.012404410803857,862.5295160999034,862.5295160999034,1014.3604706084402,3.22611671050629,19,0.9201277955271565,0.14928841126924194
145,eb_shrinkage_skill|none|policy_hybrid_displacement|ttr24.0_pb0.3-0.7_act0_trl0_hl0.0|churn0.0,20008.910995021884,4370,182.08333333333334,4.578698168197228,833.7046247925786,833.7046247925787,1576.320703336781,1.805336793874339,19,0.9803203661327231,0.0471395881006865
146,gu_koenker_npmle|deflated_sharpe|policy_full_rerank|ttr48.0_pb0.3-0.7_act0_trl20_hl0.0|churn0.0,19979.187674666013,3207,133.625,6.229868311401937,832.4661531110838,832.4661531110838,759.3032576371105,3.5560981885867227,21,0.9220455254131587,0.1493607733083879
147,eb_shrinkage_skill|none|policy_hybrid_displacement|ttr24.0_pb0.3-0.7_act0_trl0_hl0.0|churn0.75,19942.910995021884,4370,182.08333333333334,4.563595193368852,830.9546247925786,830.9546247925784,1577.2842797046485,1.7983692320524953,19,0.9803203661327231,0.0471395881006865
148,t_stat_baseline|deflated_sharpe|policy_full_rerank|ttr48.0_pb0.3-0.7_act0_trl20_hl0.0|churn0.0,19883.419746808482,3226,134.41666666666666,6.163490312091904,828.4758227836868,828.4758227836867,755.7399662828535,3.549650740603677,21,0.9172349659020459,0.15530068195908245
149,gu_koenker_npmle|deflated_sharpe|policy_full_rerank|ttr48.0_pb0.3-0.7_act0_trl20_hl0.0|churn0.75,19863.687674666013,3207,133.625,6.193853344142816,827.6536531110838,827.6536531110838,757.254537054989,3.5455259605763705,21,0.9220455254131587,0.1493607733083879
150,t_stat_baseline|deflated_sharpe|policy_full_rerank|ttr48.0_pb0.3-0.7_act0_trl20_hl0.0|churn0.75,19770.169746808482,3226,134.41666666666666,6.128384918415525,823.7570727836868,823.7570727836867,753.8683829100065,3.5387733240827974,21,0.9172349659020459,0.15530068195908245
151,eb_shrinkage_skill|deflated_sharpe|policy_full_rerank|ttr48.0_pb0.3-0.7_act0_trl20_hl0.0|churn0.0,19753.69018575753,3154,131.41666666666666,6.263059665744302,823.0704244065637,823.0704244065636,771.3956422149593,3.4662971496147357,21,0.9191502853519341,0.15282181357006974
152,eb_shrinkage_skill|deflated_sharpe|policy_full_rerank|ttr48.0_pb0.3-0.7_act0_trl20_hl0.0|churn0.75,19641.94018575753,3154,131.41666666666666,6.227628467266179,818.4141744065637,818.4141744065636,769.4648379674878,3.4559327301388856,21,0.9191502853519341,0.15282181357006974
153,t_stat_baseline|deflated_sharpe|policy_full_rerank|ttr72.0_pb0.15-0.85_act0_trl20_hl0.0|churn0.0,19430.691017157318,3437,143.20833333333334,5.653386970368728,809.6121257148883,809.6121257148883,692.932132772736,4.2155504825556465,19,0.9135874308990398,0.15478615071283094
154,t_stat_baseline|deflated_sharpe|policy_full_rerank|ttr72.0_pb0.15-0.85_act0_trl20_hl0.0|churn0.75,19331.691017157318,3437,143.20833333333334,5.624582780668408,805.4871257148883,805.4871257148884,692.179075415522,4.202545577260343,19,0.9135874308990398,0.15478615071283094
155,proxy_clv|deflated_sharpe|policy_full_rerank|ttr48.0_pb0.3-0.7_act0_trl20_hl0.0|churn0.0,19325.984168144554,3276,136.5,5.899262566588692,805.2493403393564,805.2493403393564,794.3082099372411,3.299655718337757,20,0.9181929181929182,0.15293040293040294
156,proxy_clv|deflated_sharpe|policy_full_rerank|ttr48.0_pb0.3-0.7_act0_trl20_hl0.0|churn0.75,19208.234168144554,3276,136.5,5.863319343145468,800.3430903393564,800.3430903393564,792.7326552013856,3.2867601327234937,20,0.9181929181929182,0.15293040293040294
157,t_stat_baseline|none|policy_online_weighting|ttr72.0_pb0.15-0.85_act0_trl20_hl0.0|churn0.0,40025.53310037695,30176,1257.3333333333333,1.3264028731567123,1667.7305458490398,779.9248894161468,4721.482881480603,1.7876214209888348,18,0.9832317073170732,0.06942603393425238
158,eb_shrinkage_skill|deflated_sharpe|policy_full_rerank|ttr48.0_pb0.15-0.85_act0_trl20_hl0.0|churn0.0,18687.24688637661,2883,120.125,6.481875437522238,778.6352869323588,778.6352869323588,759.2677370870031,3.5593568822815533,19,0.9469302809573361,0.10995490808185918
159,t_stat_baseline|none|policy_online_weighting|ttr72.0_pb0.15-0.85_act0_trl20_hl0.0|churn0.75,39863.99754364844,30176,1257.3333333333333,1.321049759532358,1660.9998976520183,776.7772586050265,4718.460578686285,1.7818238407205265,18,0.9832317073170732,0.06942603393425238
160,gu_koenker_npmle|deflated_sharpe|policy_full_rerank|ttr48.0_pb0.15-0.85_act0_trl20_hl0.0|churn0.0,18587.06546886256,3012,125.5,6.171004471733917,774.4610612026066,774.4610612026065,743.6273177665805,3.619214595868214,19,0.9409030544488711,0.11586985391766268
161,eb_shrinkage_skill|deflated_sharpe|policy_full_rerank|ttr48.0_pb0.15-0.85_act0_trl20_hl0.0|churn0.75,18585.99688637661,2883,120.125,6.446755770508711,774.4165369323588,774.4165369323589,758.0158984497178,3.5479534617830457,19,0.9469302809573361,0.10995490808185918
162,gu_koenker_npmle|deflated_sharpe|policy_full_rerank|ttr48.0_pb0.15-0.85_act0_trl20_hl0.0|churn0.75,18484.31546886256,3012,125.5,6.136890925917184,770.1798112026066,770.1798112026066,742.4695457759267,3.60695271448855,19,0.9409030544488711,0.11586985391766268
163,t_stat_baseline|deflated_sharpe|policy_online_weighting|ttr72.0_pb0.3-0.7_act0_trl20_hl0.0|churn0.0,18353.50564750439,3911,162.95833333333334,4.692791011890665,764.7294019793495,764.7294019793496,1208.8351395214945,2.513361129449135,21,0.9312196369215034,0.1375607261569931
164,t_stat_baseline|deflated_sharpe|policy_online_weighting|ttr72.0_pb0.3-0.7_act0_trl20_hl0.0|churn0.75,18266.603113669473,3911,162.95833333333334,4.670570982784319,761.1084630695614,761.1084630695614,1206.6674009670357,2.5095904916932823,21,0.9312196369215034,0.1375607261569931
165,t_stat_baseline|none|policy_hybrid_displacement|ttr72.0_pb0.15-0.85_act0_trl20_hl0.0|churn0.0,18107.31085719812,9761,406.7083333333333,1.8550671915990289,754.4712857165883,754.4712857165883,764.0935687372813,3.521077339623087,20,0.9353549841204795,0.16740088105726872
166,t_stat_baseline|none|policy_hybrid_displacement|ttr72.0_pb0.15-0.85_act0_trl20_hl0.0|churn0.75,18082.56085719812,9761,406.7083333333333,1.8525315907384614,753.4400357165883,753.4400357165883,763.2194375640236,3.522599049725064,20,0.9353549841204795,0.16740088105726872
167,gu_koenker_npmle|deflated_sharpe|policy_full_rerank|ttr72.0_pb0.15-0.85_act0_trl20_hl0.0|churn0.0,17758.65395367809,3212,133.83333333333334,5.528846187321946,739.9439147365871,739.9439147365872,705.1923384616139,3.8475189441730193,19,0.916562889165629,0.15130759651307596
168,t_stat_baseline|none|policy_knockout_backfill|ttr72.0_pb0.15-0.85_act0_trl20_hl0.0|churn0.0,17734.48488718501,8870,369.5833333333333,1.9993782285439698,738.9368702993755,738.9368702993755,755.9510644740728,3.395292898000175,21,0.9381059751972942,0.16989853438556934
169,eb_shrinkage_skill|none|policy_full_rerank|ttr24.0_pb0.3-0.7_act0_trl0_hl0.0|churn0.0,17727.307604916943,2613,108.875,6.784273863343644,738.6378168715393,738.6378168715393,1528.5849313006638,1.6827529769358496,16,0.9927286643704554,0.016838882510524303
170,t_stat_baseline|none|policy_knockout_backfill|ttr72.0_pb0.15-0.85_act0_trl20_hl0.0|churn0.75,17715.73488718501,8870,369.5833333333333,1.9972643615766643,738.1556202993755,738.1556202993755,755.361995640571,3.3955570628445657,21,0.9381059751972942,0.16989853438556934
171,t_stat_baseline|deflated_sharpe|policy_online_weighting|ttr48.0_pb0.3-0.7_act0_trl20_hl0.0|churn0.0,17687.52045432982,3269,136.20833333333334,5.410682304781224,736.9800189304092,736.9800189304092,1622.0993976312484,1.8903911295594285,20,0.9180177424288773,0.15325787702661364
172,gu_koenker_npmle|deflated_sharpe|policy_full_rerank|ttr72.0_pb0.15-0.85_act0_trl20_hl0.0|churn0.75,17654.40395367809,3212,133.83333333333334,5.496389773872382,735.6001647365871,735.6001647365872,704.1624365182798,3.833703932668947,19,0.916562889165629,0.15130759651307596
173,t_stat_baseline|deflated_sharpe|policy_online_weighting|ttr48.0_pb0.3-0.7_act0_trl20_hl0.0|churn0.75,17619.755800149323,3269,136.20833333333334,5.38995282965718,734.1564916728885,734.1564916728885,1619.646814630161,1.888306901197658,20,0.9180177424288773,0.15325787702661364
174,eb_shrinkage_skill|none|policy_full_rerank|ttr24.0_pb0.3-0.7_act0_trl0_hl0.0|churn0.75,17602.057604916943,2613,108.875,6.7363404534699365,733.4190668715393,733.4190668715394,1529.5624827608058,1.6699957656734663,16,0.9927286643704554,0.016838882510524303
175,eb_shrinkage_skill|deflated_sharpe|policy_full_rerank|ttr72.0_pb0.15-0.85_act0_trl20_hl0.0|churn0.0,17527.448819425954,3171,132.125,5.52741999981897,730.3103674760814,730.3103674760814,698.317183947625,3.807226514917088,19,0.9183222958057395,0.15011037527593818
176,t_stat_baseline|none|policy_hybrid_displacement|ttr48.0_pb0.15-0.85_act0_trl20_hl0.0|churn0.0,17446.019593514266,8061,335.875,2.164250042614349,726.9174830630944,726.9174830630944,927.2515606762108,2.985818988779009,20,0.9651408013894058,0.0971343505768515
177,eb_shrinkage_skill|deflated_sharpe|policy_full_rerank|ttr72.0_pb0.15-0.85_act0_trl20_hl0.0|churn0.75,17421.698819425954,3171,132.125,5.494070898589074,725.9041174760814,725.9041174760814,697.2161962473982,3.7934761820621916,19,0.9183222958057395,0.15011037527593818
178,t_stat_baseline|none|policy_hybrid_displacement|ttr48.0_pb0.15-0.85_act0_trl20_hl0.0|churn0.75,17419.769593514266,8061,335.875,2.1609936228153166,725.8237330630944,725.8237330630944,927.2976028641614,2.982637312044038,20,0.9651408013894058,0.0971343505768515
179,proxy_clv|none|policy_online_weighting|ttr72.0_pb0.3-0.7_act0_trl20_hl0.0|churn0.0,55299.09518004909,47190,1966.25,1.17183927060922,2304.1289658353785,689.0414911182213,8243.87519858698,1.5561399894952848,19,0.9709048527230346,0.0770714134350498
180,proxy_clv|none|policy_online_weighting|ttr72.0_pb0.3-0.7_act0_trl20_hl0.0|churn0.75,55220.224256709,47190,1966.25,1.1701679223714558,2300.842677362875,688.058738354416,8240.476679934256,1.5548166427605563,19,0.9709048527230346,0.0770714134350498
181,gu_koenker_npmle|none|policy_full_rerank|ttr72.0_pb0.15-0.85_act0_trl0_hl0.0|churn0.0,64890.90787154903,56099,2337.4583333333335,1.1567212939900717,2703.78782798121,680.1521208661621,5617.963298647018,1.8287354787440586,18,0.9988056828107452,0.01183621811440489
182,gu_koenker_npmle|none|policy_full_rerank|ttr24.0_pb0.3-0.7_act0_trl0_hl0.0|churn0.0,16297.785614437997,2745,114.375,5.937262518920946,679.0744006015832,679.0744006015832,1870.7092301468995,1.3829632992579775,15,0.9923497267759563,0.01493624772313297
183,gu_koenker_npmle|none|policy_full_rerank|ttr72.0_pb0.15-0.85_act0_trl0_hl0.0|churn0.75,64767.15787154903,56099,2337.4583333333335,1.1545153723158885,2698.63157798121,678.8550389217424,5618.289635834681,1.825130413319937,18,0.9988056828107452,0.01183621811440489
184,eb_shrinkage_skill|deflated_sharpe|policy_online_weighting|ttr72.0_pb0.15-0.85_act0_trl20_hl0.0|churn0.0,16216.154863686132,3162,131.75,5.1284487234934,675.6731193202555,675.6731193202554,784.8695280833035,3.5825127613457544,18,0.9184060721062618,0.1495888678051866
185,gu_koenker_npmle|none|policy_full_rerank|ttr24.0_pb0.3-0.7_act0_trl0_hl0.0|churn0.75,16175.535614437997,2745,114.375,5.892726999795263,673.9806506015832,673.9806506015832,1871.1700309469386,1.3720594481886852,14,0.9923497267759563,0.01493624772313297
186,eb_shrinkage_skill|deflated_sharpe|policy_online_weighting|ttr48.0_pb0.15-0.85_act0_trl20_hl0.0|churn0.0,16112.620067764929,2883,120.125,5.588838039460606,671.3591694902053,671.3591694902053,933.5113085869457,2.8399154000509097,17,0.9469302809573361,0.10995490808185918
187,eb_shrinkage_skill|deflated_sharpe|policy_online_weighting|ttr72.0_pb0.15-0.85_act0_trl20_hl0.0|churn0.75,16110.60635837446,3162,131.75,5.095068424533352,671.2752649322691,671.2752649322691,783.9400748726255,3.56735349589648,18,0.9184060721062618,0.1495888678051866
188,eb_shrinkage_skill|deflated_sharpe|policy_online_weighting|ttr48.0_pb0.15-0.85_act0_trl20_hl0.0|churn0.75,15998.744587867244,2883,120.125,5.54933908701604,666.6143578278019,666.6143578278019,932.3996091492539,2.8251633343467955,17,0.9469302809573361,0.10995490808185918
189,gu_koenker_npmle|none|policy_full_rerank|ttr48.0_pb0.15-0.85_act0_trl0_hl0.0|churn0.0,64969.89137274416,57855,2410.625,1.1229779858740672,2707.0788071976735,660.3110556939515,5960.554908262237,1.7898672355479783,15,0.9992221934145709,0.0041655863797424595
190,gu_koenker_npmle|deflated_sharpe|policy_online_weighting|ttr24.0_pb0.3-0.7_act0_trl20_hl0.0|churn0.0,15827.134159141771,1947,81.125,8.128985187027103,659.4639232975738,659.4639232975737,878.1352036509611,2.7436110371020357,21,0.9537750385208013,0.12788906009244994
191,gu_koenker_npmle|none|policy_full_rerank|ttr48.0_pb0.15-0.85_act0_trl0_hl0.0|churn0.75,64847.64137274416,57855,2410.625,1.1208649446503183,2701.9850571976735,659.0685874543872,5960.547031602946,1.7865356165653594,15,0.9992221934145709,0.0041655863797424595
192,gu_koenker_npmle|none|policy_full_rerank|ttr24.0_pb0.15-0.85_act0_trl0_hl0.0|churn0.0,63296.754838932,56901,2370.875,1.1124014488134129,2637.3647849555,654.0920519022868,5944.467567403197,1.7464960984803186,16,0.999789107397058,0.0027591782218238693
193,gu_koenker_npmle|deflated_sharpe|policy_online_weighting|ttr24.0_pb0.3-0.7_act0_trl20_hl0.0|churn0.75,15695.330730426605,1947,81.125,8.061289537969495,653.9721137677752,653.9721137677753,876.5557043049278,2.7275243716298614,21,0.9537750385208013,0.12788906009244994
194,t_stat_baseline|none|policy_online_weighting|ttr48.0_pb0.3-0.7_act0_trl20_hl0.0|churn0.0,25043.118192240792,22537,939.0416666666666,1.111200168267329,1043.463258010033,653.3856989411894,3684.5347002331746,1.4055676527146848,18,0.9853574122554022,0.03744952744375915
195,gu_koenker_npmle|none|policy_full_rerank|ttr24.0_pb0.15-0.85_act0_trl0_hl0.0|churn0.75,63173.004838932,56901,2370.875,1.1102266188455738,2632.2085349555,652.8132518811974,5944.450666222449,1.7430337043485513,15,0.999789107397058,0.0027591782218238693
196,t_stat_baseline|none|policy_online_weighting|ttr48.0_pb0.3-0.7_act0_trl20_hl0.0|churn0.75,24951.762607339202,22537,939.0416666666666,1.1071465859404181,1039.6567753058,651.0021925329659,3683.7708863444013,1.4006672695889828,18,0.9853574122554022,0.03744952744375915
197,t_stat_baseline|none|policy_online_weighting|ttr72.0_pb0.3-0.7_act0_trl20_hl0.0|churn0.0,22971.57102942932,21343,889.2916666666666,1.07630469144119,957.1487928928883,632.8671585674198,2162.6125118141813,1.8762623427143583,20,0.9814459073232441,0.05360071217729467
198,t_stat_baseline|none|policy_online_weighting|ttr72.0_pb0.3-0.7_act0_trl20_hl0.0|churn0.75,22882.41129356913,21343,889.2916666666666,1.0721272217387026,953.4338038987138,630.4108063823571,2162.1025933695273,1.8703217113092458,20,0.9814459073232441,0.05360071217729467
199,gu_koenker_npmle|deflated_sharpe|policy_online_weighting|ttr24.0_pb0.15-0.85_act0_trl20_hl0.0|churn0.0,14723.985025062319,1392,58.0,10.577575449039022,613.4993760442633,613.4993760442633,923.9340914738218,3.1510107793091184,17,0.9274425287356323,0.15158045977011494
200,gu_koenker_npmle|deflated_sharpe|policy_online_weighting|ttr24.0_pb0.15-0.85_act0_trl20_hl0.0|churn0.75,14598.312387402188,1392,58.0,10.487293381754444,608.2630161417578,608.2630161417578,923.3553781840227,3.1299157179330996,17,0.9274425287356323,0.15158045977011494
201,eb_shrinkage_skill|none|policy_hybrid_displacement|ttr48.0_pb0.3-0.7_act0_trl0_hl0.0|churn0.0,14238.120534869551,4120,171.66666666666666,3.4558544987547455,593.2550222862313,593.2550222862312,1285.3025286967063,1.7368675485489413,17,0.9713592233009708,0.07184466019417475
202,eb_shrinkage_skill|none|policy_hybrid_displacement|ttr48.0_pb0.3-0.7_act0_trl0_hl0.0|churn0.75,14178.870534869551,4120,171.66666666666666,3.4414734307935806,590.7862722862313,590.7862722862313,1285.9432919231238,1.728650483898054,17,0.9713592233009708,0.07184466019417475
203,gu_koenker_npmle|none|policy_hybrid_displacement|ttr48.0_pb0.3-0.7_act0_trl0_hl0.0|churn0.0,13824.024010186093,3828,159.5,3.6112915387111006,576.0010004244206,576.0010004244206,1315.0885896666014,1.6490477355005766,16,0.9780564263322884,0.05851619644723093
204,gu_koenker_npmle|none|policy_hybrid_displacement|ttr48.0_pb0.3-0.7_act0_trl0_hl0.0|churn0.75,13762.524010186093,3828,159.5,3.5952257079900973,573.4385004244206,573.4385004244206,1315.8723897271523,1.6408892273448588,16,0.9780564263322884,0.05851619644723093
205,eb_shrinkage_skill|none|policy_hybrid_displacement|ttr72.0_pb0.3-0.7_act0_trl0_hl0.0|churn0.0,13720.343241776149,3738,155.75,3.6705038099989697,571.6809684073395,571.6809684073395,1317.9099432074906,1.62114154782204,16,0.9678972712680577,0.07998929909042268
206,eb_shrinkage_skill|none|policy_hybrid_displacement|ttr72.0_pb0.3-0.7_act0_trl0_hl0.0|churn0.75,13658.093241776149,3738,155.75,3.6538505194692745,569.0872184073395,569.0872184073395,1318.6099764752082,1.6128599017067842,16,0.9678972712680577,0.07998929909042268
207,gu_koenker_npmle|none|policy_hybrid_displacement|ttr72.0_pb0.3-0.7_act0_trl0_hl0.0|churn0.0,13411.002046437536,3399,141.625,3.9455728291960974,558.7917519348973,558.7917519348973,1349.3641931636055,1.5488591846518984,14,0.9749926448955575,0.06413651073845249
208,gu_koenker_npmle|none|policy_hybrid_displacement|ttr72.0_pb0.3-0.7_act0_trl0_hl0.0|churn0.75,13342.752046437536,3399,141.625,3.925493394068119,555.9480019348973,555.9480019348973,1350.2848284412478,1.5401358480614575,14,0.9749926448955575,0.06413651073845249
209,gu_koenker_npmle|none|policy_full_rerank|ttr72.0_pb0.3-0.7_act0_trl0_hl0.0|churn0.0,13201.112142965001,1979,82.45833333333333,6.670597343590198,550.0463392902084,550.0463392902084,1230.1107315561655,1.6193344082058094,16,0.9701869631126832,0.046488125315816066
210,gu_koenker_npmle|none|policy_full_rerank|ttr72.0_pb0.3-0.7_act0_trl0_hl0.0|churn0.75,13065.362142965001,1979,82.45833333333333,6.602002093463871,544.3900892902084,544.3900892902084,1231.4283643287974,1.6017876869191545,16,0.9701869631126832,0.046488125315816066
211,eb_shrinkage_skill|none|policy_full_rerank|ttr72.0_pb0.3-0.7_act0_trl0_hl0.0|churn0.0,12762.89825364159,2005,83.54166666666667,6.365535288599297,531.7874272350663,531.7874272350663,1247.3243072733349,1.5414863624461959,17,0.970074812967581,0.04887780548628429
212,gu_koenker_npmle|none|policy_full_rerank|ttr48.0_pb0.3-0.7_act0_trl0_hl0.0|churn0.0,12755.344928844308,1956,81.5,6.521137489184206,531.4727053685128,531.4727053685128,1239.6293673855723,1.5533636488325038,15,0.979038854805726,0.03885480572597137
213,eb_shrinkage_skill|deflated_sharpe|policy_online_weighting|ttr24.0_pb0.3-0.7_act0_trl20_hl0.0|churn0.0,12668.031351312218,1920,80.0,6.597932995475114,527.8346396380091,527.8346396380091,648.6810083237189,3.2387016082307647,20,0.9552083333333333,0.12760416666666666
214,eb_shrinkage_skill|none|policy_full_rerank|ttr72.0_pb0.3-0.7_act0_trl0_hl0.0|churn0.75,12639.14825364159,2005,83.54166666666667,6.303814590344932,526.6311772350663,526.6311772350663,1247.7063437006502,1.526215672281461,17,0.970074812967581,0.04887780548628429
215,gu_koenker_npmle|none|policy_full_rerank|ttr48.0_pb0.3-0.7_act0_trl0_hl0.0|churn0.75,12618.844928844308,1956,81.5,6.451352213110587,525.7852053685128,525.7852053685128,1240.8599978185875,1.5358767194113656,14,0.979038854805726,0.03885480572597137
216,eb_shrinkage_skill|deflated_sharpe|policy_online_weighting|ttr24.0_pb0.3-0.7_act0_trl20_hl0.0|churn0.75,12548.90915146506,1920,80.0,6.535890183054719,522.8712146443776,522.8712146443776,647.1140524014606,3.219305875944022,20,0.9552083333333333,0.12760416666666666
217,eb_shrinkage_skill|none|policy_full_rerank|ttr48.0_pb0.3-0.7_act0_trl0_hl0.0|churn0.0,12438.54301384998,1970,82.08333333333333,6.313981225304558,518.2726255770825,518.2726255770824,1247.467168830927,1.5032983044813282,15,0.9786802030456853,0.04060913705583756
218,eb_shrinkage_skill|none|policy_full_rerank|ttr48.0_pb0.3-0.7_act0_trl0_hl0.0|churn0.75,12311.79301384998,1970,82.08333333333333,6.249641123781715,512.9913755770825,512.9913755770824,1247.9460904110201,1.4874402987562299,14,0.9786802030456853,0.04060913705583756
219,proxy_clv|deflated_sharpe|policy_full_rerank|ttr24.0_pb0.15-0.85_act0_trl20_hl0.0|churn0.0,12295.079520937375,1470,61.25,8.363999674107058,512.2949800390574,512.2949800390574,570.4830803044194,3.953200239615463,19,0.9360544217687075,0.1414965986394558
220,proxy_clv|deflated_sharpe|policy_full_rerank|ttr24.0_pb0.15-0.85_act0_trl20_hl0.0|churn0.75,12200.579520937375,1470,61.25,8.299713959821345,508.3574800390573,508.35748003905735,569.3885041572681,3.9379020825542086,19,0.9360544217687075,0.1414965986394558
221,eb_shrinkage_skill|deflated_sharpe|policy_full_rerank|ttr24.0_pb0.15-0.85_act0_trl20_hl0.0|churn0.0,11860.124148467403,1324,55.166666666666664,8.95779769521707,494.1718395194751,494.17183951947504,557.5443664989809,3.6550187058301993,20,0.9237160120845921,0.15861027190332327
222,t_stat_baseline|none|policy_hybrid_displacement|ttr72.0_pb0.3-0.7_act0_trl20_hl0.0|churn0.0,11830.281792165582,12196,508.1666666666667,0.9700132660024255,492.92840800689925,492.92840800689925,807.1525242064166,2.4211612635174324,16,0.974417841915382,0.08724171859626106
223,t_stat_baseline|none|policy_hybrid_displacement|ttr72.0_pb0.3-0.7_act0_trl20_hl0.0|churn0.75,11801.781792165582,12196,508.1666666666667,0.9676764342543115,491.74090800689925,491.7409080068993,806.3407994933159,2.418532173806626,16,0.974417841915382,0.08724171859626106
224,eb_shrinkage_skill|deflated_sharpe|policy_full_rerank|ttr24.0_pb0.15-0.85_act0_trl20_hl0.0|churn0.75,11759.624148467403,1324,55.166666666666664,8.881891350806196,489.9843395194751,489.98433951947516,556.3993072157472,3.6374759024121945,20,0.9237160120845921,0.15861027190332327
225,t_stat_baseline|deflated_sharpe|policy_full_rerank|ttr24.0_pb0.15-0.85_act0_trl20_hl0.0|churn0.0,11670.393916975281,1382,57.583333333333336,8.444568680879364,486.2664132073034,486.2664132073034,546.3042623948228,3.761021726100904,20,0.9298118668596237,0.14978292329956586
226,gu_koenker_npmle|deflated_sharpe|policy_full_rerank|ttr24.0_pb0.15-0.85_act0_trl20_hl0.0|churn0.0,11655.575648625736,1349,56.208333333333336,8.640159858136201,485.6489853594057,485.64898535940563,555.7129531783906,3.6948246096490385,20,0.9251297257227576,0.15715344699777614
227,gu_koenker_npmle|none|policy_hybrid_displacement|ttr72.0_pb0.15-0.85_act0_trl0_hl0.0|churn0.0,37671.28357540195,45871,1911.2916666666667,0.8212440011205762,1569.6368156417477,482.8914726588988,3105.6050348696817,1.9083373935846855,19,0.997776372871749,0.01702600771729415
228,t_stat_baseline|deflated_sharpe|policy_full_rerank|ttr24.0_pb0.15-0.85_act0_trl20_hl0.0|churn0.75,11577.393916975281,1382,57.583333333333336,8.377274903744777,482.3914132073034,482.3914132073034,545.2420889159349,3.7445993852377994,20,0.9298118668596237,0.14978292329956586
229,gu_koenker_npmle|none|policy_hybrid_displacement|ttr72.0_pb0.15-0.85_act0_trl0_hl0.0|churn0.75,37614.28357540195,45871,1911.2916666666667,0.8200013859606712,1567.2618156417477,482.16081494487463,3106.0877026152557,1.9050430309134474,19,0.997776372871749,0.01702600771729415
230,gu_koenker_npmle|deflated_sharpe|policy_full_rerank|ttr24.0_pb0.15-0.85_act0_trl20_hl0.0|churn0.75,11557.325648625736,1349,56.208333333333336,8.567328130930864,481.5552353594057,481.5552353594057,554.5811140009216,3.6775810772458204,20,0.9251297257227576,0.15715344699777614
231,t_stat_baseline|none|policy_hybrid_displacement|ttr24.0_pb0.15-0.85_act0_trl20_hl0.0|churn0.0,11506.498109844913,7874,328.0833333333333,1.4613281826066693,479.43742124353804,479.43742124353804,997.5590116056877,1.8144737151175716,15,0.9805689611379222,0.07112014224028448
232,t_stat_baseline|none|policy_hybrid_displacement|ttr24.0_pb0.15-0.85_act0_trl20_hl0.0|churn0.75,11480.248109844913,7874,328.0833333333333,1.457994425939156,478.34367124353804,478.34367124353804,997.4436072025098,1.811114857955947,15,0.9805689611379222,0.07112014224028448
233,proxy_clv|deflated_sharpe|policy_hybrid_displacement|ttr72.0_pb0.15-0.85_act0_trl20_hl0.0|churn0.0,11190.554553582588,3044,126.83333333333333,3.6762662791007186,466.27310639927447,466.27310639927447,725.8876266939199,2.228330096217332,18,0.9300262812089355,0.15013140604467806
234,proxy_clv|deflated_sharpe|policy_hybrid_displacement|ttr72.0_pb0.15-0.85_act0_trl20_hl0.0|churn0.75,11165.804553582588,3044,126.83333333333333,3.668135530086264,465.24185639927447,465.24185639927447,726.6535357974424,2.220880667343466,18,0.9300262812089355,0.15013140604467806
235,proxy_clv|deflated_sharpe|policy_full_rerank|ttr24.0_pb0.3-0.7_act0_trl20_hl0.0|churn0.0,11046.724021266873,2026,84.41666666666667,5.452479773576936,460.2801675527864,460.2801675527864,521.1535523181335,3.97018121558237,20,0.930898321816387,0.14807502467917077
236,gu_koenker_npmle|deflated_sharpe|policy_full_rerank|ttr24.0_pb0.3-0.7_act0_trl20_hl0.0|churn0.0,10923.624117288191,1930,80.41666666666667,5.659908869061239,455.15100488700796,455.15100488700796,507.554714544064,4.095567468513465,20,0.9554404145077721,0.12694300518134716
237,proxy_clv|deflated_sharpe|policy_full_rerank|ttr24.0_pb0.3-0.7_act0_trl20_hl0.0|churn0.75,10921.474021266873,2026,84.41666666666667,5.390658450773382,455.0614175527864,455.0614175527864,519.8692980870213,3.9426405292151663,20,0.930898321816387,0.14807502467917077
238,t_stat_baseline|none|policy_knockout_backfill|ttr48.0_pb0.15-0.85_act0_trl20_hl0.0|churn0.0,10836.53977389937,7468,311.1666666666667,1.4510631727235366,451.5224905791404,451.5224905791405,615.259339926562,2.887696563430927,19,0.9566148901981789,0.10899839314408141
239,t_stat_baseline|none|policy_knockout_backfill|ttr48.0_pb0.15-0.85_act0_trl20_hl0.0|churn0.75,10817.78977389937,7468,311.1666666666667,1.448552460350746,450.7412405791404,450.7412405791405,615.4800926646765,2.8856956726202996,19,0.9566148901981789,0.10899839314408141
240,gu_koenker_npmle|deflated_sharpe|policy_full_rerank|ttr24.0_pb0.3-0.7_act0_trl20_hl0.0|churn0.75,10802.874117288191,1930,80.41666666666667,5.597344102221861,450.11975488700796,450.119754887008,505.98577091762,4.071737684020488,20,0.9554404145077721,0.12694300518134716
241,t_stat_baseline|deflated_sharpe|policy_full_rerank|ttr24.0_pb0.3-0.7_act0_trl20_hl0.0|churn0.0,10777.232809226678,1882,78.41666666666667,5.726478644647544,449.0513670511116,449.05136705111164,501.54187186538667,4.16810130743385,20,0.9521785334750267,0.13177470775770456
242,t_stat_baseline|deflated_sharpe|policy_full_rerank|ttr24.0_pb0.3-0.7_act0_trl20_hl0.0|churn0.75,10660.232809226678,1882,78.41666666666667,5.664310738165079,444.1763670511116,444.17636705111164,500.18922990076584,4.143027328748735,20,0.9521785334750267,0.13177470775770456
243,eb_shrinkage_skill|deflated_sharpe|policy_full_rerank|ttr24.0_pb0.3-0.7_act0_trl20_hl0.0|churn0.0,10626.771170196062,1892,78.83333333333333,5.616686665008489,442.78213209150255,442.7821320915025,503.0653006169922,3.9858007966174154,20,0.9545454545454546,0.12896405919661733
244,eb_shrinkage_skill|deflated_sharpe|policy_full_rerank|ttr24.0_pb0.3-0.7_act0_trl20_hl0.0|churn0.75,10506.021170196062,1892,78.83333333333333,5.55286531194295,437.75088209150255,437.75088209150255,501.5291208625444,3.9610966926103366,20,0.9545454545454546,0.12896405919661733
245,gu_koenker_npmle|none|policy_hybrid_displacement|ttr48.0_pb0.15-0.85_act0_trl0_hl0.0|churn0.0,35516.406978505765,50919,2121.625,0.6975079435673475,1479.8502907710736,410.1346708176003,3001.1615767792773,1.9765221822131422,17,0.9982128478563994,0.0075021111962135945
246,gu_koenker_npmle|none|policy_hybrid_displacement|ttr48.0_pb0.15-0.85_act0_trl0_hl0.0|churn0.75,35462.406978505765,50919,2121.625,0.6964474357019141,1477.6002907710736,409.5110921927255,3001.873738202073,1.9728650512010788,17,0.9982128478563994,0.0075021111962135945
247,proxy_clv|none|policy_online_weighting|ttr24.0_pb0.3-0.7_act0_trl20_hl0.0|churn0.0,31077.142359479007,46127,1921.9583333333333,0.6737299707216816,1294.8809316449585,396.15322278434877,8610.058818695636,0.7455224750370036,12,0.9836755045851671,0.03757018665857307
248,gu_koenker_npmle|none|policy_hybrid_displacement|ttr24.0_pb0.15-0.85_act0_trl0_hl0.0|churn0.0,34675.439345388695,51564,2148.5,0.6724738062483263,1444.809972724529,395.4145980740159,2980.3622150520423,1.9196047967416399,17,0.9990109378636257,0.00589558606779924
249,proxy_clv|none|policy_online_weighting|ttr24.0_pb0.3-0.7_act0_trl20_hl0.0|churn0.75,30973.034073532803,46127,1921.9583333333333,0.6714729783756326,1290.5430863972,394.82611128487196,8607.614402936524,0.7435602176084051,12,0.9836755045851671,0.03757018665857307
250,gu_koenker_npmle|none|policy_hybrid_displacement|ttr24.0_pb0.15-0.85_act0_trl0_hl0.0|churn0.75,34620.689345388695,51564,2148.5,0.6714120189548657,1442.528722724529,394.79026714546103,2980.9654499074713,1.9159737859504997,17,0.9990109378636257,0.00589558606779924
251,proxy_clv|none|policy_hybrid_displacement|ttr24.0_pb0.15-0.85_act0_trl20_hl0.0|churn0.0,18325.105305882098,28059,1169.125,0.6530918887302505,763.5460544117541,384.0180305733873,1349.586514616413,2.6532575895565897,17,0.9716312056737589,0.08606864107772907
252,proxy_clv|none|policy_hybrid_displacement|ttr24.0_pb0.15-0.85_act0_trl20_hl0.0|churn0.75,18297.355305882098,28059,1169.125,0.6521029012396058,762.3898044117541,383.4365059288882,1350.2972562823036,2.6496096453247557,17,0.9716312056737589,0.08606864107772907
253,eb_shrinkage_skill|deflated_sharpe|policy_online_weighting|ttr24.0_pb0.15-0.85_act0_trl20_hl0.0|churn0.0,8890.389172419615,1324,55.166666666666664,6.714795447446839,370.4328821841506,370.4328821841506,726.8690828284507,2.7230797372701114,19,0.9237160120845921,0.15861027190332327
254,proxy_clv|deflated_sharpe|policy_hybrid_displacement|ttr48.0_pb0.15-0.85_act0_trl20_hl0.0|churn0.0,8845.914336433207,3869,161.20833333333334,2.286356768269115,368.5797640180503,368.5797640180503,560.998336724424,2.5811813919768754,19,0.9477901266477126,0.11269061773067976
255,proxy_clv|deflated_sharpe|policy_hybrid_displacement|ttr48.0_pb0.15-0.85_act0_trl20_hl0.0|churn0.75,8820.414336433207,3869,161.20833333333334,2.2797659179201877,367.5172640180503,367.5172640180503,561.47925567568,2.5710513804617747,19,0.9477901266477126,0.11269061773067976
256,t_stat_baseline|none|policy_online_weighting|ttr48.0_pb0.15-0.85_act0_trl0_hl0.0|churn0.0,8784.70653273844,362,15.083333333333334,24.26714511806199,366.0294388641017,366.0294388641017,924.8784534094865,1.6258964573997552,14,0.9834254143646409,0.11878453038674033
257,eb_shrinkage_skill|deflated_sharpe|policy_online_weighting|ttr24.0_pb0.15-0.85_act0_trl20_hl0.0|churn0.75,8779.796787440475,1324,55.166666666666664,6.631266455770751,365.8248661433531,365.82486614335306,726.1936181844954,2.6970117397921527,19,0.9237160120845921,0.15861027190332327
258,t_stat_baseline|none|policy_online_weighting|ttr48.0_pb0.15-0.85_act0_trl0_hl0.0|churn0.75,8672.20653273844,362,15.083333333333334,23.95637163739901,361.3419388641017,361.34193886410173,923.6940660453589,1.6123910650244409,14,0.9834254143646409,0.11878453038674033
259,proxy_clv|none|policy_hybrid_displacement|ttr72.0_pb0.15-0.85_act0_trl20_hl0.0|churn0.0,16386.95259758559,27106,1129.4166666666667,0.6045507488226072,682.7896915660663,355.47584030769303,1125.2463732982978,3.5844835084142495,16,0.958902088098576,0.14247768021840182
260,proxy_clv|none|policy_hybrid_displacement|ttr72.0_pb0.15-0.85_act0_trl20_hl0.0|churn0.75,16362.20259758559,27106,1129.4166666666667,0.6036376668481366,681.7584415660663,354.9389481067043,1126.3271055279242,3.5759724321546793,16,0.958902088098576,0.14247768021840182
261,proxy_clv|none|policy_knockout_backfill|ttr72.0_pb0.15-0.85_act0_trl20_hl0.0|churn0.0,13077.689516898508,23259,969.125,0.5622636191108177,544.9037298707711,330.6110080371608,1142.3537593247943,3.0463435378313246,17,0.9610043424050905,0.1502214196655058
262,proxy_clv|none|policy_knockout_backfill|ttr72.0_pb0.15-0.85_act0_trl20_hl0.0|churn0.75,13058.939516898508,23259,969.125,0.5614574795519373,544.1224798707711,330.1369979765391,1143.4989488025087,3.038110112891733,17,0.9610043424050905,0.1502214196655058
263,t_stat_baseline|none|policy_online_weighting|ttr72.0_pb0.15-0.85_act0_trl0_hl0.0|churn0.0,7816.574033539842,373,15.541666666666666,20.955962556407083,325.69058473082674,325.69058473082674,946.468119814664,1.4444032730744891,13,0.9839142091152815,0.1260053619302949
264,t_stat_baseline|none|policy_online_weighting|ttr72.0_pb0.15-0.85_act0_trl0_hl0.0|churn0.75,7685.324033539842,373,15.541666666666666,20.604085880803865,320.22183473082674,320.22183473082674,945.9194913087658,1.4258556407127192,13,0.9839142091152815,0.1260053619302949
265,t_stat_baseline|none|policy_knockout_backfill|ttr24.0_pb0.15-0.85_act0_trl20_hl0.0|churn0.0,6669.08850998348,7305,304.375,0.9129484613255963,277.87868791597833,277.8786879159784,698.9453750676662,1.8323375212164257,15,0.9802874743326488,0.07063655030800821
266,t_stat_baseline|none|policy_knockout_backfill|ttr24.0_pb0.15-0.85_act0_trl20_hl0.0|churn0.75,6650.33850998348,7305,304.375,0.9103817262126599,277.09743791597833,277.09743791597833,698.9331433000285,1.8295483301361628,15,0.9802874743326488,0.07063655030800821
267,proxy_clv|none|policy_online_weighting|ttr72.0_pb0.15-0.85_act0_trl0_hl0.0|churn0.0,6379.164408424001,399,16.625,15.98788072286717,265.7985170176667,265.7985170176667,865.0162514105061,1.3762230186319164,14,0.9899749373433584,0.09774436090225563
268,proxy_clv|none|policy_online_weighting|ttr48.0_pb0.15-0.85_act0_trl0_hl0.0|churn0.0,6379.164408424001,388,16.166666666666668,16.441145382536085,265.7985170176667,265.7985170176667,865.0162514105061,1.3762230186319164,14,0.9845360824742269,0.0979381443298969
269,t_stat_baseline|none|policy_online_weighting|ttr24.0_pb0.15-0.85_act0_trl0_hl0.0|churn0.0,6345.788899946494,311,12.958333333333334,20.40446591622667,264.40787083110393,264.40787083110393,821.193816999732,1.602981802712939,15,0.977491961414791,0.1189710610932476
270,proxy_clv|none|policy_online_weighting|ttr48.0_pb0.15-0.85_act0_trl0_hl0.0|churn0.75,6285.414408424001,388,16.166666666666668,16.19952167119588,261.8922670176667,261.8922670176667,863.2676154460481,1.3623367935243524,14,0.9845360824742269,0.0979381443298969
271,proxy_clv|none|policy_online_weighting|ttr72.0_pb0.15-0.85_act0_trl0_hl0.0|churn0.75,6285.414408424001,399,16.625,15.752918316852131,261.8922670176667,261.8922670176667,863.2676154460481,1.3623367935243524,14,0.9899749373433584,0.09774436090225563
272,t_stat_baseline|none|policy_online_weighting|ttr24.0_pb0.15-0.85_act0_trl0_hl0.0|churn0.75,6252.038899946494,311,12.958333333333334,20.10301897088905,260.50162083110393,260.50162083110393,818.727243623771,1.5880675176265815,15,0.977491961414791,0.1189710610932476
273,proxy_clv|none|policy_online_weighting|ttr24.0_pb0.15-0.85_act0_trl0_hl0.0|churn0.0,6057.766016487275,262,10.916666666666666,23.12124433773769,252.40691735363646,252.40691735363643,827.8642225146153,1.3509751201731344,14,0.9923664122137404,0.10305343511450382
274,proxy_clv|none|policy_online_weighting|ttr24.0_pb0.15-0.85_act0_trl0_hl0.0|churn0.75,6001.516016487275,262,10.916666666666666,22.906549681249142,250.06316735363646,250.06316735363646,824.8472009793176,1.3439152414644042,14,0.9923664122137404,0.10305343511450382
275,t_stat_baseline|none|policy_knockout_backfill|ttr48.0_pb0.3-0.7_act0_trl20_hl0.0|churn0.0,5541.659761027347,6174,257.25,0.8975801362208207,230.9024900428061,230.9024900428061,621.0948069235083,1.6278155698800014,14,0.9624230644638808,0.08973113054745707
276,t_stat_baseline|none|policy_knockout_backfill|ttr48.0_pb0.3-0.7_act0_trl20_hl0.0|churn0.75,5522.909761027347,6174,257.25,0.8945432071634835,230.1212400428061,230.1212400428061,620.4059780765537,1.6260473933328978,14,0.9624230644638808,0.08973113054745707
277,t_stat_baseline|none|policy_knockout_backfill|ttr72.0_pb0.3-0.7_act0_trl20_hl0.0|churn0.0,5084.176846961652,7348,306.1666666666667,0.6919130167340299,211.8407019567355,211.8407019567355,631.5297704560548,1.502251534074946,14,0.9550898203592815,0.11377245508982035
278,t_stat_baseline|none|policy_knockout_backfill|ttr72.0_pb0.3-0.7_act0_trl20_hl0.0|churn0.75,5065.426846961652,7348,306.1666666666667,0.6893613019817164,211.0594519567355,211.05945195673553,630.3139610908653,1.5008715387623401,14,0.9550898203592815,0.11377245508982035
279,t_stat_baseline|deflated_sharpe|policy_hybrid_displacement|ttr72.0_pb0.3-0.7_act0_trl20_hl0.0|churn0.0,4971.881305516803,4429,184.54166666666666,1.122574239222579,207.16172106320013,207.1617210632001,723.6208960528451,1.3278231842813393,14,0.948069541657259,0.13185820727026418
280,gu_koenker_npmle|none|policy_knockout_backfill|ttr48.0_pb0.15-0.85_act0_trl0_hl0.0|churn0.0,4958.299589575474,1607,66.95833333333333,3.0854384502647627,206.59581623231142,206.5958162323114,294.6450680964529,3.031095578200673,17,0.939639079029247,0.1238332296204107
281,t_stat_baseline|none|policy_hybrid_displacement|ttr48.0_pb0.3-0.7_act0_trl20_hl0.0|churn0.0,4955.283468417402,10020,417.5,0.49453926830512995,206.47014451739176,206.47014451739176,716.0405362128766,1.2672228260002447,15,0.9708582834331337,0.07265469061876248
282,t_stat_baseline|deflated_sharpe|policy_hybrid_displacement|ttr72.0_pb0.3-0.7_act0_trl20_hl0.0|churn0.75,4947.131305516803,4429,184.54166666666666,1.1169860703356973,206.13047106320013,206.13047106320013,722.8519189733779,1.3234799856207773,14,0.948069541657259,0.13185820727026418
283,gu_koenker_npmle|none|policy_knockout_backfill|ttr48.0_pb0.15-0.85_act0_trl0_hl0.0|churn0.75,4939.549589575474,1607,66.95833333333333,3.07377074646887,205.81456623231142,205.8145662323114,295.3692550589837,3.0149543146020417,17,0.939639079029247,0.1238332296204107
284,t_stat_baseline|none|policy_hybrid_displacement|ttr48.0_pb0.3-0.7_act0_trl20_hl0.0|churn0.75,4928.283468417402,10020,417.5,0.4918446575266868,205.34514451739176,205.34514451739176,715.0195492024114,1.2636601651777335,15,0.9708582834331337,0.07265469061876248
285,eb_shrinkage_skill|none|policy_knockout_backfill|ttr48.0_pb0.15-0.85_act0_trl0_hl0.0|churn0.0,4775.422339681049,1659,69.125,2.8784944784093125,198.97593082004371,198.97593082004371,311.15200473004893,3.1698895787120485,15,0.9415310427968655,0.12296564195298372
286,eb_shrinkage_skill|none|policy_knockout_backfill|ttr48.0_pb0.15-0.85_act0_trl0_hl0.0|churn0.75,4756.672339681049,1659,69.125,2.867192489259222,198.19468082004371,198.19468082004374,311.7497553988147,3.150995369075222,15,0.9415310427968655,0.12296564195298372
287,eb_shrinkage_skill|none|policy_knockout_backfill|ttr72.0_pb0.15-0.85_act0_trl0_hl0.0|churn0.0,4691.078760550965,1712,71.33333333333333,2.7401160984526665,195.46161502295686,195.46161502295686,346.5621649327054,2.818656204517615,15,0.9398364485981309,0.1261682242990654
288,eb_shrinkage_skill|none|policy_knockout_backfill|ttr72.0_pb0.15-0.85_act0_trl0_hl0.0|churn0.75,4672.328760550965,1712,71.33333333333333,2.729163995648928,194.68036502295686,194.68036502295686,347.02569930149286,2.8045201053266027,15,0.9398364485981309,0.1261682242990654
289,gu_koenker_npmle|deflated_sharpe|policy_hybrid_displacement|ttr72.0_pb0.15-0.85_act0_trl20_hl0.0|churn0.0,4324.013563460098,2892,120.5,1.4951637494675305,180.16723181083742,180.16723181083742,407.4717137908576,1.9629793085678653,16,0.9263485477178424,0.15871369294605808
290,gu_koenker_npmle|none|policy_knockout_backfill|ttr24.0_pb0.15-0.85_act0_trl0_hl0.0|churn0.0,4317.800132621201,1571,65.45833333333333,2.7484405681866333,179.90833885921668,179.90833885921668,395.75378587316703,2.2643556099550595,16,0.9675366008911521,0.09420751113940165
291,gu_koenker_npmle|none|policy_knockout_backfill|ttr24.0_pb0.15-0.85_act0_trl0_hl0.0|churn0.75,4299.050132621201,1571,65.45833333333333,2.7365054949848506,179.12708885921668,179.12708885921666,396.1228702302049,2.2531945047837105,16,0.9675366008911521,0.09420751113940165
292,gu_koenker_npmle|deflated_sharpe|policy_hybrid_displacement|ttr72.0_pb0.15-0.85_act0_trl20_hl0.0|churn0.75,4297.763563460098,2892,120.5,1.4860869859820534,179.07348181083742,179.07348181083742,408.24439722792334,1.9466534717526087,16,0.9263485477178424,0.15871369294605808
293,eb_shrinkage_skill|none|policy_knockout_backfill|ttr24.0_pb0.15-0.85_act0_trl0_hl0.0|churn0.0,4273.5547775133855,1565,65.20833333333333,2.730705928123569,178.06478239639105,178.06478239639105,395.08869752464,2.3258865222967615,16,0.9674121405750798,0.09201277955271565
294,eb_shrinkage_skill|none|policy_knockout_backfill|ttr24.0_pb0.15-0.85_act0_trl0_hl0.0|churn0.75,4254.8047775133855,1565,65.20833333333333,2.7187250974526425,177.28353239639105,177.28353239639105,395.5897508681738,2.3135798779414345,16,0.9674121405750798,0.09201277955271565
295,t_stat_baseline|deflated_sharpe|policy_hybrid_displacement|ttr48.0_pb0.3-0.7_act0_trl20_hl0.0|churn0.0,4178.855451439334,4032,168.0,1.0364224829958664,174.11897714330556,174.11897714330556,635.1374394361112,1.3578983344848288,16,0.9439484126984127,0.12475198412698413
296,proxy_clv|deflated_sharpe|policy_online_weighting|ttr48.0_pb0.15-0.85_act0_trl0_hl0.0|churn0.0,4161.471638870215,149,6.208333333333333,27.929339858189365,173.3946516195923,173.3946516195923,824.5604027393911,1.1755847379828743,13,0.9932885906040269,0.15436241610738255
297,proxy_clv|deflated_sharpe|policy_online_weighting|ttr72.0_pb0.15-0.85_act0_trl0_hl0.0|churn0.0,4161.471638870215,143,5.958333333333333,29.10120027181969,173.3946516195923,173.3946516195923,824.5604027393911,1.1755847379828743,13,1.0,0.16083916083916083
298,t_stat_baseline|deflated_sharpe|policy_hybrid_displacement|ttr48.0_pb0.3-0.7_act0_trl20_hl0.0|churn0.75,4154.855451439334,4032,168.0,1.0304701020434854,173.11897714330556,173.11897714330556,634.3133872574109,1.3530426306407934,16,0.9439484126984127,0.12475198412698413
299,proxy_clv|deflated_sharpe|policy_online_weighting|ttr72.0_pb0.15-0.85_act0_trl0_hl0.0|churn0.75,4067.7216388702154,143,5.958333333333333,28.445605866225282,169.4884016195923,169.4884016195923,821.6525522065496,1.1613250737077316,13,1.0,0.16083916083916083
300,proxy_clv|deflated_sharpe|policy_online_weighting|ttr48.0_pb0.15-0.85_act0_trl0_hl0.0|churn0.75,4067.7216388702154,149,6.208333333333333,27.300145227316882,169.4884016195923,169.4884016195923,821.6525522065496,1.1613250737077316,13,0.9932885906040269,0.15436241610738255
301,t_stat_baseline|deflated_sharpe|policy_knockout_backfill|ttr48.0_pb0.3-0.7_act0_trl20_hl0.0|churn0.0,4033.326876666733,3419,142.45833333333334,1.1796802798089303,168.05528652778054,168.05528652778054,623.4296824115182,1.3333911759396597,16,0.947645510383153,0.11202105878911962
302,gu_koenker_npmle|deflated_sharpe|policy_knockout_backfill|ttr48.0_pb0.3-0.7_act0_trl20_hl0.0|churn0.0,4033.326876666733,3419,142.45833333333334,1.1796802798089303,168.05528652778054,168.05528652778054,623.4296824115182,1.3333911759396597,16,0.947645510383153,0.11202105878911962
303,proxy_clv|deflated_sharpe|policy_knockout_backfill|ttr48.0_pb0.3-0.7_act0_trl20_hl0.0|churn0.0,4033.326876666733,3419,142.45833333333334,1.1796802798089303,168.05528652778054,168.05528652778054,623.4296824115182,1.3333911759396597,16,0.947645510383153,0.11202105878911962
304,eb_shrinkage_skill|deflated_sharpe|policy_knockout_backfill|ttr48.0_pb0.3-0.7_act0_trl20_hl0.0|churn0.0,4033.326876666733,3419,142.45833333333334,1.1796802798089303,168.05528652778054,168.05528652778054,623.4296824115182,1.3333911759396597,16,0.947645510383153,0.11202105878911962
305,proxy_clv|none|policy_online_weighting|ttr72.0_pb0.15-0.85_act0_trl20_hl0.0|churn0.0,15687.281240679287,55031,2292.9583333333335,0.2850626236244896,653.636718361637,167.61682269119987,9961.914656689743,0.29200381004954434,15,0.9725609202086097,0.09634569606221947
306,gu_koenker_npmle|deflated_sharpe|policy_knockout_backfill|ttr48.0_pb0.3-0.7_act0_trl20_hl0.0|churn0.75,4014.576876666733,3419,142.45833333333334,1.1741962201423612,167.27403652778054,167.27403652778057,622.8202816918127,1.3287581473218821,16,0.947645510383153,0.11202105878911962
307,t_stat_baseline|deflated_sharpe|policy_knockout_backfill|ttr48.0_pb0.3-0.7_act0_trl20_hl0.0|churn0.75,4014.576876666733,3419,142.45833333333334,1.1741962201423612,167.27403652778054,167.27403652778057,622.8202816918127,1.3287581473218821,16,0.947645510383153,0.11202105878911962
308,proxy_clv|deflated_sharpe|policy_knockout_backfill|ttr48.0_pb0.3-0.7_act0_trl20_hl0.0|churn0.75,4014.576876666733,3419,142.45833333333334,1.1741962201423612,167.27403652778054,167.27403652778057,622.8202816918127,1.3287581473218821,16,0.947645510383153,0.11202105878911962
309,eb_shrinkage_skill|deflated_sharpe|policy_knockout_backfill|ttr48.0_pb0.3-0.7_act0_trl20_hl0.0|churn0.75,4014.576876666733,3419,142.45833333333334,1.1741962201423612,167.27403652778054,167.27403652778057,622.8202816918127,1.3287581473218821,16,0.947645510383153,0.11202105878911962
310,proxy_clv|none|policy_online_weighting|ttr72.0_pb0.15-0.85_act0_trl20_hl0.0|churn0.75,15531.169299048139,55031,2292.9583333333335,0.2822258236093863,647.1320541270057,165.94878428231914,9960.77887541949,0.2891839605364904,15,0.9725609202086097,0.09634569606221947
311,proxy_clv|deflated_sharpe|policy_online_weighting|ttr24.0_pb0.15-0.85_act0_trl0_hl0.0|churn0.0,3840.07324693349,119,4.958333333333333,32.2695230834747,160.00305195556209,160.00305195556206,783.8516691583064,1.2198364761016094,13,0.9831932773109244,0.18487394957983194
312,proxy_clv|deflated_sharpe|policy_online_weighting|ttr24.0_pb0.15-0.85_act0_trl0_hl0.0|churn0.75,3783.82324693349,119,4.958333333333333,31.796834007844453,157.65930195556209,157.65930195556206,780.3750366697872,1.212760123442874,13,0.9831932773109244,0.18487394957983194
313,gu_koenker_npmle|deflated_sharpe|policy_hybrid_displacement|ttr72.0_pb0.3-0.7_act0_trl20_hl0.0|churn0.0,3653.1257364340013,4341,180.875,0.8415401373955312,152.21357235141673,152.2135723514167,718.4667221764529,1.0476406188606293,14,0.958304538124856,0.10919143054595715
314,gu_koenker_npmle|deflated_sharpe|policy_hybrid_displacement|ttr72.0_pb0.3-0.7_act0_trl20_hl0.0|churn0.75,3628.3757364340013,4341,180.875,0.835838686117024,151.18232235141673,151.18232235141673,717.5955498346227,1.0429690687705075,14,0.958304538124856,0.10919143054595715
315,eb_shrinkage_skill|none|policy_hybrid_displacement|ttr24.0_pb0.3-0.7_act0_trl20_hl0.0|churn0.0,14931.197587774051,58083,2420.125,0.25706657004242295,622.1332328239188,151.1551431849447,2957.1588515107437,0.8546682896696886,14,0.9950071449477472,0.014840831224282492
316,eb_shrinkage_skill|none|policy_hybrid_displacement|ttr24.0_pb0.3-0.7_act0_trl20_hl0.0|churn0.75,14909.447587774051,58083,2420.125,0.256692105913504,621.2269828239188,150.93495827714034,2957.5139876028334,0.8535158117986692,14,0.9950071449477472,0.014840831224282492
317,t_stat_baseline|deflated_sharpe|policy_online_weighting|ttr24.0_pb0.15-0.85_act0_trl0_hl0.0|churn0.0,3540.26746778953,143,5.958333333333333,24.757115159367345,147.51114449123043,147.51114449123043,597.4240086363102,1.5474371520909083,14,0.993006993006993,0.16083916083916083
318,gu_koenker_npmle|none|policy_hybrid_displacement|ttr24.0_pb0.3-0.7_act0_trl20_hl0.0|churn0.0,14665.002256380736,59227,2467.7916666666665,0.24760670397590182,611.0417606825307,145.59274193783025,3148.412111786138,0.7965631333911909,14,0.9945464061998751,0.015803603086430175
319,gu_koenker_npmle|none|policy_hybrid_displacement|ttr24.0_pb0.3-0.7_act0_trl20_hl0.0|churn0.75,14641.002256380736,59227,2467.7916666666665,0.24720148338394204,610.0417606825307,145.35447222975793,3148.499043522648,0.7954156529124704,14,0.9945464061998751,0.015803603086430175
320,t_stat_baseline|deflated_sharpe|policy_online_weighting|ttr24.0_pb0.15-0.85_act0_trl0_hl0.0|churn0.75,3465.26746778953,143,5.958333333333333,24.232639634891818,144.38614449123043,144.3861444912304,595.1974030532954,1.528181052768047,14,0.993006993006993,0.16083916083916083
321,eb_shrinkage_skill|deflated_sharpe|policy_hybrid_displacement|ttr72.0_pb0.3-0.7_act0_trl20_hl0.0|churn0.0,3435.47127258216,4311,179.625,0.796908205191872,143.14463635759,143.14463635759,713.685631539531,1.0059573691662056,14,0.9580143818139643,0.10925539318023661
322,eb_shrinkage_skill|deflated_sharpe|policy_hybrid_displacement|ttr72.0_pb0.3-0.7_act0_trl20_hl0.0|churn0.75,3410.72127258216,4311,179.625,0.7911670778432289,142.11338635759,142.11338635759,712.8085571361225,1.001176230542285,14,0.9580143818139643,0.10925539318023661
323,eb_shrinkage_skill|none|policy_hybrid_displacement|ttr48.0_pb0.3-0.7_act0_trl20_hl0.0|churn0.0,12729.48611172572,52683,2195.125,0.24162416930937344,530.3952546552383,142.0750115539116,2691.73850700479,0.7970310839193281,13,0.9943814892849686,0.013097204031661067
324,eb_shrinkage_skill|none|policy_hybrid_displacement|ttr48.0_pb0.3-0.7_act0_trl20_hl0.0|churn0.75,12709.23611172572,52683,2195.125,0.24123979484322686,529.5515046552383,141.84899936781738,2692.227927891637,0.7958102963394792,13,0.9943814892849686,0.013097204031661067
325,gu_koenker_npmle|none|policy_knockout_backfill|ttr72.0_pb0.15-0.85_act0_trl0_hl0.0|churn0.0,3402.4396875499788,3248,135.33333333333334,1.0475491648860773,141.76832031458244,141.76832031458247,377.18327567414127,1.960424059715706,17,0.9769088669950738,0.05357142857142857
326,eb_shrinkage_skill|none|policy_hybrid_displacement|ttr72.0_pb0.3-0.7_act0_trl20_hl0.0|churn0.0,12493.932467447008,52024,2167.6666666666665,0.2401570903322891,520.5805194769587,141.212369115386,2683.319059604656,0.7955354684599975,12,0.9979240350607412,0.011321697677994772
327,gu_koenker_npmle|none|policy_knockout_backfill|ttr72.0_pb0.15-0.85_act0_trl0_hl0.0|churn0.75,3383.6896875499788,3248,135.33333333333334,1.0417763816348458,140.98707031458244,140.98707031458247,376.78326714056396,1.948925063896003,17,0.9769088669950738,0.05357142857142857
328,eb_shrinkage_skill|none|policy_hybrid_displacement|ttr72.0_pb0.3-0.7_act0_trl20_hl0.0|churn0.75,12472.182467447008,52024,2167.6666666666665,0.23973901405979947,519.6742694769587,140.9665402671621,2683.67435603884,0.7942406326444637,12,0.9979240350607412,0.011321697677994772
329,t_stat_baseline|none|policy_online_weighting|ttr72.0_pb0.3-0.7_act0_trl0_hl0.0|churn0.0,3357.936000491014,180,7.5,18.655200002727856,139.91400002045893,139.91400002045893,368.42149347055886,2.141800587612941,13,0.9944444444444445,0.10555555555555556
330,eb_shrinkage_skill|deflated_sharpe|policy_hybrid_displacement|ttr48.0_pb0.3-0.7_act0_trl20_hl0.0|churn0.0,3344.47802324445,3713,154.70833333333334,0.90074818832331,139.35325096851875,139.35325096851878,628.1005895528136,1.068906109722986,14,0.9523296525720442,0.10530568273633181
331,eb_shrinkage_skill|deflated_sharpe|policy_hybrid_displacement|ttr48.0_pb0.3-0.7_act0_trl20_hl0.0|churn0.75,3320.47802324445,3713,154.70833333333334,0.8942844124008753,138.35325096851875,138.35325096851875,627.1595022184955,1.0641010885582594,14,0.9523296525720442,0.10530568273633181
332,proxy_clv|deflated_sharpe|policy_hybrid_displacement|ttr72.0_pb0.3-0.7_act0_trl20_hl0.0|churn0.0,3284.5473221042184,4035,168.125,0.8140142062216155,136.8561384210091,136.8561384210091,683.3550814760612,1.0938157135776674,14,0.9551425030978934,0.11548946716232962
333,proxy_clv|deflated_sharpe|policy_hybrid_displacement|ttr72.0_pb0.3-0.7_act0_trl20_hl0.0|churn0.75,3259.7973221042184,4035,168.125,0.8078803772253329,135.8248884210091,135.8248884210091,682.4755399669575,1.088674048324521,14,0.9551425030978934,0.11548946716232962
334,t_stat_baseline|none|policy_online_weighting|ttr72.0_pb0.3-0.7_act0_trl0_hl0.0|churn0.75,3245.436000491014,180,7.5,18.030200002727856,135.22650002045893,135.22650002045893,365.56036623503104,2.1053595526473523,13,0.9944444444444445,0.10555555555555556
335,t_stat_baseline|deflated_sharpe|policy_online_weighting|ttr48.0_pb0.15-0.85_act0_trl0_hl0.0|churn0.0,3180.8539439782376,188,7.833333333333333,16.919435872224668,132.53558099909324,132.5355809990932,648.8269430652927,1.2827061659554937,13,0.9946808510638298,0.13829787234042554
336,t_stat_baseline|deflated_sharpe|policy_online_weighting|ttr48.0_pb0.15-0.85_act0_trl0_hl0.0|churn0.75,3073.6039439782376,188,7.833333333333333,16.348957148820414,128.06683099909324,128.06683099909324,646.9302366351649,1.2574675852337251,12,0.9946808510638298,0.13829787234042554
337,eb_shrinkage_skill|none|policy_knockout_backfill|ttr24.0_pb0.3-0.7_act0_trl20_hl0.0|churn0.0,11774.093884434862,54790,2282.9166666666665,0.21489494222366967,490.5872451847859,126.35822602751777,2917.96307468119,0.6580588223120803,15,0.9944880452637342,0.01609782807081584
338,eb_shrinkage_skill|none|policy_knockout_backfill|ttr24.0_pb0.3-0.7_act0_trl20_hl0.0|churn0.75,11755.343884434862,54790,2282.9166666666665,0.21455272649087173,489.8059951847859,126.15700317663257,2918.3739910089607,0.6570642741519283,15,0.9944880452637342,0.01609782807081584
339,gu_koenker_npmle|deflated_sharpe|policy_hybrid_displacement|ttr48.0_pb0.3-0.7_act0_trl20_hl0.0|churn0.0,3022.877619414726,3668,152.83333333333334,0.8241214883900561,125.95323414228024,125.95323414228024,595.1480523549952,1.091548700842485,14,0.9517448200654308,0.10577971646673937
340,proxy_clv|deflated_sharpe|policy_hybrid_displacement|ttr48.0_pb0.3-0.7_act0_trl20_hl0.0|churn0.0,3003.735135202217,3670,152.91666666666666,0.818456440109596,125.1556306334257,125.1556306334257,600.540832515247,1.099831983796195,14,0.9517711171662125,0.10572207084468666
341,gu_koenker_npmle|deflated_sharpe|policy_hybrid_displacement|ttr48.0_pb0.3-0.7_act0_trl20_hl0.0|churn0.75,2998.877619414726,3668,152.83333333333334,0.8175784131446908,124.95323414228024,124.95323414228025,594.226728204418,1.0862785203796315,14,0.9517448200654308,0.10577971646673937
342,proxy_clv|deflated_sharpe|policy_hybrid_displacement|ttr48.0_pb0.3-0.7_act0_trl20_hl0.0|churn0.75,2980.485135202217,3670,152.91666666666666,0.8121212902458357,124.1868806334257,124.1868806334257,599.6615882949469,1.0945373569732035,14,0.9517711171662125,0.10572207084468666
343,proxy_clv|none|policy_online_weighting|ttr48.0_pb0.15-0.85_act0_trl20_hl0.0|churn0.0,10780.41935134925,53142,2214.25,0.20286062533117402,449.1841396395521,119.28204769473032,10894.427091021922,0.17547178739242267,13,0.9723570810281886,0.0790899853223439
344,proxy_clv|none|policy_online_weighting|ttr48.0_pb0.15-0.85_act0_trl20_hl0.0|churn0.75,10604.372388474512,53142,2214.25,0.19954786023248114,441.84884951977136,117.3341418166989,10892.77088090339,0.17274813449525997,13,0.9723570810281886,0.0790899853223439
345,proxy_clv|none|policy_online_weighting|ttr72.0_pb0.3-0.7_act0_trl0_hl0.0|churn0.0,2796.644818437939,666,27.75,4.19916639405096,116.52686743491414,116.52686743491414,462.40784159938204,1.6519471914768578,14,0.9954954954954955,0.03903903903903904
346,proxy_clv|deflated_sharpe|policy_online_weighting|ttr48.0_pb0.3-0.7_act0_trl0_hl0.0|churn0.0,2796.644818437939,83,3.4583333333333335,33.69451588479445,116.52686743491414,116.52686743491414,462.40784159938204,1.6519471914768578,14,1.0,0.07228915662650602
347,proxy_clv|deflated_sharpe|policy_online_weighting|ttr72.0_pb0.3-0.7_act0_trl0_hl0.0|churn0.0,2796.644818437939,84,3.5,33.29339069568975,116.52686743491414,116.52686743491412,462.40784159938204,1.6519471914768578,14,1.0,0.08333333333333333
348,proxy_clv|none|policy_online_weighting|ttr48.0_pb0.3-0.7_act0_trl0_hl0.0|churn0.0,2796.644818437939,940,39.166666666666664,2.9751540621680204,116.52686743491414,116.52686743491412,462.40784159938204,1.6519471914768578,14,0.9957446808510638,0.02446808510638298
349,proxy_clv|deflated_sharpe|policy_online_weighting|ttr72.0_pb0.3-0.7_act0_trl0_hl0.0|churn0.75,2721.644818437939,84,3.5,32.40053355283261,113.40186743491414,113.40186743491415,459.37010274437074,1.632128928894236,14,1.0,0.08333333333333333
350,proxy_clv|none|policy_online_weighting|ttr48.0_pb0.3-0.7_act0_trl0_hl0.0|churn0.75,2721.644818437939,940,39.166666666666664,2.8953668281254674,113.40186743491414,113.40186743491414,459.37010274437074,1.632128928894236,14,0.9957446808510638,0.02446808510638298
351,proxy_clv|deflated_sharpe|policy_online_weighting|ttr48.0_pb0.3-0.7_act0_trl0_hl0.0|churn0.75,2721.644818437939,83,3.4583333333333335,32.790901426963124,113.40186743491414,113.40186743491414,459.37010274437074,1.632128928894236,14,1.0,0.07228915662650602
352,proxy_clv|none|policy_online_weighting|ttr72.0_pb0.3-0.7_act0_trl0_hl0.0|churn0.75,2721.644818437939,666,27.75,4.086553781438347,113.40186743491414,113.40186743491414,459.37010274437074,1.632128928894236,14,0.9954954954954955,0.03903903903903904
353,proxy_clv|deflated_sharpe|policy_hybrid_displacement|ttr24.0_pb0.15-0.85_act0_trl20_hl0.0|churn0.0,2691.297029951468,4528,188.66666666666666,0.5943677186288578,112.13737624797784,112.13737624797784,587.8141447412825,1.0630960540644798,18,0.9779151943462897,0.07022968197879859
354,proxy_clv|deflated_sharpe|policy_hybrid_displacement|ttr24.0_pb0.15-0.85_act0_trl20_hl0.0|churn0.75,2663.547029951468,4528,188.66666666666666,0.5882391850599532,110.98112624797784,110.98112624797783,588.0179284806337,1.0536178285856355,18,0.9779151943462897,0.07022968197879859
355,eb_shrinkage_skill|none|policy_hybrid_displacement|ttr72.0_pb0.15-0.85_act0_trl20_hl0.0|churn0.0,9404.628430683477,50728,2113.6666666666665,0.18539324299565282,391.8595179451449,109.01122688144386,2752.138521847731,0.6112961938973384,15,0.9972598959154707,0.013838511275824002
356,eb_shrinkage_skill|none|policy_hybrid_displacement|ttr72.0_pb0.15-0.85_act0_trl20_hl0.0|churn0.75,9379.878430683477,50728,2113.6666666666665,0.1849053467647744,390.8282679451449,108.72434389768735,2752.3134158851826,0.609804598009236,15,0.9972598959154707,0.013838511275824002
357,eb_shrinkage_skill|none|policy_knockout_backfill|ttr48.0_pb0.3-0.7_act0_trl20_hl0.0|churn0.0,8927.300818144215,48642,2026.75,0.18353071045894936,371.9708674226756,107.91605774986223,2703.8008672375513,0.5377227992637215,14,0.9939147239011554,0.013979688335183586
358,eb_shrinkage_skill|none|policy_knockout_backfill|ttr48.0_pb0.3-0.7_act0_trl20_hl0.0|churn0.75,8908.550818144215,48642,2026.75,0.18314524111147187,371.1896174226756,107.68940177354546,2704.2746351066835,0.536636532475784,14,0.9939147239011554,0.013979688335183586
359,gu_koenker_npmle|none|policy_hybrid_displacement|ttr48.0_pb0.15-0.85_act0_trl20_hl0.0|churn0.0,9053.496266631277,49603,2066.7916666666665,0.1825191272026143,377.22901110963653,107.3212467951372,2576.3821656292357,0.6205655340868315,14,0.9945567808398685,0.01828518436384896
360,gu_koenker_npmle|none|policy_hybrid_displacement|ttr48.0_pb0.15-0.85_act0_trl20_hl0.0|churn0.75,9027.996266631277,49603,2066.7916666666665,0.18200504539304632,376.16651110963653,107.01896669111123,2576.280418371429,0.6190253228927085,14,0.9945567808398685,0.01828518436384896
361,t_stat_baseline|deflated_sharpe|policy_online_weighting|ttr72.0_pb0.15-0.85_act0_trl0_hl0.0|churn0.0,2446.384366592416,171,7.125,14.306341325101847,101.93268194135067,101.93268194135067,661.5538222571064,0.9551047320342609,13,1.0,0.14619883040935672
362,gu_koenker_npmle|none|policy_knockout_backfill|ttr24.0_pb0.3-0.7_act0_trl20_hl0.0|churn0.0,8792.63392406586,51161,2131.7083333333335,0.17186204186911633,366.3597468360775,101.0548806190404,2888.8640038859476,0.4884554760751257,15,0.9940579738472666,0.01759152479427689
363,gu_koenker_npmle|none|policy_knockout_backfill|ttr24.0_pb0.3-0.7_act0_trl20_hl0.0|churn0.75,8773.88392406586,51161,2131.7083333333335,0.17149555176923556,365.5784968360775,100.83938444031051,2889.127407224124,0.487491544405774,15,0.9940579738472666,0.01759152479427689
364,eb_shrinkage_skill|none|policy_knockout_backfill|ttr72.0_pb0.3-0.7_act0_trl20_hl0.0|churn0.0,8014.821818506915,47995,1999.7916666666667,0.16699284964073166,333.9509091044548,98.19179558875021,2695.3946451852894,0.4925486792163517,14,0.9977497656005835,0.0120220856339202
365,proxy_clv|none|policy_hybrid_displacement|ttr48.0_pb0.15-0.85_act0_trl20_hl0.0|churn0.0,5326.097837576537,31934,1330.5833333333333,0.16678455055979635,221.9207432323557,98.06931572916025,1322.217589313157,0.8324213003128131,14,0.9598233857330745,0.12507045781925222
366,eb_shrinkage_skill|none|policy_knockout_backfill|ttr72.0_pb0.3-0.7_act0_trl20_hl0.0|churn0.75,7996.071818506915,47995,1999.7916666666667,0.16660218394638848,333.1696591044548,97.96208416047642,2695.786238352823,0.4914593969627534,14,0.9977497656005835,0.0120220856339202
367,proxy_clv|none|policy_hybrid_displacement|ttr48.0_pb0.15-0.85_act0_trl20_hl0.0|churn0.75,5299.847837576537,31934,1330.5833333333333,0.16596254266852062,220.8269932323557,97.58597508909013,1322.7287114704177,0.8284670090812114,14,0.9598233857330745,0.12507045781925222
368,t_stat_baseline|deflated_sharpe|policy_online_weighting|ttr72.0_pb0.15-0.85_act0_trl0_hl0.0|churn0.75,2324.884366592416,171,7.125,13.595815009312375,96.87018194135067,96.87018194135067,660.0176363022833,0.9218176830494043,12,1.0,0.14619883040935672
369,proxy_clv|deflated_sharpe|policy_online_weighting|ttr24.0_pb0.3-0.7_act0_trl0_hl0.0|churn0.0,2214.764818437939,75,3.125,29.530197579172523,92.28186743491413,92.28186743491413,452.0869754533983,1.304171858615463,13,1.0,0.06666666666666667
370,proxy_clv|none|policy_online_weighting|ttr24.0_pb0.3-0.7_act0_trl0_hl0.0|churn0.0,2214.764818437939,641,26.708333333333332,3.4551713236161294,92.28186743491413,92.28186743491412,452.0869754533983,1.304171858615463,13,0.9968798751950078,0.0234009360374415
371,gu_koenker_npmle|none|policy_knockout_backfill|ttr48.0_pb0.3-0.7_act0_trl0_hl0.0|churn0.0,2184.256896828294,1308,54.5,1.6699211749451788,91.01070403451224,91.01070403451224,230.60667856157374,1.8495476393624146,15,0.9441896024464832,0.11850152905198777
372,gu_koenker_npmle|none|policy_knockout_backfill|ttr48.0_pb0.3-0.7_act0_trl0_hl0.0|churn0.75,2165.506896828294,1308,54.5,1.6555863125598578,90.22945403451224,90.22945403451224,231.59706677275992,1.8290993600472438,15,0.9441896024464832,0.11850152905198777
373,proxy_clv|deflated_sharpe|policy_online_weighting|ttr24.0_pb0.3-0.7_act0_trl0_hl0.0|churn0.75,2158.514818437939,75,3.125,28.780197579172523,89.93811743491413,89.93811743491413,448.62356877421234,1.2923438800373026,13,1.0,0.06666666666666667
374,proxy_clv|none|policy_online_weighting|ttr24.0_pb0.3-0.7_act0_trl0_hl0.0|churn0.75,2158.514818437939,641,26.708333333333332,3.367417813475724,89.93811743491413,89.93811743491413,448.62356877421234,1.2923438800373026,13,0.9968798751950078,0.0234009360374415
375,gu_koenker_npmle|none|policy_knockout_backfill|ttr72.0_pb0.3-0.7_act0_trl0_hl0.0|churn0.0,2106.70615930892,1406,58.583333333333336,1.4983685343591182,87.77942330453834,87.77942330453834,236.66979642040667,1.8209667882107872,13,0.9480796586059744,0.11806543385490754
376,gu_koenker_npmle|none|policy_knockout_backfill|ttr72.0_pb0.3-0.7_act0_trl0_hl0.0|churn0.75,2087.95615930892,1406,58.583333333333336,1.4850328302339404,86.99817330453834,86.99817330453834,237.40178793876893,1.8013581765116504,13,0.9480796586059744,0.11806543385490754
377,eb_shrinkage_skill|none|policy_hybrid_displacement|ttr24.0_pb0.15-0.85_act0_trl20_hl0.0|churn0.0,7039.343288439497,51647,2151.9583333333335,0.13629723485274067,293.3059703516457,80.14277409341152,2868.846381073503,0.476931598252657,13,0.9985478343369412,0.010165159641411892
378,eb_shrinkage_skill|none|policy_hybrid_displacement|ttr24.0_pb0.15-0.85_act0_trl20_hl0.0|churn0.75,7015.343288439497,51647,2151.9583333333335,0.13583254184056184,292.3059703516457,79.86953460225037,2869.02980476861,0.4754523651188139,13,0.9985478343369412,0.010165159641411892
379,proxy_clv|none|policy_knockout_backfill|ttr24.0_pb0.15-0.85_act0_trl20_hl0.0|churn0.0,3457.809889202878,25639,1068.2916666666667,0.13486524003287484,144.07541205011992,79.3007611393304,1185.487127618575,0.6056414465317087,15,0.969226568898943,0.0922032840594407
380,proxy_clv|none|policy_knockout_backfill|ttr24.0_pb0.15-0.85_act0_trl20_hl0.0|churn0.75,3439.059889202878,25639,1068.2916666666667,0.13413393225956075,143.29416205011992,78.87075216862172,1186.047348147584,0.602835060439888,15,0.969226568898943,0.0922032840594407
381,gu_koenker_npmle|none|policy_knockout_backfill|ttr48.0_pb0.15-0.85_act0_trl20_hl0.0|churn0.0,6016.7835254584015,45247,1885.2916666666667,0.13297640783827439,250.69931356076674,78.19012780890534,2671.5550920941505,0.37808137674887365,17,0.9941432581165601,0.01927199593343205
382,gu_koenker_npmle|none|policy_knockout_backfill|ttr48.0_pb0.15-0.85_act0_trl20_hl0.0|churn0.75,5998.0335254584015,45247,1885.2916666666667,0.13256201572388007,249.91806356076674,77.94646524564148,2671.5925848585525,0.37702303040867413,17,0.9941432581165601,0.01927199593343205
383,eb_shrinkage_skill|none|policy_knockout_backfill|ttr48.0_pb0.3-0.7_act0_trl0_hl0.0|churn0.0,1844.3323141992705,1389,57.875,1.3278130411801803,76.84717975830294,76.84717975830293,245.57152145917178,1.5972497855791004,13,0.947444204463643,0.11303095752339813
384,proxy_clv|deflated_sharpe|policy_hybrid_displacement|ttr24.0_pb0.3-0.7_act0_trl20_hl0.0|churn0.0,1830.8551036717236,5334,222.25,0.3432424266351188,76.28562931965514,76.28562931965514,562.1719924657465,0.8029330377678167,14,0.9829396325459318,0.08286464191976003
385,eb_shrinkage_skill|none|policy_knockout_backfill|ttr48.0_pb0.3-0.7_act0_trl0_hl0.0|churn0.75,1825.5823141992705,1389,57.875,1.3143141210937872,76.06592975830294,76.06592975830293,246.54634449244278,1.577412744285687,13,0.947444204463643,0.11303095752339813
386,proxy_clv|deflated_sharpe|policy_hybrid_displacement|ttr24.0_pb0.3-0.7_act0_trl20_hl0.0|churn0.75,1807.6051036717236,5334,222.25,0.33888359648888705,75.31687931965514,75.31687931965514,561.4115470559664,0.7957211874869454,14,0.9829396325459318,0.08286464191976003
387,t_stat_baseline|deflated_sharpe|policy_online_weighting|ttr72.0_pb0.3-0.7_act0_trl0_hl0.0|churn0.0,1665.0853348108508,122,5.083333333333333,13.648240449269268,69.37855561711878,69.37855561711878,174.4100641848339,2.0966567958117666,13,1.0,0.05737704918032787
388,t_stat_baseline|deflated_sharpe|policy_online_weighting|ttr72.0_pb0.3-0.7_act0_trl0_hl0.0|churn0.75,1574.3353348108508,122,5.083333333333333,12.904387990252875,65.59730561711878,65.59730561711878,173.37086874301343,2.0300898553198885,13,1.0,0.05737704918032787
389,t_stat_baseline|deflated_sharpe|policy_hybrid_displacement|ttr24.0_pb0.3-0.7_act0_trl20_hl0.0|churn0.0,1532.4239983291598,5165,215.20833333333334,0.29669390093497766,63.850999930381654,63.850999930381654,565.4399412565688,0.7068600722808097,14,0.9823814133591481,0.08422071636011616
390,t_stat_baseline|deflated_sharpe|policy_hybrid_displacement|ttr24.0_pb0.3-0.7_act0_trl20_hl0.0|churn0.75,1506.9239983291598,5165,215.20833333333334,0.291756824458695,62.788499930381654,62.788499930381654,564.6111206072065,0.6989345884906387,14,0.9823814133591481,0.08422071636011616
391,proxy_clv|none|policy_online_weighting|ttr48.0_pb0.3-0.7_act0_trl20_hl0.0|churn0.0,4589.688331367666,51248,2135.3333333333335,0.08955838923211962,191.23701380698608,52.660332868486336,9335.771032533132,0.11564300646060172,14,0.9754136746799875,0.060451139556665624
392,gu_koenker_npmle|none|policy_knockout_backfill|ttr24.0_pb0.3-0.7_act0_trl0_hl0.0|churn0.0,1244.9446528256628,1252,52.166666666666664,0.9943647386786444,51.872693867735954,51.87269386773595,239.7998819003883,1.2179144763666983,15,0.9608626198083068,0.09345047923322684
393,proxy_clv|none|policy_online_weighting|ttr48.0_pb0.3-0.7_act0_trl20_hl0.0|churn0.75,4469.556883615565,51248,2135.3333333333335,0.08721426950545515,186.23153681731523,51.28199046920763,9334.27562865963,0.11292056974867706,14,0.9754136746799875,0.060451139556665624
394,gu_koenker_npmle|none|policy_knockout_backfill|ttr24.0_pb0.3-0.7_act0_trl0_hl0.0|churn0.75,1226.1946528256628,1252,52.166666666666664,0.9793887003399863,51.091443867735954,51.09144386773595,240.82277189003827,1.2002250295494954,15,0.9608626198083068,0.09345047923322684
395,gu_koenker_npmle|none|policy_hybrid_displacement|ttr72.0_pb0.15-0.85_act0_trl20_hl0.0|churn0.0,4249.448740415457,48991,2041.2916666666667,0.08673937540396108,177.06036418397738,51.002752737529114,2657.2551263120454,0.30078537386452786,13,0.9930395378743034,0.02096303402665796
396,gu_koenker_npmle|none|policy_hybrid_displacement|ttr72.0_pb0.15-0.85_act0_trl20_hl0.0|churn0.75,4223.948740415457,48991,2041.2916666666667,0.08621887163796324,175.99786418397738,50.696696523122384,2657.2233136487575,0.2992094768297349,13,0.9930395378743034,0.02096303402665796
397,eb_shrinkage_skill|none|policy_knockout_backfill|ttr72.0_pb0.3-0.7_act0_trl0_hl0.0|churn0.0,1161.838739275627,1586,66.08333333333333,0.7325591042090964,48.40994746981779,48.40994746981779,254.60700353008087,1.0933200897312034,13,0.9539722572509457,0.10718789407313997
398,t_stat_baseline|none|policy_online_weighting|ttr24.0_pb0.3-0.7_act0_trl0_hl0.0|churn0.0,1146.0734718403423,429,17.875,2.6714999343597725,47.75306132668093,47.753061326680935,168.5392148889106,2.0226792111994243,13,0.993006993006993,0.04428904428904429
399,eb_shrinkage_skill|none|policy_knockout_backfill|ttr72.0_pb0.3-0.7_act0_trl0_hl0.0|churn0.75,1143.088739275627,1586,66.08333333333333,0.7207369100098531,47.62869746981779,47.62869746981779,255.51105426785256,1.0765018601205647,13,0.9539722572509457,0.10718789407313997
400,t_stat_baseline|none|policy_online_weighting|ttr48.0_pb0.3-0.7_act0_trl0_hl0.0|churn0.0,1138.87347337428,378,15.75,3.012892786704444,47.453061390594996,47.453061390594996,168.71257752781915,2.0172970275033753,13,0.9920634920634921,0.06613756613756613
401,eb_shrinkage_skill|none|policy_hybrid_displacement|ttr48.0_pb0.15-0.85_act0_trl20_hl0.0|churn0.0,3742.383552602334,47463,1977.625,0.07884844094562783,155.93264802509725,46.362883276029166,2718.7797536858825,0.2431747335463663,15,0.9974085076796663,0.014221604196953416
402,eb_shrinkage_skill|none|policy_hybrid_displacement|ttr48.0_pb0.15-0.85_act0_trl20_hl0.0|churn0.75,3717.633552602334,47463,1977.625,0.07832698212507287,154.90139802509725,46.05626548954285,2718.948491817218,0.2417453588088541,15,0.9974085076796663,0.014221604196953416
403,t_stat_baseline|none|policy_online_weighting|ttr24.0_pb0.3-0.7_act0_trl0_hl0.0|churn0.75,1071.0734718403423,429,17.875,2.4966747595345975,44.62806132668093,44.62806132668093,169.8135014721094,1.939936613805707,13,0.993006993006993,0.04428904428904429
404,t_stat_baseline|none|policy_online_weighting|ttr48.0_pb0.3-0.7_act0_trl0_hl0.0|churn0.75,1063.87347337428,378,15.75,2.814480088291746,44.328061390594996,44.328061390594996,170.01433689409723,1.9338603627468969,13,0.9920634920634921,0.06613756613756613
405,gu_koenker_npmle|none|policy_online_weighting|ttr72.0_pb0.15-0.85_act0_trl0_hl0.0|churn0.0,1025.7574031513882,1024,42.666666666666664,1.0017162140150275,42.73989179797451,42.73989179797451,154.98078457017337,1.95981599302554,13,0.96875,0.083984375
406,gu_koenker_npmle|none|policy_knockout_backfill|ttr72.0_pb0.15-0.85_act0_trl20_hl0.0|churn0.0,3523.1954405818624,48751,2031.2916666666667,0.07226919325925339,146.79981002424427,42.49428563644099,2645.340157059407,0.2574207021054898,13,0.995364197657484,0.01807142417591434
407,gu_koenker_npmle|none|policy_knockout_backfill|ttr72.0_pb0.15-0.85_act0_trl20_hl0.0|churn0.75,3504.4454405818624,48751,2031.2916666666667,0.07188458576402253,146.01856002424427,42.268136429245246,2645.4875548726377,0.25622284124925954,13,0.995364197657484,0.01807142417591434
408,proxy_clv|none|policy_knockout_backfill|ttr24.0_pb0.15-0.85_act0_trl0_hl0.0|churn0.0,950.2509209817298,138,5.75,6.885876238998042,39.59378837423874,39.59378837423874,69.03123440223196,1.8836446446077517,14,1.0,0.07971014492753623
409,proxy_clv|none|policy_knockout_backfill|ttr24.0_pb0.15-0.85_act0_trl0_hl0.0|churn0.75,931.5009209817298,138,5.75,6.750006673780651,38.81253837423874,38.81253837423874,69.01534899083022,1.8516200640090699,13,1.0,0.07971014492753623
410,gu_koenker_npmle|none|policy_online_weighting|ttr72.0_pb0.15-0.85_act0_trl0_hl0.0|churn0.75,923.0074031513882,1024,42.666666666666664,0.9013744171400275,38.45864179797451,38.45864179797451,153.15294917106343,1.8370615887927284,13,0.96875,0.083984375
411,eb_shrinkage_skill|none|policy_knockout_backfill|ttr24.0_pb0.3-0.7_act0_trl0_hl0.0|churn0.0,809.3849981828471,1235,51.458333333333336,0.6553724681642487,33.72437492428529,33.7243749242853,242.33407692500725,0.9545044248240843,14,0.9603238866396762,0.09230769230769231
412,eb_shrinkage_skill|none|policy_knockout_backfill|ttr24.0_pb0.3-0.7_act0_trl0_hl0.0|churn0.75,790.6349981828471,1235,51.458333333333336,0.6401902819294308,32.94312492428529,32.9431249242853,243.52620550138357,0.935874429566082,14,0.9603238866396762,0.09230769230769231
413,t_stat_baseline|none|policy_hybrid_displacement|ttr72.0_pb0.3-0.7_act0_trl0_hl0.0|churn0.0,691.517216238601,1662,69.25,0.4160753406971125,28.813217343275042,28.813217343275042,325.7271173231259,0.7458928618399914,14,0.8664259927797834,0.18892900120336945
414,gu_koenker_npmle|none|policy_hybrid_displacement|ttr24.0_pb0.15-0.85_act0_trl20_hl0.0|churn0.0,2722.593019161257,57020,2375.8333333333335,0.047748036112964874,113.4413757983857,28.075845234423348,2925.889501614327,0.2103811328114926,13,0.9987022097509646,0.010224482637670992
415,gu_koenker_npmle|none|policy_hybrid_displacement|ttr24.0_pb0.15-0.85_act0_trl20_hl0.0|churn0.75,2699.343019161257,57020,2375.8333333333335,0.0473402844468828,112.4726257983857,27.836087254767087,2926.348181331479,0.20883748495870355,13,0.9987022097509646,0.010224482637670992
416,eb_shrinkage_skill|none|policy_online_weighting|ttr72.0_pb0.15-0.85_act0_trl0_hl0.0|churn0.0,659.1293481317412,374,15.583333333333334,1.762377936181126,27.463722838822548,27.463722838822548,140.2972424374825,1.5725234455142387,10,0.9251336898395722,0.2192513368983957
417,proxy_clv|none|policy_knockout_backfill|ttr48.0_pb0.3-0.7_act0_trl0_hl0.0|churn0.0,656.7844193091862,203,8.458333333333334,3.2353912281240698,27.366017471216093,27.366017471216093,79.0435388165065,1.498503238153077,13,0.8817733990147784,0.2019704433497537
418,proxy_clv|none|policy_knockout_backfill|ttr48.0_pb0.3-0.7_act0_trl0_hl0.0|churn0.75,638.0344193091862,203,8.458333333333334,3.1430266961043656,26.584767471216093,26.584767471216093,78.98454014989747,1.4666527405745344,12,0.8817733990147784,0.2019704433497537
419,t_stat_baseline|none|policy_knockout_backfill|ttr24.0_pb0.15-0.85_act0_trl0_hl0.0|churn0.0,635.5516395216057,188,7.833333333333333,3.3805938272425835,26.481318313400237,26.481318313400237,95.10134810002104,1.405711209777775,15,0.8723404255319148,0.2393617021276596
420,t_stat_baseline|none|policy_hybrid_displacement|ttr72.0_pb0.3-0.7_act0_trl0_hl0.0|churn0.75,624.017216238601,1662,69.25,0.3754616222855602,26.000717343275042,26.000717343275042,325.44680508807346,0.7039312228949813,14,0.8664259927797834,0.18892900120336945
421,proxy_clv|none|policy_knockout_backfill|ttr24.0_pb0.3-0.7_act0_trl0_hl0.0|churn0.0,619.8578257946065,112,4.666666666666667,5.534444873166129,25.827409408108604,25.827409408108604,70.09799280603627,1.5587349161438027,15,1.0,0.08035714285714286
422,gu_koenker_npmle|none|policy_online_weighting|ttr24.0_pb0.3-0.7_act0_trl0_hl0.0|churn0.0,617.8633322709286,629,26.208333333333332,0.9822946458997275,25.74430551128869,25.74430551128869,247.38023523926014,0.9846406071686263,13,0.9809220985691575,0.03179650238473768
423,t_stat_baseline|none|policy_knockout_backfill|ttr24.0_pb0.15-0.85_act0_trl0_hl0.0|churn0.75,616.8016395216057,188,7.833333333333333,3.280859784689392,25.700068313400237,25.700068313400237,94.8405119772606,1.379473539019984,15,0.8723404255319148,0.2393617021276596
424,proxy_clv|none|policy_knockout_backfill|ttr24.0_pb0.3-0.7_act0_trl0_hl0.0|churn0.75,601.1078257946065,112,4.666666666666667,5.367034158880415,25.046159408108604,25.046159408108604,69.73353651295629,1.5241910575562738,15,1.0,0.08035714285714286
425,proxy_clv|deflated_sharpe|policy_knockout_backfill|ttr24.0_pb0.3-0.7_act0_trl0_hl0.0|churn0.0,580.8860854008816,56,2.3333333333333335,10.372965810730028,24.2035868917034,24.2035868917034,99.69048621823227,1.5161655172345605,15,1.0,0.25
426,proxy_clv|deflated_sharpe|policy_knockout_backfill|ttr24.0_pb0.3-0.7_act0_trl0_hl0.0|churn0.75,562.1360854008816,56,2.3333333333333335,10.0381443821586,23.4223368917034,23.422336891703402,99.19175109924291,1.5026677482727224,15,1.0,0.25
427,eb_shrinkage_skill|none|policy_online_weighting|ttr72.0_pb0.15-0.85_act0_trl0_hl0.0|churn0.75,560.1293481317412,374,15.583333333333334,1.497672053828185,23.338722838822548,23.338722838822548,139.76649812560098,1.426599262520146,10,0.9251336898395722,0.2192513368983957
428,t_stat_baseline|none|policy_hybrid_displacement|ttr48.0_pb0.3-0.7_act0_trl0_hl0.0|churn0.0,531.5007879403306,1642,68.41666666666667,0.32369110105988463,22.145866164180443,22.145866164180443,332.1381155421312,0.6141515164992005,13,0.8647990255785627,0.1881851400730816
429,t_stat_baseline|deflated_sharpe|policy_online_weighting|ttr24.0_pb0.3-0.7_act0_trl0_hl0.0|churn0.0,521.0708218977675,110,4.583333333333333,4.737007471797886,21.711284245740313,21.71128424574031,78.85394305270272,1.5836064864459627,13,1.0,0.06363636363636363
430,t_stat_baseline|deflated_sharpe|policy_online_weighting|ttr48.0_pb0.3-0.7_act0_trl0_hl0.0|churn0.0,517.4426228661457,122,5.083333333333333,4.2413329743126695,21.560109286089403,21.560109286089403,80.49602183261575,1.5842051882569907,13,1.0,0.06557377049180328
431,t_stat_baseline|none|policy_full_rerank|ttr72.0_pb0.3-0.7_act0_trl0_hl0.0|churn0.0,510.0080780677173,401,16.708333333333332,1.2718405936850805,21.250336586154887,21.250336586154884,217.99985064036403,0.8050687631950657,14,0.9650872817955113,0.09476309226932668
432,gu_koenker_npmle|none|policy_online_weighting|ttr24.0_pb0.3-0.7_act0_trl0_hl0.0|churn0.75,504.61333227092854,629,26.208333333333332,0.8022469511461503,21.02555551128869,21.025555511288687,247.7670240694437,0.8767062080755895,12,0.9809220985691575,0.03179650238473768
433,t_stat_baseline|none|policy_hybrid_displacement|ttr24.0_pb0.3-0.7_act0_trl0_hl0.0|churn0.0,497.18635560783105,1243,51.791666666666664,0.39998902301514966,20.716098150326292,20.716098150326292,337.0891850593646,0.5924791335850886,13,0.8318584070796461,0.1995172968624296
434,eb_shrinkage_skill|none|policy_online_weighting|ttr72.0_pb0.3-0.7_act0_trl0_hl0.0|churn0.0,469.07251888982796,679,28.291666666666668,0.6908284519732371,19.544688287076166,19.544688287076166,226.8662400286567,0.8772832767029158,14,0.9749631811487481,0.06774668630338733
435,t_stat_baseline|none|policy_hybrid_displacement|ttr48.0_pb0.3-0.7_act0_trl0_hl0.0|churn0.75,459.5007879403306,1642,68.41666666666667,0.27984213638266175,19.145866164180443,19.145866164180443,331.8654275649254,0.5702302134082261,13,0.8647990255785627,0.1881851400730816
436,t_stat_baseline|none|policy_hybrid_displacement|ttr24.0_pb0.3-0.7_act0_trl20_hl0.0|churn0.0,1636.7123526468322,50888,2120.3333333333335,0.03216303161151612,68.19634802695134,18.911862587571477,2758.1774653652883,0.117271002800138,14,0.9914714667505109,0.021144474139286277
437,eb_shrinkage_skill|deflated_sharpe|policy_hybrid_displacement|ttr72.0_pb0.15-0.85_act0_trl20_hl0.0|churn0.0,448.97654102163756,2747,114.45833333333333,0.1634424976416591,18.707355875901566,18.707355875901566,330.6822999625517,0.562035290912397,14,0.9257371678194394,0.1576265016381507
438,t_stat_baseline|none|policy_hybrid_displacement|ttr24.0_pb0.3-0.7_act0_trl20_hl0.0|churn0.75,1609.7123526468322,50888,2120.3333333333335,0.03163245465820689,67.07134802695134,18.599883339025652,2757.751764917175,0.11576875757102446,14,0.9914714667505109,0.021144474139286277
439,t_stat_baseline|deflated_sharpe|policy_online_weighting|ttr24.0_pb0.3-0.7_act0_trl0_hl0.0|churn0.75,443.8208218977675,110,4.583333333333333,4.034734744525159,18.492534245740313,18.492534245740313,79.82623532457637,1.4809819849464094,13,1.0,0.06363636363636363
440,gu_koenker_npmle|none|policy_online_weighting|ttr72.0_pb0.3-0.7_act0_trl0_hl0.0|churn0.0,441.93436793474626,662,27.583333333333332,0.6675745739195563,18.413931997281093,18.413931997281093,219.9264305686819,0.8370128796666712,13,0.9758308157099698,0.05891238670694864
441,t_stat_baseline|deflated_sharpe|policy_online_weighting|ttr48.0_pb0.3-0.7_act0_trl0_hl0.0|churn0.75,439.4426228661457,122,5.083333333333333,3.601988712017588,18.310109286089403,18.310109286089403,81.46576675349304,1.48285133964624,13,1.0,0.06557377049180328
442,t_stat_baseline|none|policy_hybrid_displacement|ttr24.0_pb0.3-0.7_act0_trl0_hl0.0|churn0.75,424.4363556078313,1243,51.791666666666664,0.34146126758473955,17.684848150326303,17.684848150326303,336.73859271842053,0.5481409637519153,13,0.8318584070796461,0.1995172968624296
443,eb_shrinkage_skill|deflated_sharpe|policy_hybrid_displacement|ttr72.0_pb0.15-0.85_act0_trl20_hl0.0|churn0.75,422.72654102163756,2747,114.45833333333333,0.15388661850077814,17.613605875901566,17.613605875901563,331.17659039629774,0.5435756948670025,14,0.9257371678194394,0.1576265016381507
444,gu_koenker_npmle|none|policy_online_weighting|ttr48.0_pb0.15-0.85_act0_trl0_hl0.0|churn0.0,421.85508152336,338,14.083333333333334,1.2480919571697042,17.577295063473333,17.577295063473336,154.12962820907075,1.3401007419500057,12,0.8964497041420119,0.25443786982248523
445,t_stat_baseline|none|policy_full_rerank|ttr72.0_pb0.3-0.7_act0_trl0_hl0.0|churn0.75,405.7580780677173,401,16.708333333333332,1.0118655313409408,16.906586586154887,16.906586586154884,217.35030954988648,0.7206040511646454,14,0.9650872817955113,0.09476309226932668
446,eb_shrinkage_skill|none|policy_online_weighting|ttr48.0_pb0.3-0.7_act0_trl0_hl0.0|churn0.0,403.2289005958181,683,28.458333333333332,0.5903790638298948,16.80120419149242,16.801204191492424,225.59456560588956,0.8053116235858204,14,0.9765739385065886,0.06588579795021962
447,gu_koenker_npmle|none|policy_online_weighting|ttr24.0_pb0.15-0.85_act0_trl0_hl0.0|churn0.0,382.6992160952667,406,16.916666666666668,0.942608906638588,15.945800670636112,15.945800670636114,140.4730592688459,1.1577748914001118,11,0.9679802955665024,0.10098522167487685
448,eb_shrinkage_skill|none|policy_online_weighting|ttr72.0_pb0.3-0.7_act0_trl0_hl0.0|churn0.75,360.32251888982796,679,28.291666666666668,0.530666449027729,15.013438287076164,15.013438287076166,227.54267421797846,0.7676838025678545,14,0.9749631811487481,0.06774668630338733
449,t_stat_baseline|none|policy_full_rerank|ttr48.0_pb0.3-0.7_act0_trl0_hl0.0|churn0.0,350.33581028124956,401,16.708333333333332,0.8736553872350363,14.597325428385398,14.597325428385398,224.21759181784034,0.6643256601540345,15,0.9625935162094763,0.09725685785536159
450,gu_koenker_npmle|deflated_sharpe|policy_hybrid_displacement|ttr24.0_pb0.3-0.7_act0_trl20_hl0.0|churn0.0,338.40803815578283,5314,221.41666666666666,0.06368235569359858,14.100334923157618,14.100334923157618,574.3683353792724,0.31265817156233994,14,0.9828754234098607,0.08280015054572827
451,eb_shrinkage_skill|deflated_sharpe|policy_hybrid_displacement|ttr24.0_pb0.3-0.7_act0_trl20_hl0.0|churn0.0,338.40803815578283,5314,221.41666666666666,0.06368235569359858,14.100334923157618,14.100334923157618,574.3683353792724,0.31265817156233994,14,0.9828754234098607,0.08280015054572827
452,proxy_clv|none|policy_full_rerank|ttr72.0_pb0.3-0.7_act0_trl0_hl0.0|churn0.0,334.89023276721093,332,13.833333333333334,1.0087055203831654,13.953759698633789,13.953759698633789,202.4719800511074,0.7230307283490923,13,0.9849397590361446,0.060240963855421686
453,gu_koenker_npmle|none|policy_online_weighting|ttr72.0_pb0.3-0.7_act0_trl0_hl0.0|churn0.75,333.93436793474626,662,27.583333333333332,0.5044325799618523,13.913931997281095,13.913931997281093,220.3398667569225,0.7316171737009222,13,0.9758308157099698,0.05891238670694864
454,gu_koenker_npmle|none|policy_online_weighting|ttr48.0_pb0.15-0.85_act0_trl0_hl0.0|churn0.75,328.85508152335996,338,14.083333333333334,0.9729440281756212,13.702295063473331,13.702295063473333,154.03503892422592,1.1901896927273012,12,0.8964497041420119,0.25443786982248523
455,gu_koenker_npmle|deflated_sharpe|policy_hybrid_displacement|ttr24.0_pb0.3-0.7_act0_trl20_hl0.0|churn0.75,315.15803815578283,5314,221.41666666666666,0.059307120465898165,13.131584923157618,13.131584923157618,573.5881969039782,0.303809277185196,14,0.9828754234098607,0.08280015054572827
456,eb_shrinkage_skill|deflated_sharpe|policy_hybrid_displacement|ttr24.0_pb0.3-0.7_act0_trl20_hl0.0|churn0.75,315.15803815578283,5314,221.41666666666666,0.059307120465898165,13.131584923157618,13.131584923157618,573.5881969039782,0.303809277185196,14,0.9828754234098607,0.08280015054572827
457,eb_shrinkage_skill|none|policy_online_weighting|ttr48.0_pb0.15-0.85_act0_trl0_hl0.0|churn0.0,309.99272031311494,283,11.791666666666666,1.095380637148816,12.91636334637979,12.916363346379788,132.60692066289204,1.042711381641907,10,0.8869257950530035,0.2862190812720848
458,proxy_clv|deflated_sharpe|policy_full_rerank|ttr24.0_pb0.3-0.7_act0_trl0_hl0.0|churn0.0,306.18894847825436,75,3.125,4.082519313043392,12.757872853260599,12.757872853260599,108.55177017008465,0.979733940122469,13,1.0,0.06666666666666667
459,t_stat_baseline|none|policy_knockout_backfill|ttr24.0_pb0.3-0.7_act0_trl0_hl0.0|churn0.0,296.7676739353155,149,6.208333333333333,1.9917293552705737,12.365319747304811,12.365319747304811,82.6174362255454,1.0577005525568373,14,0.8389261744966443,0.24161073825503357
460,eb_shrinkage_skill|none|policy_online_weighting|ttr48.0_pb0.3-0.7_act0_trl0_hl0.0|churn0.75,294.4789005958182,683,28.458333333333332,0.4311550521168641,12.269954191492424,12.269954191492424,226.3016716514359,0.6973930976228122,13,0.9765739385065886,0.06588579795021962
461,gu_koenker_npmle|none|policy_online_weighting|ttr24.0_pb0.15-0.85_act0_trl0_hl0.0|churn0.75,285.9492160952667,406,16.916666666666668,0.7043084140277505,11.914550670636112,11.914550670636112,140.0753630130061,1.0216608139869916,11,0.9679802955665024,0.10098522167487685
462,t_stat_baseline|none|policy_knockout_backfill|ttr24.0_pb0.3-0.7_act0_trl0_hl0.0|churn0.75,278.0176739353155,149,6.208333333333333,1.8658904290960772,11.584069747304811,11.584069747304811,81.63133101288918,1.0314181298071299,14,0.8389261744966443,0.24161073825503357
463,proxy_clv|none|policy_knockout_backfill|ttr72.0_pb0.3-0.7_act0_trl0_hl0.0|churn0.0,273.86074778953184,177,7.375,1.5472358632176941,11.410864491230493,11.410864491230495,76.79223742774434,0.8518147808888261,13,0.8644067796610169,0.23728813559322035
464,eb_shrinkage_skill|none|policy_online_weighting|ttr24.0_pb0.15-0.85_act0_trl0_hl0.0|churn0.0,262.82586854003137,381,15.875,0.6898316759580876,10.95107785583464,10.95107785583464,139.5022940966275,0.9539871863922675,10,0.9658792650918635,0.09186351706036745
465,t_stat_baseline|deflated_sharpe|policy_hybrid_displacement|ttr24.0_pb0.15-0.85_act0_trl0_hl0.0|churn0.0,260.17867344508164,309,12.875,0.8420021794339212,10.840778060211735,10.840778060211735,110.33014850520055,0.970824609173007,12,1.0,0.08414239482200647
466,proxy_clv|none|policy_knockout_backfill|ttr72.0_pb0.3-0.7_act0_trl0_hl0.0|churn0.75,255.11074778953187,177,7.375,1.4413036598278637,10.629614491230495,10.629614491230495,76.82903224871129,0.8265589439493147,13,0.8644067796610169,0.23728813559322035
467,t_stat_baseline|none|policy_full_rerank|ttr48.0_pb0.3-0.7_act0_trl0_hl0.0|churn0.75,244.58581028124956,401,16.708333333333332,0.6099396765118443,10.191075428385398,10.191075428385398,223.61681710202632,0.5778258767806428,12,0.9625935162094763,0.09725685785536159
468,gu_koenker_npmle|none|policy_online_weighting|ttr48.0_pb0.3-0.7_act0_trl0_hl0.0|churn0.0,236.32389651843357,673,28.041666666666668,0.35114992053259075,9.8468290216014,9.8468290216014,217.9012737226237,0.6436927257555154,13,0.9777117384843982,0.06092124814264487
469,proxy_clv|deflated_sharpe|policy_full_rerank|ttr48.0_pb0.3-0.7_act0_trl0_hl0.0|churn0.0,225.64483999626742,83,3.4583333333333335,2.7186125300755113,9.40186833317781,9.401868333177811,113.77532426528875,0.8441324493295889,12,1.0,0.07228915662650602
470,t_stat_baseline|deflated_sharpe|policy_hybrid_displacement|ttr24.0_pb0.15-0.85_act0_trl0_hl0.0|churn0.75,223.42867344508164,309,12.875,0.7230701405989697,9.309528060211735,9.309528060211735,110.41091943213266,0.9153306399452973,11,1.0,0.08414239482200647
471,proxy_clv|none|policy_full_rerank|ttr72.0_pb0.3-0.7_act0_trl0_hl0.0|churn0.75,220.14023276721105,332,13.833333333333334,0.6630729902626838,9.172509698633794,9.172509698633794,202.67002835078833,0.6119302209980515,13,0.9849397590361446,0.060240963855421686
472,eb_shrinkage_skill|none|policy_online_weighting|ttr48.0_pb0.15-0.85_act0_trl0_hl0.0|churn0.75,219.24272031311494,283,11.791666666666666,0.7747092590569432,9.13511334637979,9.135113346379788,132.36641089248275,0.9088470577398107,10,0.8869257950530035,0.2862190812720848
473,proxy_clv|none|policy_knockout_backfill|ttr48.0_pb0.15-0.85_act0_trl20_hl0.0|churn0.0,440.8876731870173,28562,1190.0833333333333,0.015436162495169011,18.37031971612572,9.07646354715938,1321.3996226209997,0.11514518684769613,13,0.9530495063370913,0.13728030249982495
474,proxy_clv|deflated_sharpe|policy_hybrid_displacement|ttr48.0_pb0.15-0.85_act0_trl0_hl0.0|churn0.0,211.90475205004702,293,12.208333333333334,0.723224409727123,8.829364668751959,8.82936466875196,142.212117901815,0.7130158262112635,12,1.0,0.07167235494880546
475,proxy_clv|deflated_sharpe|policy_full_rerank|ttr24.0_pb0.3-0.7_act0_trl0_hl0.0|churn0.75,208.6889484782544,75,3.125,2.782519313043392,8.695372853260599,8.695372853260599,108.60452091703824,0.8548187994313982,13,1.0,0.06666666666666667
476,proxy_clv|none|policy_knockout_backfill|ttr48.0_pb0.15-0.85_act0_trl20_hl0.0|churn0.75,422.1376731870173,28562,1190.0833333333333,0.014779695861179795,17.58906971612572,8.69046116637372,1321.7108855507643,0.11267060921089683,13,0.9530495063370913,0.13728030249982495
477,proxy_clv|none|policy_online_weighting|ttr24.0_pb0.15-0.85_act0_trl20_hl0.0|churn0.0,658.4603717580612,50041,2085.0416666666665,0.013158417532784341,27.435848823252552,7.7371495092771925,5445.271945336642,0.043412674101374546,19,0.9807957474870607,0.04883995123998321
478,proxy_clv|none|policy_full_rerank|ttr48.0_pb0.3-0.7_act0_trl0_hl0.0|churn0.0,171.38915060323507,320,13.333333333333334,0.5355910956351095,7.141214608468128,7.141214608468127,204.09275522954883,0.5411276558988195,13,0.9874999999999999,0.05
479,proxy_clv|deflated_sharpe|policy_hybrid_displacement|ttr24.0_pb0.15-0.85_act0_trl0_hl0.0|churn0.0,160.97502339972954,256,10.666666666666666,0.6288086851551935,6.707292641655397,6.707292641655397,122.97869855402773,0.720613702661897,13,1.0,0.0703125
480,eb_shrinkage_skill|none|policy_online_weighting|ttr24.0_pb0.15-0.85_act0_trl0_hl0.0|churn0.75,160.07586854003137,381,15.875,0.4201466365880088,6.66982785583464,6.66982785583464,139.6302432623206,0.8087307733372398,10,0.9658792650918635,0.09186351706036745
481,proxy_clv|none|policy_online_weighting|ttr24.0_pb0.15-0.85_act0_trl20_hl0.0|churn0.75,534.2656650189019,50041,2085.0416666666665,0.01067655852238968,22.26106937578758,6.277816411165132,5447.317421529159,0.03844771306880385,19,0.9807957474870607,0.04883995123998321
482,proxy_clv|none|policy_hybrid_displacement|ttr48.0_pb0.3-0.7_act0_trl20_hl0.0|churn0.0,484.00751248708207,45817,1909.0416666666667,0.01056392850878674,20.166979686961753,6.211589963166603,1262.0879199863693,0.1536853797442011,11,0.9781522142436213,0.06641639566099919
483,proxy_clv|deflated_sharpe|policy_hybrid_displacement|ttr72.0_pb0.15-0.85_act0_trl0_hl0.0|churn0.0,148.2164316395576,317,13.208333333333334,0.4675597212604341,6.1756846516482335,6.175684651648234,146.10117197330408,0.6309597703718014,12,1.0,0.07886435331230283
484,proxy_clv|deflated_sharpe|policy_hybrid_displacement|ttr48.0_pb0.15-0.85_act0_trl0_hl0.0|churn0.75,144.40475205004708,293,12.208333333333334,0.4928489831059627,6.016864668751961,6.016864668751961,142.52261693835231,0.6338597823564162,12,1.0,0.07167235494880546
485,t_stat_baseline|deflated_sharpe|policy_knockout_backfill|ttr72.0_pb0.15-0.85_act0_trl0_hl0.0|churn0.0,142.14016170641992,93,3.875,1.5283888355529023,5.922506737767496,5.922506737767496,98.92395701073002,0.9002321336834935,13,1.0,0.22580645161290322
486,proxy_clv|none|policy_hybrid_displacement|ttr48.0_pb0.3-0.7_act0_trl20_hl0.0|churn0.75,458.50751248708207,45817,1909.0416666666667,0.010007366533973898,19.104479686961753,5.8843315219766525,1262.8104898676622,0.14932856811585704,11,0.9781522142436213,0.06641639566099919
487,t_stat_baseline|none|policy_knockout_backfill|ttr48.0_pb0.15-0.85_act0_trl0_hl0.0|churn0.0,136.19698061619454,255,10.625,0.5341058063380177,5.674874192341439,5.674874192341439,143.13283096852163,0.6628383176584788,12,0.9019607843137255,0.1803921568627451
488,proxy_clv|deflated_sharpe|policy_full_rerank|ttr48.0_pb0.3-0.7_act0_trl0_hl0.0|churn0.75,130.39483999626736,83,3.4583333333333335,1.5710221686297272,5.433118333177807,5.433118333177807,113.85315894651615,0.7236998692652461,12,1.0,0.07228915662650602
489,gu_koenker_npmle|none|policy_online_weighting|ttr48.0_pb0.3-0.7_act0_trl0_hl0.0|churn0.75,126.82389651843357,673,28.041666666666668,0.18844561146869773,5.2843290216013985,5.284329021601399,218.4449707951673,0.5362377063942407,13,0.9777117384843982,0.06092124814264487
490,t_stat_baseline|deflated_sharpe|policy_knockout_backfill|ttr72.0_pb0.15-0.85_act0_trl0_hl0.0|churn0.75,123.39016170641992,93,3.875,1.3267759323270958,5.141256737767496,5.141256737767496,99.06069855239552,0.8669924280155824,13,1.0,0.22580645161290322
491,t_stat_baseline|none|policy_knockout_backfill|ttr48.0_pb0.15-0.85_act0_trl0_hl0.0|churn0.75,117.44698061619454,255,10.625,0.4605763945733119,4.893624192341439,4.893624192341439,142.97786712395785,0.6399680803090664,11,0.9019607843137255,0.1803921568627451
492,proxy_clv|deflated_sharpe|policy_full_rerank|ttr48.0_pb0.15-0.85_act0_trl0_hl0.0|churn0.0,115.14939102932365,150,6.25,0.7676626068621577,4.797891292888486,4.797891292888486,102.07919500865415,0.8421759190483505,7,0.9933333333333333,0.16
493,proxy_clv|deflated_sharpe|policy_knockout_backfill|ttr48.0_pb0.3-0.7_act0_trl0_hl0.0|churn0.0,112.95895558099141,158,6.583333333333333,0.7149300986138697,4.706623149207975,4.706623149207975,96.28220356066065,0.7560262044676251,14,1.0,0.22151898734177214
494,t_stat_baseline|deflated_sharpe|policy_hybrid_displacement|ttr72.0_pb0.15-0.85_act0_trl0_hl0.0|churn0.0,106.61141671341986,405,16.875,0.26323806595906135,4.442142363059161,4.44214236305916,106.06495621030602,0.7445048200373593,10,1.0,0.09135802469135802
495,t_stat_baseline|none|policy_full_rerank|ttr24.0_pb0.3-0.7_act0_trl0_hl0.0|churn0.0,104.78059184239527,371,15.458333333333334,0.2824274712733026,4.365857993433136,4.365857993433136,227.239479514924,0.43592742914336485,12,0.9568733153638814,0.08355795148247978
496,proxy_clv|deflated_sharpe|policy_full_rerank|ttr72.0_pb0.15-0.85_act0_trl0_hl0.0|churn0.0,98.20596181367364,144,6.0,0.6819858459282891,4.091915075569735,4.091915075569735,99.32886852649555,0.795469128650918,8,1.0,0.16666666666666666
497,proxy_clv|deflated_sharpe|policy_knockout_backfill|ttr48.0_pb0.3-0.7_act0_trl0_hl0.0|churn0.75,94.20895558099141,158,6.583333333333333,0.5962592125379204,3.9253731492079758,3.9253731492079753,95.80404518153017,0.7363837400193217,14,1.0,0.22151898734177214
498,proxy_clv|deflated_sharpe|policy_hybrid_displacement|ttr24.0_pb0.15-0.85_act0_trl0_hl0.0|churn0.75,91.97502339972952,256,10.666666666666666,0.35927743515519345,3.8322926416553966,3.8322926416553966,122.74379056511845,0.6354327373131093,12,1.0,0.0703125
499,proxy_clv|deflated_sharpe|policy_hybrid_displacement|ttr72.0_pb0.15-0.85_act0_trl0_hl0.0|churn0.75,79.21643163955764,317,13.208333333333334,0.24989410611847837,3.300684651648235,3.3006846516482353,146.4149546521851,0.5522915994015797,11,1.0,0.07886435331230283
500,t_stat_baseline|deflated_sharpe|policy_hybrid_displacement|ttr72.0_pb0.15-0.85_act0_trl0_hl0.0|churn0.75,69.86141671341986,405,16.875,0.17249732521832065,2.9108923630591605,2.910892363059161,106.26004404710436,0.6896980868324931,10,1.0,0.09135802469135802
501,proxy_clv|none|policy_full_rerank|ttr48.0_pb0.3-0.7_act0_trl0_hl0.0|churn0.75,57.389150603235066,320,13.333333333333334,0.17934109563510958,2.3912146084681276,2.391214608468128,204.32340832165113,0.4367936887381006,12,0.9874999999999999,0.05
502,t_stat_baseline|none|policy_knockout_backfill|ttr72.0_pb0.3-0.7_act0_trl0_hl0.0|churn0.0,43.23745454174025,172,7.166666666666667,0.25138054966128054,1.8015606059058438,1.801560605905844,93.54178184820026,0.5678945404364921,12,0.8604651162790697,0.23837209302325582
503,t_stat_baseline|none|policy_knockout_backfill|ttr48.0_pb0.3-0.7_act0_trl0_hl0.0|churn0.0,40.501619128385585,172,7.166666666666667,0.23547452981619527,1.6875674636827327,1.687567463682733,89.99367932355752,0.6033812553733441,12,0.8604651162790697,0.23837209302325582
504,t_stat_baseline|none|policy_knockout_backfill|ttr72.0_pb0.3-0.7_act0_trl0_hl0.0|churn0.75,24.48745454174025,172,7.166666666666667,0.14236892175430377,1.0203106059058438,1.0203106059058438,92.79011423763568,0.5458770052373534,12,0.8604651162790697,0.23837209302325582
505,proxy_clv|deflated_sharpe|policy_full_rerank|ttr48.0_pb0.15-0.85_act0_trl0_hl0.0|churn0.75,24.399391029323624,150,6.25,0.1626626068621575,1.0166412928884843,1.0166412928884845,102.08845490681887,0.6984194165144706,7,0.9933333333333333,0.16
506,t_stat_baseline|none|policy_knockout_backfill|ttr48.0_pb0.3-0.7_act0_trl0_hl0.0|churn0.75,21.7516191283856,172,7.166666666666667,0.1264629019092186,0.9063174636827332,0.9063174636827334,89.20623493587088,0.5806009773678652,12,0.8604651162790697,0.23837209302325582
507,eb_shrinkage_skill|deflated_sharpe|policy_hybrid_displacement|ttr48.0_pb0.15-0.85_act0_trl20_hl0.0|churn0.0,6.478038621907899,3706,154.41666666666666,0.0017479866761759037,0.26991827591282913,0.26991827591282913,272.062204431986,0.3291824683348651,14,0.9487317862924987,0.11656772800863464
508,proxy_clv|deflated_sharpe|policy_full_rerank|ttr72.0_pb0.15-0.85_act0_trl0_hl0.0|churn0.75,5.205961813673639,144,6.0,0.036152512594955825,0.21691507556973497,0.21691507556973494,99.3455216483034,0.652966401222121,7,1.0,0.16666666666666666
509,proxy_clv|none|policy_hybrid_displacement|ttr72.0_pb0.15-0.85_act0_trl0_hl0.0|churn0.0,-1.3420548457718837,405,16.875,-0.0033137156685725524,-0.05591895190716182,-0.05591895190716182,151.29486139235098,0.47272025122316647,14,0.9407407407407408,0.13333333333333333
510,t_stat_baseline|none|policy_full_rerank|ttr24.0_pb0.3-0.7_act0_trl0_hl0.0|churn0.75,-5.469408157604732,371,15.458333333333334,-0.01474234004745211,-0.22789200656686384,-0.22789200656686387,226.80543163324444,0.3477192322584346,12,0.9568733153638814,0.08355795148247978
511,t_stat_baseline|deflated_sharpe|policy_knockout_backfill|ttr48.0_pb0.15-0.85_act0_trl0_hl0.0|churn0.0,-8.294118478200431,69,2.875,-0.1202046156260932,-0.34558826992501795,-0.34558826992501795,99.55574482715532,0.6516737731852352,13,1.0,0.2463768115942029
512,proxy_clv|deflated_sharpe|policy_knockout_backfill|ttr72.0_pb0.3-0.7_act0_trl0_hl0.0|churn0.0,-15.743573705249588,133,5.541666666666667,-0.11837273462593675,-0.6559822377187329,-0.6559822377187329,45.0129558300819,0.6060014241483548,15,1.0,0.21052631578947367
513,eb_shrinkage_skill|deflated_sharpe|policy_hybrid_displacement|ttr48.0_pb0.15-0.85_act0_trl20_hl0.0|churn0.75,-21.2719613780921,3706,154.41666666666666,-0.0057398708521565305,-0.8863317240871709,-0.8863317240871709,271.91357157955883,0.30850305465621425,14,0.9487317862924987,0.11656772800863464
514,t_stat_baseline|deflated_sharpe|policy_hybrid_displacement|ttr48.0_pb0.15-0.85_act0_trl0_hl0.0|churn0.0,-25.49124553334329,366,15.25,-0.06964821183973577,-1.0621352305559704,-1.0621352305559704,112.4761323352366,0.5647155047239865,10,1.0,0.08743169398907104
515,t_stat_baseline|deflated_sharpe|policy_knockout_backfill|ttr48.0_pb0.15-0.85_act0_trl0_hl0.0|churn0.75,-27.04411847820043,69,2.875,-0.39194374606087584,-1.126838269925018,-1.1268382699250181,99.71194553907635,0.6198920272271363,13,1.0,0.2463768115942029
516,proxy_clv|deflated_sharpe|policy_full_rerank|ttr72.0_pb0.3-0.7_act0_trl0_hl0.0|churn0.0,-27.823941029227058,84,3.5,-0.331237393205084,-1.159330876217794,-1.159330876217794,84.2309521418788,0.5608747871060703,13,1.0,0.08333333333333333
517,proxy_clv|deflated_sharpe|policy_knockout_backfill|ttr72.0_pb0.3-0.7_act0_trl0_hl0.0|churn0.75,-34.493573705249595,133,5.541666666666667,-0.25935017823495937,-1.4372322377187332,-1.4372322377187332,44.404947295953725,0.5770632736649673,14,1.0,0.21052631578947367
518,t_stat_baseline|deflated_sharpe|policy_hybrid_displacement|ttr48.0_pb0.15-0.85_act0_trl0_hl0.0|churn0.75,-62.991245533343346,366,15.25,-0.17210722823317853,-2.6246352305559726,-2.6246352305559726,112.70562175530915,0.5094161981325082,10,1.0,0.08743169398907104
519,proxy_clv|deflated_sharpe|policy_full_rerank|ttr24.0_pb0.15-0.85_act0_trl0_hl0.0|churn0.0,-73.27917005024483,118,4.916666666666667,-0.6210099156800409,-3.0532987520935344,-3.053298752093535,93.56221925914268,0.6085410293016478,10,0.9830508474576272,0.1864406779661017
520,proxy_clv|none|policy_hybrid_displacement|ttr72.0_pb0.15-0.85_act0_trl0_hl0.0|churn0.75,-73.34205484577188,405,16.875,-0.18109149344635034,-3.0559189519071617,-3.055918951907162,151.06927938142314,0.39181325222845215,12,0.9407407407407408,0.13333333333333333
521,proxy_clv|deflated_sharpe|policy_knockout_backfill|ttr24.0_pb0.15-0.85_act0_trl0_hl0.0|churn0.0,-83.87263278372234,43,1.7916666666666667,-1.9505263438074962,-3.4946930326550976,-3.4946930326550976,50.78833123315247,0.5359904753258488,14,1.0,0.20930232558139536
522,proxy_clv|none|policy_full_rerank|ttr24.0_pb0.3-0.7_act0_trl0_hl0.0|churn0.0,-95.48473672871182,306,12.75,-0.31204162329644386,-3.9785306970296594,-3.978530697029659,199.40097186407556,0.30525488209375995,13,0.9934640522875817,0.042483660130718956
523,gu_koenker_npmle|deflated_sharpe|policy_knockout_backfill|ttr48.0_pb0.15-0.85_act0_trl0_hl0.0|churn0.0,-101.93701313588079,77,3.2083333333333335,-1.3238573134529972,-4.2473755473283665,-4.2473755473283665,76.45885368753746,0.488372641494621,12,1.0,0.23376623376623376
524,eb_shrinkage_skill|deflated_sharpe|policy_knockout_backfill|ttr48.0_pb0.15-0.85_act0_trl0_hl0.0|churn0.0,-101.93701313588079,77,3.2083333333333335,-1.3238573134529972,-4.2473755473283665,-4.2473755473283665,76.45885368753746,0.488372641494621,12,1.0,0.23376623376623376
525,proxy_clv|deflated_sharpe|policy_knockout_backfill|ttr24.0_pb0.15-0.85_act0_trl0_hl0.0|churn0.75,-102.62263278372234,43,1.7916666666666667,-2.386572855435403,-4.275943032655097,-4.275943032655097,50.215945151865434,0.5062806669874826,13,1.0,0.20930232558139536
526,t_stat_baseline|none|policy_knockout_backfill|ttr24.0_pb0.3-0.7_act0_trl20_hl0.0|churn0.0,-396.2327451491565,50242,2093.4166666666665,-0.007886484318879752,-16.509697714548185,-4.637252779501294,2773.4911970636113,0.0017711552020391243,14,0.9931133314756578,0.02022212491540942
527,t_stat_baseline|none|policy_knockout_backfill|ttr24.0_pb0.3-0.7_act0_trl20_hl0.0|churn0.75,-414.9827451491565,50242,2093.4166666666665,-0.008259678061167081,-17.290947714548185,-4.856690699966244,2773.3124015568937,0.0007211028211966646,14,0.9931133314756578,0.02022212491540942
528,eb_shrinkage_skill|deflated_sharpe|policy_knockout_backfill|ttr48.0_pb0.15-0.85_act0_trl0_hl0.0|churn0.75,-120.68701313588079,77,3.2083333333333335,-1.5673638069594908,-5.0286255473283665,-5.0286255473283665,76.62062680909696,0.45864685203104527,12,1.0,0.23376623376623376
529,gu_koenker_npmle|deflated_sharpe|policy_knockout_backfill|ttr48.0_pb0.15-0.85_act0_trl0_hl0.0|churn0.75,-120.68701313588079,77,3.2083333333333335,-1.5673638069594908,-5.0286255473283665,-5.0286255473283665,76.62062680909696,0.45864685203104527,12,1.0,0.23376623376623376
530,proxy_clv|deflated_sharpe|policy_full_rerank|ttr72.0_pb0.3-0.7_act0_trl0_hl0.0|churn0.75,-125.32394102922709,84,3.5,-1.49195167891937,-5.221830876217795,-5.221830876217795,84.15480020052087,0.4233019234683644,12,1.0,0.08333333333333333
531,eb_shrinkage_skill|deflated_sharpe|policy_knockout_backfill|ttr72.0_pb0.15-0.85_act0_trl0_hl0.0|churn0.0,-132.7089322217895,101,4.208333333333333,-1.3139498239781138,-5.529538842574563,-5.529538842574562,74.67891802806449,0.4527108925103409,13,1.0,0.21782178217821782
532,gu_koenker_npmle|deflated_sharpe|policy_knockout_backfill|ttr72.0_pb0.15-0.85_act0_trl0_hl0.0|churn0.0,-132.7089322217895,101,4.208333333333333,-1.3139498239781138,-5.529538842574563,-5.529538842574562,74.67891802806449,0.4527108925103409,13,1.0,0.21782178217821782
533,gu_koenker_npmle|deflated_sharpe|policy_knockout_backfill|ttr72.0_pb0.15-0.85_act0_trl0_hl0.0|churn0.75,-151.4589322217895,101,4.208333333333333,-1.4995933883345494,-6.310788842574563,-6.310788842574562,74.73514375060758,0.4228472625965189,13,1.0,0.21782178217821782
534,eb_shrinkage_skill|deflated_sharpe|policy_knockout_backfill|ttr72.0_pb0.15-0.85_act0_trl0_hl0.0|churn0.75,-151.4589322217895,101,4.208333333333333,-1.4995933883345494,-6.310788842574563,-6.310788842574562,74.73514375060758,0.4228472625965189,13,1.0,0.21782178217821782
535,proxy_clv|deflated_sharpe|policy_full_rerank|ttr24.0_pb0.15-0.85_act0_trl0_hl0.0|churn0.75,-153.52917005024483,118,4.916666666666667,-1.3010946614427528,-6.397048752093535,-6.397048752093535,92.83966632838056,0.47070270314961854,9,0.9830508474576272,0.1864406779661017
536,proxy_clv|none|policy_full_rerank|ttr72.0_pb0.15-0.85_act0_trl0_hl0.0|churn0.0,-209.8639258713323,292,12.166666666666666,-0.718712074901823,-8.744330244638846,-8.744330244638846,151.90498245882105,0.29697527008387464,9,0.982876712328767,0.11986301369863013
537,proxy_clv|none|policy_full_rerank|ttr24.0_pb0.3-0.7_act0_trl0_hl0.0|churn0.75,-210.23473672871182,306,12.75,-0.6870416232964439,-8.75978069702966,-8.75978069702966,199.34200426867417,0.1997019760932047,12,0.9934640522875817,0.042483660130718956
538,proxy_clv|none|policy_hybrid_displacement|ttr24.0_pb0.3-0.7_act0_trl20_hl0.0|churn0.0,-852.0086546258356,50892,2120.5,-0.01674150464956841,-35.50036060940982,-9.844004733946225,1228.34787479599,-0.08445895070642134,11,0.9851450129686394,0.04448636327910084
539,proxy_clv|none|policy_hybrid_displacement|ttr24.0_pb0.3-0.7_act0_trl20_hl0.0|churn0.75,-880.5086546258356,50892,2120.5,-0.01730151408130621,-36.68786060940982,-10.17329027980805,1228.5371818683032,-0.09020685961721892,11,0.9851450129686394,0.04448636327910084
540,proxy_clv|deflated_sharpe|policy_knockout_backfill|ttr72.0_pb0.15-0.85_act0_trl0_hl0.0|churn0.0,-246.23087085116555,181,7.541666666666667,-1.360391551663898,-10.259619618798565,-10.259619618798565,52.60683868018816,0.2838445804461251,10,1.0,0.20994475138121546
541,gu_koenker_npmle|deflated_sharpe|policy_hybrid_displacement|ttr24.0_pb0.15-0.85_act0_trl0_hl0.0|churn0.0,-253.14481377403206,266,11.083333333333334,-0.9516722322332032,-10.547700573918002,-10.547700573918002,112.29946478288977,0.275172559276038,12,0.9962406015037594,0.07894736842105263
542,eb_shrinkage_skill|deflated_sharpe|policy_hybrid_displacement|ttr24.0_pb0.15-0.85_act0_trl0_hl0.0|churn0.0,-253.14481377403206,266,11.083333333333334,-0.9516722322332032,-10.547700573918002,-10.547700573918002,112.29946478288977,0.275172559276038,12,0.9962406015037594,0.07894736842105263
543,proxy_clv|deflated_sharpe|policy_knockout_backfill|ttr48.0_pb0.15-0.85_act0_trl0_hl0.0|churn0.0,-258.7128337479408,127,5.291666666666667,-2.03710892714914,-10.7797014061642,-10.7797014061642,58.83844488446367,0.2736721721084164,10,1.0,0.2125984251968504
544,proxy_clv|deflated_sharpe|policy_knockout_backfill|ttr72.0_pb0.15-0.85_act0_trl0_hl0.0|churn0.75,-264.98087085116555,181,7.541666666666667,-1.4639827118848925,-11.040869618798565,-11.040869618798565,52.32367243557026,0.2539729979917616,10,1.0,0.20994475138121546
545,proxy_clv|deflated_sharpe|policy_knockout_backfill|ttr48.0_pb0.15-0.85_act0_trl0_hl0.0|churn0.75,-277.4628337479408,127,5.291666666666667,-2.184746722424731,-11.5609514061642,-11.5609514061642,58.57816878503169,0.2428092719663711,10,1.0,0.2125984251968504
546,eb_shrinkage_skill|deflated_sharpe|policy_hybrid_displacement|ttr24.0_pb0.15-0.85_act0_trl0_hl0.0|churn0.75,-298.89481377403206,266,11.083333333333334,-1.1236647134362108,-12.453950573918002,-12.453950573918004,112.12197346507394,0.2033616095663683,11,0.9962406015037594,0.07894736842105263
547,gu_koenker_npmle|deflated_sharpe|policy_hybrid_displacement|ttr24.0_pb0.15-0.85_act0_trl0_hl0.0|churn0.75,-298.89481377403206,266,11.083333333333334,-1.1236647134362108,-12.453950573918002,-12.453950573918004,112.12197346507394,0.2033616095663683,11,0.9962406015037594,0.07894736842105263
548,t_stat_baseline|none|policy_hybrid_displacement|ttr72.0_pb0.15-0.85_act0_trl0_hl0.0|churn0.0,-304.0315066348225,503,20.958333333333332,-0.6044363949002436,-12.667979443117604,-12.667979443117604,200.44081660617678,0.1346482492040525,12,0.9801192842942346,0.1073558648111332
549,proxy_clv|none|policy_full_rerank|ttr72.0_pb0.15-0.85_act0_trl0_hl0.0|churn0.75,-311.1139258713323,292,12.166666666666666,-1.0654586502442887,-12.963080244638846,-12.963080244638844,151.2906805166596,0.15970633349844024,7,0.982876712328767,0.11986301369863013
550,t_stat_baseline|deflated_sharpe|policy_full_rerank|ttr72.0_pb0.3-0.7_act0_trl0_hl0.0|churn0.0,-334.63239115083115,122,5.083333333333333,-2.742888452055993,-13.943016297951297,-13.943016297951296,84.8210377178088,0.14992159991485496,12,1.0,0.05737704918032787
551,gu_koenker_npmle|deflated_sharpe|policy_full_rerank|ttr72.0_pb0.3-0.7_act0_trl0_hl0.0|churn0.0,-334.63239115083115,122,5.083333333333333,-2.742888452055993,-13.943016297951297,-13.943016297951296,84.8210377178088,0.14992159991485496,12,1.0,0.05737704918032787
552,eb_shrinkage_skill|deflated_sharpe|policy_online_weighting|ttr72.0_pb0.3-0.7_act0_trl0_hl0.0|churn0.0,-334.63239115083115,122,5.083333333333333,-2.742888452055993,-13.943016297951297,-13.943016297951296,84.8210377178088,0.14992159991485496,12,1.0,0.05737704918032787
553,gu_koenker_npmle|deflated_sharpe|policy_online_weighting|ttr72.0_pb0.3-0.7_act0_trl0_hl0.0|churn0.0,-334.63239115083115,122,5.083333333333333,-2.742888452055993,-13.943016297951297,-13.943016297951296,84.8210377178088,0.14992159991485496,12,1.0,0.05737704918032787
554,eb_shrinkage_skill|deflated_sharpe|policy_full_rerank|ttr72.0_pb0.3-0.7_act0_trl0_hl0.0|churn0.0,-334.63239115083115,122,5.083333333333333,-2.742888452055993,-13.943016297951297,-13.943016297951296,84.8210377178088,0.14992159991485496,12,1.0,0.05737704918032787
555,t_stat_baseline|deflated_sharpe|policy_knockout_backfill|ttr24.0_pb0.15-0.85_act0_trl0_hl0.0|churn0.0,-341.8590783870609,43,1.7916666666666667,-7.950211125280486,-14.244128266127538,-14.244128266127538,73.4115950346103,0.13090745212029106,10,1.0,0.32558139534883723
556,t_stat_baseline|none|policy_knockout_backfill|ttr72.0_pb0.15-0.85_act0_trl0_hl0.0|churn0.0,-342.7104058357086,277,11.541666666666666,-1.2372216817173596,-14.279600243154526,-14.279600243154524,144.8496973433322,0.1087603844291887,10,0.9097472924187725,0.16606498194945848
557,t_stat_baseline|deflated_sharpe|policy_knockout_backfill|ttr24.0_pb0.15-0.85_act0_trl0_hl0.0|churn0.75,-360.6090783870609,43,1.7916666666666667,-8.386257636908393,-15.025378266127538,-15.025378266127538,73.18622878038768,0.10245084836367375,9,1.0,0.32558139534883723
558,t_stat_baseline|none|policy_knockout_backfill|ttr72.0_pb0.15-0.85_act0_trl0_hl0.0|churn0.75,-361.4604058357086,277,11.541666666666666,-1.3049112124032802,-15.060850243154526,-15.060850243154524,144.62959522694328,0.0847597548337475,10,0.9097472924187725,0.16606498194945848
559,gu_koenker_npmle|deflated_sharpe|policy_hybrid_displacement|ttr72.0_pb0.15-0.85_act0_trl0_hl0.0|churn0.0,-361.80747612308915,191,7.958333333333333,-1.8942799797020373,-15.075311505128715,-15.075311505128713,123.96817099509077,0.0867462831413933,11,1.0,0.14136125654450263
560,eb_shrinkage_skill|deflated_sharpe|policy_hybrid_displacement|ttr72.0_pb0.15-0.85_act0_trl0_hl0.0|churn0.0,-361.80747612308915,191,7.958333333333333,-1.8942799797020373,-15.075311505128715,-15.075311505128713,123.96817099509077,0.0867462831413933,11,1.0,0.14136125654450263
561,proxy_clv|none|policy_full_rerank|ttr48.0_pb0.15-0.85_act0_trl0_hl0.0|churn0.0,-368.449358417155,300,12.5,-1.2281645280571833,-15.352056600714791,-15.352056600714793,146.10905364239568,0.08051963709494937,5,0.9833333333333334,0.12
562,t_stat_baseline|none|policy_hybrid_displacement|ttr72.0_pb0.15-0.85_act0_trl0_hl0.0|churn0.75,-371.5315066348225,503,20.958333333333332,-0.7386312259141601,-15.480479443117604,-15.480479443117604,200.41157782474667,0.061019309022208895,12,0.9801192842942346,0.1073558648111332
563,proxy_clv|none|policy_knockout_backfill|ttr72.0_pb0.15-0.85_act0_trl0_hl0.0|churn0.0,-375.17051581043506,459,19.125,-0.817364958192669,-15.632104825434794,-15.632104825434794,151.06186238044478,0.07396634602203947,13,0.9455337690631809,0.1568627450980392
564,gu_koenker_npmle|deflated_sharpe|policy_online_weighting|ttr72.0_pb0.3-0.7_act0_trl0_hl0.0|churn0.75,-390.88239115083115,122,5.083333333333333,-3.203954025826485,-16.2867662979513,-16.286766297951296,84.52794128762083,0.05939282159492735,12,1.0,0.05737704918032787
565,gu_koenker_npmle|deflated_sharpe|policy_full_rerank|ttr72.0_pb0.3-0.7_act0_trl0_hl0.0|churn0.75,-390.88239115083115,122,5.083333333333333,-3.203954025826485,-16.2867662979513,-16.286766297951296,84.52794128762083,0.05939282159492735,12,1.0,0.05737704918032787
566,t_stat_baseline|deflated_sharpe|policy_full_rerank|ttr72.0_pb0.3-0.7_act0_trl0_hl0.0|churn0.75,-390.88239115083115,122,5.083333333333333,-3.203954025826485,-16.2867662979513,-16.286766297951296,84.52794128762083,0.05939282159492735,12,1.0,0.05737704918032787
567,eb_shrinkage_skill|deflated_sharpe|policy_online_weighting|ttr72.0_pb0.3-0.7_act0_trl0_hl0.0|churn0.75,-390.88239115083115,122,5.083333333333333,-3.203954025826485,-16.2867662979513,-16.286766297951296,84.52794128762083,0.05939282159492735,12,1.0,0.05737704918032787
568,eb_shrinkage_skill|deflated_sharpe|policy_full_rerank|ttr72.0_pb0.3-0.7_act0_trl0_hl0.0|churn0.75,-390.88239115083115,122,5.083333333333333,-3.203954025826485,-16.2867662979513,-16.286766297951296,84.52794128762083,0.05939282159492735,12,1.0,0.05737704918032787
569,proxy_clv|none|policy_knockout_backfill|ttr72.0_pb0.15-0.85_act0_trl0_hl0.0|churn0.75,-393.92051581043506,459,19.125,-0.8582146313952833,-16.413354825434794,-16.413354825434794,150.7952447668501,0.04765754085714934,12,0.9455337690631809,0.1568627450980392
570,t_stat_baseline|none|policy_full_rerank|ttr48.0_pb0.15-0.85_act0_trl0_hl0.0|churn0.0,-399.88600551895433,305,12.708333333333334,-1.3111016574391945,-16.661916896623097,-16.661916896623097,144.77099153808442,0.2116773363331951,9,0.9639344262295082,0.1737704918032787
571,proxy_clv|none|policy_knockout_backfill|ttr48.0_pb0.15-0.85_act0_trl0_hl0.0|churn0.0,-402.36434520518105,289,12.041666666666666,-1.3922641702601422,-16.765181050215876,-16.765181050215876,153.0821722031802,0.03461524178909382,12,0.9134948096885813,0.18685121107266436
572,eb_shrinkage_skill|deflated_sharpe|policy_hybrid_displacement|ttr72.0_pb0.15-0.85_act0_trl0_hl0.0|churn0.75,-403.80747612308903,191,7.958333333333333,-2.114175267660152,-16.82531150512871,-16.82531150512871,123.92704647492123,0.03150135669715631,11,1.0,0.14136125654450263
573,gu_koenker_npmle|deflated_sharpe|policy_hybrid_displacement|ttr72.0_pb0.15-0.85_act0_trl0_hl0.0|churn0.75,-403.80747612308903,191,7.958333333333333,-2.114175267660152,-16.82531150512871,-16.82531150512871,123.92704647492123,0.03150135669715631,11,1.0,0.14136125654450263
574,t_stat_baseline|none|policy_hybrid_displacement|ttr24.0_pb0.15-0.85_act0_trl0_hl0.0|churn0.0,-418.13861497666755,472,19.666666666666668,-0.8858868961370076,-17.42244229069448,-17.422442290694484,150.36624051981704,0.01315836304529748,13,0.9533898305084746,0.12076271186440678
575,proxy_clv|none|policy_knockout_backfill|ttr48.0_pb0.15-0.85_act0_trl0_hl0.0|churn0.75,-421.11434520518105,289,12.041666666666666,-1.457143062993706,-17.546431050215876,-17.546431050215876,152.90258117636634,0.009144159650049435,12,0.9134948096885813,0.18685121107266436
576,t_stat_baseline|deflated_sharpe|policy_hybrid_displacement|ttr24.0_pb0.3-0.7_act0_trl0_hl0.0|churn0.0,-421.7854409557288,138,5.75,-3.056416238809629,-17.574393373155367,-17.574393373155367,104.7577209499883,0.009386409370853123,10,1.0,0.10869565217391304
577,t_stat_baseline|none|policy_full_rerank|ttr72.0_pb0.15-0.85_act0_trl0_hl0.0|churn0.0,-427.85490849172817,282,11.75,-1.5172159875593196,-17.827287853822007,-17.827287853822007,140.1509003986753,0.0,0,0.9645390070921985,0.16312056737588654
578,t_stat_baseline|deflated_sharpe|policy_hybrid_displacement|ttr24.0_pb0.3-0.7_act0_trl0_hl0.0|churn0.75,-451.0354409557288,138,5.75,-3.2683727605487594,-18.793143373155367,-18.793143373155367,104.50682174556735,-0.03589356187904095,10,1.0,0.10869565217391304
579,gu_koenker_npmle|deflated_sharpe|policy_full_rerank|ttr24.0_pb0.3-0.7_act0_trl0_hl0.0|churn0.0,-458.79783753163014,110,4.583333333333333,-4.170889432105729,-19.116576563817922,-19.116576563817922,85.10705795989877,-0.04871964543418903,10,1.0,0.06363636363636363
580,gu_koenker_npmle|deflated_sharpe|policy_online_weighting|ttr24.0_pb0.3-0.7_act0_trl0_hl0.0|churn0.0,-458.79783753163014,110,4.583333333333333,-4.170889432105729,-19.116576563817922,-19.116576563817922,85.10705795989877,-0.04871964543418903,10,1.0,0.06363636363636363
581,eb_shrinkage_skill|deflated_sharpe|policy_online_weighting|ttr24.0_pb0.3-0.7_act0_trl0_hl0.0|churn0.0,-458.79783753163014,110,4.583333333333333,-4.170889432105729,-19.116576563817922,-19.116576563817922,85.10705795989877,-0.04871964543418903,10,1.0,0.06363636363636363
582,t_stat_baseline|deflated_sharpe|policy_full_rerank|ttr24.0_pb0.3-0.7_act0_trl0_hl0.0|churn0.0,-458.79783753163014,110,4.583333333333333,-4.170889432105729,-19.116576563817922,-19.116576563817922,85.10705795989877,-0.04871964543418903,10,1.0,0.06363636363636363
583,eb_shrinkage_skill|deflated_sharpe|policy_full_rerank|ttr24.0_pb0.3-0.7_act0_trl0_hl0.0|churn0.0,-458.79783753163014,110,4.583333333333333,-4.170889432105729,-19.116576563817922,-19.116576563817922,85.10705795989877,-0.04871964543418903,10,1.0,0.06363636363636363
584,eb_shrinkage_skill|none|policy_online_weighting|ttr24.0_pb0.3-0.7_act0_trl0_hl0.0|churn0.0,-460.8575996194228,892,37.166666666666664,-0.5166565018154964,-19.202399984142616,-19.202399984142616,311.96336288032455,-0.02139773653765441,13,0.9854260089686099,0.033632286995515695
585,gu_koenker_npmle|deflated_sharpe|policy_knockout_backfill|ttr24.0_pb0.15-0.85_act0_trl0_hl0.0|churn0.0,-466.66057773251134,84,3.5,-5.5554830682441825,-19.44419073885464,-19.444190738854637,87.1724857753702,-0.06097544935548922,11,1.0,0.19047619047619047
586,eb_shrinkage_skill|deflated_sharpe|policy_knockout_backfill|ttr24.0_pb0.15-0.85_act0_trl0_hl0.0|churn0.0,-466.66057773251134,84,3.5,-5.5554830682441825,-19.44419073885464,-19.444190738854637,87.1724857753702,-0.06097544935548922,11,1.0,0.19047619047619047
587,proxy_clv|none|policy_full_rerank|ttr48.0_pb0.15-0.85_act0_trl0_hl0.0|churn0.75,-467.449358417155,300,12.5,-1.5581645280571834,-19.477056600714793,-19.477056600714793,145.61467166662,-0.05385555291785161,5,0.9833333333333334,0.12
588,eb_shrinkage_skill|deflated_sharpe|policy_hybrid_displacement|ttr48.0_pb0.15-0.85_act0_trl0_hl0.0|churn0.0,-468.2748898865169,154,6.416666666666667,-3.040746038224136,-19.511453745271538,-19.511453745271538,119.36998527555765,-0.05620314513185969,10,0.9935064935064934,0.14935064935064934
589,gu_koenker_npmle|deflated_sharpe|policy_hybrid_displacement|ttr48.0_pb0.15-0.85_act0_trl0_hl0.0|churn0.0,-468.2748898865169,154,6.416666666666667,-3.040746038224136,-19.511453745271538,-19.511453745271538,119.36998527555765,-0.05620314513185969,10,0.9935064935064934,0.14935064935064934
590,eb_shrinkage_skill|deflated_sharpe|policy_knockout_backfill|ttr24.0_pb0.15-0.85_act0_trl0_hl0.0|churn0.75,-485.41057773251134,84,3.5,-5.778697353958468,-20.22544073885464,-20.225440738854637,86.9469677382177,-0.09056300666845796,10,1.0,0.19047619047619047
591,gu_koenker_npmle|deflated_sharpe|policy_knockout_backfill|ttr24.0_pb0.15-0.85_act0_trl0_hl0.0|churn0.75,-485.41057773251134,84,3.5,-5.778697353958468,-20.22544073885464,-20.225440738854637,86.9469677382177,-0.09056300666845796,10,1.0,0.19047619047619047
592,t_stat_baseline|none|policy_hybrid_displacement|ttr24.0_pb0.15-0.85_act0_trl0_hl0.0|churn0.75,-487.13861497666755,472,19.666666666666668,-1.0320733368149737,-20.29744229069448,-20.297442290694484,150.3056233222239,-0.08001927095986679,13,0.9533898305084746,0.12076271186440678
593,gu_koenker_npmle|deflated_sharpe|policy_full_rerank|ttr48.0_pb0.3-0.7_act0_trl0_hl0.0|churn0.0,-491.8127083247368,122,5.083333333333333,-4.03125170757981,-20.492196180197364,-20.492196180197368,85.93613637181039,-0.10310170339417035,10,1.0,0.06557377049180328
594,gu_koenker_npmle|deflated_sharpe|policy_online_weighting|ttr48.0_pb0.3-0.7_act0_trl0_hl0.0|churn0.0,-491.8127083247368,122,5.083333333333333,-4.03125170757981,-20.492196180197364,-20.492196180197368,85.93613637181039,-0.10310170339417035,10,1.0,0.06557377049180328
595,t_stat_baseline|deflated_sharpe|policy_full_rerank|ttr48.0_pb0.3-0.7_act0_trl0_hl0.0|churn0.0,-491.8127083247368,122,5.083333333333333,-4.03125170757981,-20.492196180197364,-20.492196180197368,85.93613637181039,-0.10310170339417035,10,1.0,0.06557377049180328
596,eb_shrinkage_skill|deflated_sharpe|policy_online_weighting|ttr48.0_pb0.3-0.7_act0_trl0_hl0.0|churn0.0,-491.8127083247368,122,5.083333333333333,-4.03125170757981,-20.492196180197364,-20.492196180197368,85.93613637181039,-0.10310170339417035,10,1.0,0.06557377049180328
597,eb_shrinkage_skill|deflated_sharpe|policy_full_rerank|ttr48.0_pb0.3-0.7_act0_trl0_hl0.0|churn0.0,-491.8127083247368,122,5.083333333333333,-4.03125170757981,-20.492196180197364,-20.492196180197368,85.93613637181039,-0.10310170339417035,10,1.0,0.06557377049180328
598,eb_shrinkage_skill|deflated_sharpe|policy_knockout_backfill|ttr24.0_pb0.3-0.7_act0_trl0_hl0.0|churn0.0,-502.54915292261956,65,2.7083333333333335,-7.731525429578762,-20.93954803844248,-20.93954803844248,108.74119970143654,-0.10757787355063858,12,1.0,0.13846153846153847
599,t_stat_baseline|deflated_sharpe|policy_knockout_backfill|ttr24.0_pb0.3-0.7_act0_trl0_hl0.0|churn0.0,-502.54915292261956,65,2.7083333333333335,-7.731525429578762,-20.93954803844248,-20.93954803844248,108.74119970143654,-0.10757787355063858,12,1.0,0.13846153846153847
600,gu_koenker_npmle|deflated_sharpe|policy_knockout_backfill|ttr24.0_pb0.3-0.7_act0_trl0_hl0.0|churn0.0,-502.54915292261956,65,2.7083333333333335,-7.731525429578762,-20.93954803844248,-20.93954803844248,108.74119970143654,-0.10757787355063858,12,1.0,0.13846153846153847
601,t_stat_baseline|none|policy_full_rerank|ttr48.0_pb0.15-0.85_act0_trl0_hl0.0|churn0.75,-504.88600551895433,305,12.708333333333334,-1.6553639525211619,-21.036916896623097,-21.0369168966231,143.9437988366497,-0.5869238567164696,6,0.9639344262295082,0.1737704918032787
602,gu_koenker_npmle|deflated_sharpe|policy_hybrid_displacement|ttr48.0_pb0.15-0.85_act0_trl0_hl0.0|churn0.75,-512.5248898865169,154,6.416666666666667,-3.3280837005617983,-21.355203745271538,-21.355203745271538,119.24656531127401,-0.11761756947256936,10,0.9935064935064934,0.14935064935064934
603,eb_shrinkage_skill|deflated_sharpe|policy_hybrid_displacement|ttr48.0_pb0.15-0.85_act0_trl0_hl0.0|churn0.75,-512.5248898865169,154,6.416666666666667,-3.3280837005617983,-21.355203745271538,-21.355203745271538,119.24656531127401,-0.11761756947256936,10,0.9935064935064934,0.14935064935064934
604,t_stat_baseline|deflated_sharpe|policy_full_rerank|ttr24.0_pb0.3-0.7_act0_trl0_hl0.0|churn0.75,-518.0478375316302,110,4.583333333333333,-4.709525795742093,-21.585326563817926,-21.585326563817926,84.52362298790382,-0.14214348222304712,10,1.0,0.06363636363636363
605,gu_koenker_npmle|deflated_sharpe|policy_online_weighting|ttr24.0_pb0.3-0.7_act0_trl0_hl0.0|churn0.75,-518.0478375316302,110,4.583333333333333,-4.709525795742093,-21.585326563817926,-21.585326563817926,84.52362298790382,-0.14214348222304712,10,1.0,0.06363636363636363
606,eb_shrinkage_skill|deflated_sharpe|policy_online_weighting|ttr24.0_pb0.3-0.7_act0_trl0_hl0.0|churn0.75,-518.0478375316302,110,4.583333333333333,-4.709525795742093,-21.585326563817926,-21.585326563817926,84.52362298790382,-0.14214348222304712,10,1.0,0.06363636363636363
607,gu_koenker_npmle|deflated_sharpe|policy_full_rerank|ttr24.0_pb0.3-0.7_act0_trl0_hl0.0|churn0.75,-518.0478375316302,110,4.583333333333333,-4.709525795742093,-21.585326563817926,-21.585326563817926,84.52362298790382,-0.14214348222304712,10,1.0,0.06363636363636363
608,eb_shrinkage_skill|deflated_sharpe|policy_full_rerank|ttr24.0_pb0.3-0.7_act0_trl0_hl0.0|churn0.75,-518.0478375316302,110,4.583333333333333,-4.709525795742093,-21.585326563817926,-21.585326563817926,84.52362298790382,-0.14214348222304712,10,1.0,0.06363636363636363
609,proxy_clv|none|policy_hybrid_displacement|ttr48.0_pb0.15-0.85_act0_trl0_hl0.0|churn0.0,-519.1215922586689,544,22.666666666666668,-0.9542676328284355,-21.630066344111203,-21.630066344111206,229.85352057067684,-0.08673171679178714,13,0.9301470588235294,0.13419117647058823
610,t_stat_baseline|deflated_sharpe|policy_knockout_backfill|ttr24.0_pb0.3-0.7_act0_trl0_hl0.0|churn0.75,-521.2991529226196,65,2.7083333333333335,-8.019986968040302,-21.72079803844248,-21.720798038442485,108.36500191872086,-0.1347049296183351,12,1.0,0.13846153846153847
611,gu_koenker_npmle|deflated_sharpe|policy_knockout_backfill|ttr24.0_pb0.3-0.7_act0_trl0_hl0.0|churn0.75,-521.2991529226196,65,2.7083333333333335,-8.019986968040302,-21.72079803844248,-21.720798038442485,108.36500191872086,-0.1347049296183351,12,1.0,0.13846153846153847
612,eb_shrinkage_skill|deflated_sharpe|policy_knockout_backfill|ttr24.0_pb0.3-0.7_act0_trl0_hl0.0|churn0.75,-521.2991529226196,65,2.7083333333333335,-8.019986968040302,-21.72079803844248,-21.720798038442485,108.36500191872086,-0.1347049296183351,12,1.0,0.13846153846153847
613,t_stat_baseline|none|policy_full_rerank|ttr72.0_pb0.15-0.85_act0_trl0_hl0.0|churn0.75,-526.1049084917283,282,11.75,-1.8656202428784694,-21.921037853822014,-21.921037853822014,139.47468422786412,-5.3849091344127125,0,0.9645390070921985,0.16312056737588654
614,eb_shrinkage_skill|deflated_sharpe|policy_online_weighting|ttr48.0_pb0.3-0.7_act0_trl0_hl0.0|churn0.75,-552.5627083247368,122,5.083333333333333,-4.529202527251941,-23.023446180197368,-23.023446180197368,85.75178507082386,-0.20129538518488904,10,1.0,0.06557377049180328
615,eb_shrinkage_skill|deflated_sharpe|policy_full_rerank|ttr48.0_pb0.3-0.7_act0_trl0_hl0.0|churn0.75,-552.5627083247368,122,5.083333333333333,-4.529202527251941,-23.023446180197368,-23.023446180197368,85.75178507082386,-0.20129538518488904,10,1.0,0.06557377049180328
616,t_stat_baseline|deflated_sharpe|policy_full_rerank|ttr48.0_pb0.3-0.7_act0_trl0_hl0.0|churn0.75,-553.3127083247368,122,5.083333333333333,-4.535350068235548,-23.054696180197368,-23.054696180197368,85.75285389554061,-0.2024657330376093,10,1.0,0.06557377049180328
617,gu_koenker_npmle|deflated_sharpe|policy_full_rerank|ttr48.0_pb0.3-0.7_act0_trl0_hl0.0|churn0.75,-553.3127083247368,122,5.083333333333333,-4.535350068235548,-23.054696180197368,-23.054696180197368,85.75285389554061,-0.2024657330376093,10,1.0,0.06557377049180328
618,gu_koenker_npmle|deflated_sharpe|policy_online_weighting|ttr48.0_pb0.3-0.7_act0_trl0_hl0.0|churn0.75,-553.3127083247368,122,5.083333333333333,-4.535350068235548,-23.054696180197368,-23.054696180197368,85.75285389554061,-0.2024657330376093,10,1.0,0.06557377049180328
619,t_stat_baseline|none|policy_full_rerank|ttr24.0_pb0.15-0.85_act0_trl0_hl0.0|churn0.0,-563.9363844073301,177,7.375,-3.1860812678380235,-23.497349350305424,-23.497349350305424,142.21773113619486,-0.5049125100710931,10,0.9378531073446328,0.22033898305084745
620,eb_shrinkage_skill|none|policy_online_weighting|ttr24.0_pb0.3-0.7_act0_trl0_hl0.0|churn0.75,-571.1075996194228,892,37.166666666666664,-0.6402551565240165,-23.796149984142616,-23.796149984142613,313.0520315968717,-0.09249198975644074,13,0.9854260089686099,0.033632286995515695
621,proxy_clv|none|policy_hybrid_displacement|ttr48.0_pb0.15-0.85_act0_trl0_hl0.0|churn0.75,-588.1215922586689,544,22.666666666666668,-1.0811058681225532,-24.505066344111203,-24.505066344111206,229.8669361711033,-0.15178530834770199,13,0.9301470588235294,0.13419117647058823
622,t_stat_baseline|none|policy_hybrid_displacement|ttr48.0_pb0.15-0.85_act0_trl0_hl0.0|churn0.0,-592.1672329354016,543,22.625,-1.090547390304607,-24.67363470564173,-24.673634705641735,233.73154035643242,-0.16615947573926682,14,0.9576427255985267,0.12154696132596685
623,proxy_clv|deflated_sharpe|policy_hybrid_displacement|ttr48.0_pb0.3-0.7_act0_trl0_hl0.0|churn0.0,-627.63694796339,244,10.166666666666666,-2.5722825736204507,-26.15153949847458,-26.15153949847458,163.03854829680563,-0.22968093536654505,9,1.0,0.06967213114754098
624,proxy_clv|deflated_sharpe|policy_hybrid_displacement|ttr24.0_pb0.3-0.7_act0_trl0_hl0.0|churn0.0,-641.1568993365737,208,8.666666666666666,-3.082485092964297,-26.71487080569057,-26.71487080569057,172.68844131643513,-0.25268504939876807,11,1.0,0.057692307692307696
625,proxy_clv|none|policy_hybrid_displacement|ttr72.0_pb0.3-0.7_act0_trl20_hl0.0|churn0.0,-2208.290309720085,47723,1988.4583333333333,-0.0462730823653183,-92.01209623833688,-27.20857243080716,1006.2805757341961,-0.4673400122985077,10,0.973639544873541,0.0814701506611068
626,t_stat_baseline|none|policy_hybrid_displacement|ttr48.0_pb0.15-0.85_act0_trl0_hl0.0|churn0.75,-656.6672329354017,543,22.625,-1.2093319206913475,-27.361134705641735,-27.36113470564174,233.77583895459688,-0.2305814406516062,12,0.9576427255985267,0.12154696132596685
627,proxy_clv|none|policy_hybrid_displacement|ttr72.0_pb0.3-0.7_act0_trl20_hl0.0|churn0.75,-2233.790309720085,47723,1988.4583333333333,-0.04680741591517895,-93.07459623833688,-27.522760558125224,1007.0342151880428,-0.47373607337787244,10,0.973639544873541,0.0814701506611068
628,t_stat_baseline|none|policy_full_rerank|ttr24.0_pb0.15-0.85_act0_trl0_hl0.0|churn0.75,-661.4363844073301,177,7.375,-3.736928725465142,-27.559849350305424,-27.559849350305424,141.45792926039306,-0.8731693619033067,9,0.9378531073446328,0.22033898305084745
629,gu_koenker_npmle|deflated_sharpe|policy_full_rerank|ttr48.0_pb0.15-0.85_act0_trl0_hl0.0|churn0.0,-668.9266399181575,188,7.833333333333333,-3.5581204250965826,-27.87194332992323,-27.87194332992323,128.3107380371234,-1.233707237762224,4,0.9946808510638298,0.13829787234042554
630,gu_koenker_npmle|deflated_sharpe|policy_online_weighting|ttr48.0_pb0.15-0.85_act0_trl0_hl0.0|churn0.0,-668.9266399181575,188,7.833333333333333,-3.5581204250965826,-27.87194332992323,-27.87194332992323,128.3107380371234,-1.233707237762224,4,0.9946808510638298,0.13829787234042554
631,eb_shrinkage_skill|deflated_sharpe|policy_online_weighting|ttr48.0_pb0.15-0.85_act0_trl0_hl0.0|churn0.0,-668.9266399181575,188,7.833333333333333,-3.5581204250965826,-27.87194332992323,-27.87194332992323,128.3107380371234,-1.233707237762224,4,0.9946808510638298,0.13829787234042554
632,eb_shrinkage_skill|deflated_sharpe|policy_full_rerank|ttr48.0_pb0.15-0.85_act0_trl0_hl0.0|churn0.0,-668.9266399181575,188,7.833333333333333,-3.5581204250965826,-27.87194332992323,-27.87194332992323,128.3107380371234,-1.233707237762224,4,0.9946808510638298,0.13829787234042554
633,t_stat_baseline|deflated_sharpe|policy_full_rerank|ttr48.0_pb0.15-0.85_act0_trl0_hl0.0|churn0.0,-668.9266399181575,188,7.833333333333333,-3.5581204250965826,-27.87194332992323,-27.87194332992323,128.3107380371234,-1.233707237762224,4,0.9946808510638298,0.13829787234042554
634,eb_shrinkage_skill|deflated_sharpe|policy_online_weighting|ttr72.0_pb0.15-0.85_act0_trl0_hl0.0|churn0.0,-697.0637857786055,171,7.125,-4.0763964080620205,-29.044324407441895,-29.044324407441895,139.17565379042307,-1.5273028507833488,3,1.0,0.14619883040935672
635,gu_koenker_npmle|deflated_sharpe|policy_online_weighting|ttr72.0_pb0.15-0.85_act0_trl0_hl0.0|churn0.0,-697.0637857786055,171,7.125,-4.0763964080620205,-29.044324407441895,-29.044324407441895,139.17565379042307,-1.5273028507833488,3,1.0,0.14619883040935672
636,t_stat_baseline|deflated_sharpe|policy_full_rerank|ttr72.0_pb0.15-0.85_act0_trl0_hl0.0|churn0.0,-697.0637857786055,171,7.125,-4.0763964080620205,-29.044324407441895,-29.044324407441895,139.17565379042307,-1.5273028507833488,3,1.0,0.14619883040935672
637,gu_koenker_npmle|deflated_sharpe|policy_full_rerank|ttr72.0_pb0.15-0.85_act0_trl0_hl0.0|churn0.0,-697.0637857786055,171,7.125,-4.0763964080620205,-29.044324407441895,-29.044324407441895,139.17565379042307,-1.5273028507833488,3,1.0,0.14619883040935672
638,eb_shrinkage_skill|deflated_sharpe|policy_full_rerank|ttr72.0_pb0.15-0.85_act0_trl0_hl0.0|churn0.0,-697.0637857786055,171,7.125,-4.0763964080620205,-29.044324407441895,-29.044324407441895,139.17565379042307,-1.5273028507833488,3,1.0,0.14619883040935672
639,proxy_clv|deflated_sharpe|policy_hybrid_displacement|ttr48.0_pb0.3-0.7_act0_trl0_hl0.0|churn0.75,-699.63694796339,244,10.166666666666666,-2.8673645408335653,-29.15153949847458,-29.15153949847458,162.89086608857684,-0.31442040879544336,9,1.0,0.06967213114754098
640,proxy_clv|none|policy_full_rerank|ttr24.0_pb0.15-0.85_act0_trl0_hl0.0|churn0.0,-712.4054250615277,191,7.958333333333333,-3.7298713354006687,-29.683559377563654,-29.683559377563654,145.40552670849326,-0.3900438575548809,9,0.9895287958115183,0.14136125654450263
641,proxy_clv|deflated_sharpe|policy_hybrid_displacement|ttr24.0_pb0.3-0.7_act0_trl0_hl0.0|churn0.75,-713.9068993365737,208,8.666666666666666,-3.432244708348912,-29.74612080569057,-29.746120805690566,172.6250100393509,-0.3415889739119875,11,1.0,0.057692307692307696
642,eb_shrinkage_skill|deflated_sharpe|policy_online_weighting|ttr48.0_pb0.15-0.85_act0_trl0_hl0.0|churn0.75,-728.1766399181575,188,7.833333333333333,-3.8732799995646676,-30.34069332992323,-30.34069332992323,127.84349823658391,-1.5389197551638563,4,0.9946808510638298,0.13829787234042554
643,gu_koenker_npmle|deflated_sharpe|policy_online_weighting|ttr48.0_pb0.15-0.85_act0_trl0_hl0.0|churn0.75,-728.1766399181575,188,7.833333333333333,-3.8732799995646676,-30.34069332992323,-30.34069332992323,127.84349823658391,-1.5389197551638563,4,0.9946808510638298,0.13829787234042554
644,eb_shrinkage_skill|deflated_sharpe|policy_full_rerank|ttr48.0_pb0.15-0.85_act0_trl0_hl0.0|churn0.75,-728.1766399181575,188,7.833333333333333,-3.8732799995646676,-30.34069332992323,-30.34069332992323,127.84349823658391,-1.5389197551638563,4,0.9946808510638298,0.13829787234042554
645,gu_koenker_npmle|deflated_sharpe|policy_full_rerank|ttr48.0_pb0.15-0.85_act0_trl0_hl0.0|churn0.75,-728.1766399181575,188,7.833333333333333,-3.8732799995646676,-30.34069332992323,-30.34069332992323,127.84349823658391,-1.5389197551638563,4,0.9946808510638298,0.13829787234042554
646,t_stat_baseline|deflated_sharpe|policy_full_rerank|ttr48.0_pb0.15-0.85_act0_trl0_hl0.0|churn0.75,-728.1766399181575,188,7.833333333333333,-3.8732799995646676,-30.34069332992323,-30.34069332992323,127.84349823658391,-1.5389197551638563,4,0.9946808510638298,0.13829787234042554
647,t_stat_baseline|deflated_sharpe|policy_hybrid_displacement|ttr24.0_pb0.15-0.85_act0_trl20_hl0.0|churn0.0,-737.7890505683602,4305,179.375,-0.1713795703991545,-30.74121044034834,-30.741210440348336,580.8597864264614,-0.1194797034217966,14,0.9749128919860627,0.07479674796747968
648,t_stat_baseline|deflated_sharpe|policy_full_rerank|ttr72.0_pb0.15-0.85_act0_trl0_hl0.0|churn0.75,-756.3137857786055,171,7.125,-4.422887636132196,-31.513074407441895,-31.5130744074419,138.70296140360122,-1.865801400484672,3,1.0,0.14619883040935672
649,gu_koenker_npmle|deflated_sharpe|policy_full_rerank|ttr72.0_pb0.15-0.85_act0_trl0_hl0.0|churn0.75,-756.3137857786055,171,7.125,-4.422887636132196,-31.513074407441895,-31.5130744074419,138.70296140360122,-1.865801400484672,3,1.0,0.14619883040935672
650,eb_shrinkage_skill|deflated_sharpe|policy_online_weighting|ttr72.0_pb0.15-0.85_act0_trl0_hl0.0|churn0.75,-756.3137857786055,171,7.125,-4.422887636132196,-31.513074407441895,-31.5130744074419,138.70296140360122,-1.865801400484672,3,1.0,0.14619883040935672
651,gu_koenker_npmle|deflated_sharpe|policy_online_weighting|ttr72.0_pb0.15-0.85_act0_trl0_hl0.0|churn0.75,-756.3137857786055,171,7.125,-4.422887636132196,-31.513074407441895,-31.5130744074419,138.70296140360122,-1.865801400484672,3,1.0,0.14619883040935672
652,eb_shrinkage_skill|deflated_sharpe|policy_full_rerank|ttr72.0_pb0.15-0.85_act0_trl0_hl0.0|churn0.75,-756.3137857786055,171,7.125,-4.422887636132196,-31.513074407441895,-31.5130744074419,138.70296140360122,-1.865801400484672,3,1.0,0.14619883040935672
653,proxy_clv|none|policy_hybrid_displacement|ttr24.0_pb0.15-0.85_act0_trl0_hl0.0|churn0.0,-763.007458008948,452,18.833333333333332,-1.6880695973649291,-31.7919774170395,-31.791977417039497,149.84517735816462,-0.43050179093716695,13,0.9712389380530974,0.08849557522123894
654,t_stat_baseline|deflated_sharpe|policy_hybrid_displacement|ttr24.0_pb0.15-0.85_act0_trl20_hl0.0|churn0.75,-764.7890505683602,4305,179.375,-0.17765134740263883,-31.86621044034834,-31.86621044034834,580.872543920991,-0.13001041432656996,14,0.9749128919860627,0.07479674796747968
655,t_stat_baseline|deflated_sharpe|policy_knockout_backfill|ttr48.0_pb0.3-0.7_act0_trl0_hl0.0|churn0.0,-806.9214269005561,135,5.625,-5.977195754818934,-33.6217261208565,-33.6217261208565,120.40651306977584,-0.4965297560774166,10,1.0,0.14074074074074075
656,gu_koenker_npmle|deflated_sharpe|policy_knockout_backfill|ttr48.0_pb0.3-0.7_act0_trl0_hl0.0|churn0.0,-806.9214269005561,135,5.625,-5.977195754818934,-33.6217261208565,-33.6217261208565,120.40651306977584,-0.4965297560774166,10,1.0,0.14074074074074075
657,eb_shrinkage_skill|deflated_sharpe|policy_knockout_backfill|ttr48.0_pb0.3-0.7_act0_trl0_hl0.0|churn0.0,-806.9214269005561,135,5.625,-5.977195754818934,-33.6217261208565,-33.6217261208565,120.40651306977584,-0.4965297560774166,10,1.0,0.14074074074074075
658,proxy_clv|none|policy_full_rerank|ttr24.0_pb0.15-0.85_act0_trl0_hl0.0|churn0.75,-809.1554250615277,191,7.958333333333333,-4.23641583801847,-33.714809377563654,-33.714809377563654,144.80875680977528,-0.5258353023656561,8,0.9895287958115183,0.14136125654450263
659,eb_shrinkage_skill|deflated_sharpe|policy_knockout_backfill|ttr48.0_pb0.3-0.7_act0_trl0_hl0.0|churn0.75,-825.6714269005561,135,5.625,-6.116084643707823,-34.4029761208565,-34.4029761208565,120.18577187684322,-0.521499269484717,10,1.0,0.14074074074074075
660,gu_koenker_npmle|deflated_sharpe|policy_knockout_backfill|ttr48.0_pb0.3-0.7_act0_trl0_hl0.0|churn0.75,-825.6714269005561,135,5.625,-6.116084643707823,-34.4029761208565,-34.4029761208565,120.14178391779316,-0.521636095739922,10,1.0,0.14074074074074075
661,t_stat_baseline|deflated_sharpe|policy_knockout_backfill|ttr48.0_pb0.3-0.7_act0_trl0_hl0.0|churn0.75,-825.6714269005561,135,5.625,-6.116084643707823,-34.4029761208565,-34.4029761208565,120.14178391779316,-0.521636095739922,10,1.0,0.14074074074074075
662,proxy_clv|deflated_sharpe|policy_hybrid_displacement|ttr72.0_pb0.3-0.7_act0_trl0_hl0.0|churn0.0,-832.2846628343684,203,8.458333333333334,-4.0999244474599426,-34.678527618098684,-34.678527618098684,126.81545087000373,-0.4826039192948347,11,1.0,0.04433497536945813
663,proxy_clv|none|policy_hybrid_displacement|ttr24.0_pb0.15-0.85_act0_trl0_hl0.0|churn0.75,-838.757458008948,452,18.833333333333332,-1.8556580929401505,-34.9482274170395,-34.9482274170395,149.70022649422947,-0.5269228282038301,12,0.9712389380530974,0.08849557522123894
664,eb_shrinkage_skill|none|policy_knockout_backfill|ttr72.0_pb0.15-0.85_act0_trl20_hl0.0|churn0.0,-2675.945955605971,44308,1846.1666666666667,-0.06039419417725853,-111.4977481502488,-35.511786176228014,2618.7573509971394,-0.14236806251720435,13,0.9948542024013721,0.018235984472330054
665,eb_shrinkage_skill|none|policy_knockout_backfill|ttr72.0_pb0.15-0.85_act0_trl20_hl0.0|churn0.75,-2694.695955605971,44308,1846.1666666666667,-0.060817368321882524,-112.2789981502488,-35.760612573266926,2618.9242337322726,-0.14355993500887632,13,0.9948542024013721,0.018235984472330054
666,gu_koenker_npmle|none|policy_hybrid_displacement|ttr48.0_pb0.3-0.7_act0_trl20_hl0.0|churn0.0,-4074.4497429005614,65949,2747.875,-0.06178182751672598,-169.7687392875234,-36.327714579834876,2485.921992165626,-0.2555179214944361,13,0.9965882727562207,0.012752278275637234
667,gu_koenker_npmle|none|policy_hybrid_displacement|ttr48.0_pb0.3-0.7_act0_trl20_hl0.0|churn0.75,-4098.449742900561,65949,2747.875,-0.062145745089395764,-170.7687392875234,-36.54169811256471,2486.6105053528336,-0.2572123466690646,13,0.9965882727562207,0.012752278275637234
668,t_stat_baseline|deflated_sharpe|policy_hybrid_displacement|ttr48.0_pb0.3-0.7_act0_trl0_hl0.0|churn0.0,-890.7750240937127,210,8.75,-4.2417858290176795,-37.115626003904694,-37.115626003904694,117.9409076344986,-0.6200910913855817,8,1.0,0.11428571428571428
669,proxy_clv|deflated_sharpe|policy_hybrid_displacement|ttr72.0_pb0.3-0.7_act0_trl0_hl0.0|churn0.75,-911.0346628343684,203,8.458333333333334,-4.4878554819427015,-37.959777618098684,-37.959777618098684,126.6122685452718,-0.5781519614666504,10,1.0,0.04433497536945813
670,gu_koenker_npmle|none|policy_knockout_backfill|ttr48.0_pb0.3-0.7_act0_trl20_hl0.0|churn0.0,-4227.036573955613,65111,2712.9583333333335,-0.06492046772366594,-176.1265239148172,-38.17323502151557,2485.28172390146,-0.27657235381470757,12,0.9993395893167053,0.009230391178141941
671,gu_koenker_npmle|none|policy_knockout_backfill|ttr48.0_pb0.3-0.7_act0_trl20_hl0.0|churn0.75,-4245.786573955613,65111,2712.9583333333335,-0.06520843749835839,-176.9077739148172,-38.34256124903473,2486.1741523798855,-0.27793244376722454,12,0.9993395893167053,0.009230391178141941
672,t_stat_baseline|deflated_sharpe|policy_hybrid_displacement|ttr48.0_pb0.3-0.7_act0_trl0_hl0.0|churn0.75,-920.7750240937127,210,8.75,-4.384642971874822,-38.365626003904694,-38.365626003904694,117.82277312746461,-0.6612144835245412,8,1.0,0.11428571428571428
673,proxy_clv|none|policy_knockout_backfill|ttr24.0_pb0.3-0.7_act0_trl20_hl0.0|churn0.0,-3184.19159145338,45955,1914.7916666666667,-0.06928933938534175,-132.67464964389083,-40.74213155858095,993.4333685953345,-0.7636056859283233,12,0.982983353280383,0.04341203351104341
674,t_stat_baseline|deflated_sharpe|policy_full_rerank|ttr24.0_pb0.15-0.85_act0_trl0_hl0.0|churn0.0,-979.3673517334287,143,5.958333333333333,-6.848722739394606,-40.80697298889286,-40.80697298889286,133.94014615996687,-2.1051022426296773,6,0.993006993006993,0.16083916083916083
675,eb_shrinkage_skill|deflated_sharpe|policy_full_rerank|ttr24.0_pb0.15-0.85_act0_trl0_hl0.0|churn0.0,-979.3673517334287,143,5.958333333333333,-6.848722739394606,-40.80697298889286,-40.80697298889286,133.94014615996687,-2.1051022426296773,6,0.993006993006993,0.16083916083916083
676,gu_koenker_npmle|deflated_sharpe|policy_online_weighting|ttr24.0_pb0.15-0.85_act0_trl0_hl0.0|churn0.0,-979.3673517334287,143,5.958333333333333,-6.848722739394606,-40.80697298889286,-40.80697298889286,133.94014615996687,-2.1051022426296773,6,0.993006993006993,0.16083916083916083
677,gu_koenker_npmle|deflated_sharpe|policy_full_rerank|ttr24.0_pb0.15-0.85_act0_trl0_hl0.0|churn0.0,-979.3673517334287,143,5.958333333333333,-6.848722739394606,-40.80697298889286,-40.80697298889286,133.94014615996687,-2.1051022426296773,6,0.993006993006993,0.16083916083916083
678,eb_shrinkage_skill|deflated_sharpe|policy_online_weighting|ttr24.0_pb0.15-0.85_act0_trl0_hl0.0|churn0.0,-979.3673517334287,143,5.958333333333333,-6.848722739394606,-40.80697298889286,-40.80697298889286,133.94014615996687,-2.1051022426296773,6,0.993006993006993,0.16083916083916083
679,proxy_clv|none|policy_knockout_backfill|ttr24.0_pb0.3-0.7_act0_trl20_hl0.0|churn0.75,-3202.94159145338,45955,1914.7916666666667,-0.06969734721909215,-133.45589964389083,-40.98204016482619,994.0497001889415,-0.7694759594726939,12,0.982983353280383,0.04341203351104341
680,gu_koenker_npmle|none|policy_knockout_backfill|ttr72.0_pb0.3-0.7_act0_trl20_hl0.0|churn0.0,-4633.220019248042,66161,2756.7083333333335,-0.07002947384785663,-193.0508341353351,-41.1773306225397,2484.3031710903956,-0.31487700842145405,12,0.9971131028853857,0.014192651259805626
681,gu_koenker_npmle|none|policy_knockout_backfill|ttr72.0_pb0.3-0.7_act0_trl20_hl0.0|churn0.75,-4651.970019248042,66161,2756.7083333333335,-0.07031287343371537,-193.8320841353351,-41.34396957902464,2485.198593030316,-0.3162790415646108,12,0.9971131028853857,0.014192651259805626
682,gu_koenker_npmle|none|policy_hybrid_displacement|ttr72.0_pb0.3-0.7_act0_trl20_hl0.0|churn0.0,-4774.615357397301,67618,2817.4166666666665,-0.07061160278915822,-198.94230655822085,-41.51962244002503,2598.8264083967865,-0.2995045851620865,13,0.9959330355822414,0.01682983820876098
683,gu_koenker_npmle|none|policy_hybrid_displacement|ttr72.0_pb0.3-0.7_act0_trl20_hl0.0|churn0.75,-4799.365357397301,67618,2817.4166666666665,-0.07097762958675649,-199.97355655822085,-41.734846197012814,2599.4433496268084,-0.3012290617295438,13,0.9959330355822414,0.01682983820876098
684,eb_shrinkage_skill|none|policy_knockout_backfill|ttr48.0_pb0.15-0.85_act0_trl20_hl0.0|churn0.0,-3178.056302208691,43924,1830.1666666666667,-0.0723535265961363,-132.4190125920288,-42.54387363852814,2529.600880038158,-0.1796699658766996,12,0.9973135415718059,0.014616155177124123
685,eb_shrinkage_skill|none|policy_knockout_backfill|ttr48.0_pb0.15-0.85_act0_trl20_hl0.0|churn0.75,-3196.806302208691,43924,1830.1666666666667,-0.07278040028705698,-133.2002625920288,-42.794875368789505,2529.8158252135213,-0.18089756135664334,12,0.9973135415718059,0.014616155177124123
686,gu_koenker_npmle|deflated_sharpe|policy_online_weighting|ttr24.0_pb0.15-0.85_act0_trl0_hl0.0|churn0.75,-1033.3673517334287,143,5.958333333333333,-7.226345117016984,-43.05697298889286,-43.05697298889286,133.63013900495852,-2.3065073130351985,5,0.993006993006993,0.16083916083916083
687,eb_shrinkage_skill|deflated_sharpe|policy_online_weighting|ttr24.0_pb0.15-0.85_act0_trl0_hl0.0|churn0.75,-1033.3673517334287,143,5.958333333333333,-7.226345117016984,-43.05697298889286,-43.05697298889286,133.63013900495852,-2.3065073130351985,5,0.993006993006993,0.16083916083916083
688,eb_shrinkage_skill|deflated_sharpe|policy_full_rerank|ttr24.0_pb0.15-0.85_act0_trl0_hl0.0|churn0.75,-1033.3673517334287,143,5.958333333333333,-7.226345117016984,-43.05697298889286,-43.05697298889286,133.63013900495852,-2.3065073130351985,5,0.993006993006993,0.16083916083916083
689,gu_koenker_npmle|deflated_sharpe|policy_full_rerank|ttr24.0_pb0.15-0.85_act0_trl0_hl0.0|churn0.75,-1033.3673517334287,143,5.958333333333333,-7.226345117016984,-43.05697298889286,-43.05697298889286,133.63013900495852,-2.3065073130351985,5,0.993006993006993,0.16083916083916083
690,t_stat_baseline|deflated_sharpe|policy_full_rerank|ttr24.0_pb0.15-0.85_act0_trl0_hl0.0|churn0.75,-1033.3673517334287,143,5.958333333333333,-7.226345117016984,-43.05697298889286,-43.05697298889286,133.63013900495852,-2.3065073130351985,5,0.993006993006993,0.16083916083916083
691,t_stat_baseline|deflated_sharpe|policy_hybrid_displacement|ttr72.0_pb0.3-0.7_act0_trl0_hl0.0|churn0.0,-1079.7568817332028,180,7.5,-5.998649342962238,-44.98987007221678,-44.98987007221678,127.78589158667164,-0.7547198799438853,11,1.0,0.15
692,t_stat_baseline|deflated_sharpe|policy_hybrid_displacement|ttr72.0_pb0.3-0.7_act0_trl0_hl0.0|churn0.75,-1110.5068817332028,180,7.5,-6.169482676295571,-46.27112007221678,-46.27112007221678,127.39330067556195,-0.7916054620996394,11,1.0,0.15
693,gu_koenker_npmle|deflated_sharpe|policy_hybrid_displacement|ttr24.0_pb0.15-0.85_act0_trl20_hl0.0|churn0.0,-1156.660601259709,4327,180.29166666666666,-0.26731236451576357,-48.19419171915454,-48.19419171915454,546.0188972872653,-0.3191497374141054,12,0.9748093367229027,0.07603420383637624
694,gu_koenker_npmle|deflated_sharpe|policy_knockout_backfill|ttr72.0_pb0.3-0.7_act0_trl0_hl0.0|churn0.0,-1175.1454455333326,101,4.208333333333333,-11.635103421122105,-48.964393563888855,-48.964393563888855,135.559427076796,-0.9184211866803353,12,1.0,0.2079207920792079
695,eb_shrinkage_skill|deflated_sharpe|policy_knockout_backfill|ttr72.0_pb0.3-0.7_act0_trl0_hl0.0|churn0.0,-1175.1454455333326,101,4.208333333333333,-11.635103421122105,-48.964393563888855,-48.964393563888855,135.559427076796,-0.9184211866803353,12,1.0,0.2079207920792079
696,t_stat_baseline|deflated_sharpe|policy_knockout_backfill|ttr72.0_pb0.3-0.7_act0_trl0_hl0.0|churn0.0,-1175.1454455333326,101,4.208333333333333,-11.635103421122105,-48.964393563888855,-48.964393563888855,135.559427076796,-0.9184211866803353,12,1.0,0.2079207920792079
697,gu_koenker_npmle|deflated_sharpe|policy_hybrid_displacement|ttr24.0_pb0.15-0.85_act0_trl20_hl0.0|churn0.75,-1182.160601259709,4327,180.29166666666666,-0.2732055930805891,-49.25669171915454,-49.256691719154546,546.1616036362233,-0.3304166541277367,12,0.9748093367229027,0.07603420383637624
698,t_stat_baseline|deflated_sharpe|policy_knockout_backfill|ttr72.0_pb0.3-0.7_act0_trl0_hl0.0|churn0.75,-1193.8954455333326,101,4.208333333333333,-11.820746985478541,-49.745643563888855,-49.745643563888855,135.0832475470069,-0.9434975510382723,12,1.0,0.2079207920792079
699,eb_shrinkage_skill|deflated_sharpe|policy_knockout_backfill|ttr72.0_pb0.3-0.7_act0_trl0_hl0.0|churn0.75,-1193.8954455333326,101,4.208333333333333,-11.820746985478541,-49.745643563888855,-49.745643563888855,135.0832475470069,-0.9434975510382723,12,1.0,0.2079207920792079
700,gu_koenker_npmle|deflated_sharpe|policy_knockout_backfill|ttr72.0_pb0.3-0.7_act0_trl0_hl0.0|churn0.75,-1193.8954455333326,101,4.208333333333333,-11.820746985478541,-49.745643563888855,-49.745643563888855,135.0832475470069,-0.9434975510382723,12,1.0,0.2079207920792079
701,proxy_clv|none|policy_hybrid_displacement|ttr72.0_pb0.3-0.7_act0_trl0_hl0.0|churn0.0,-1228.422693400683,1020,42.5,-1.2043359739222383,-51.18427889169513,-51.18427889169513,354.7367388420362,-0.5956082580951011,10,0.9764705882352942,0.04411764705882353
702,proxy_clv|deflated_sharpe|policy_knockout_backfill|ttr72.0_pb0.15-0.85_act0_trl20_hl0.0|churn0.0,-1300.9432513685306,2398,99.91666666666667,-0.5425117812212388,-54.20596880702211,-54.20596880702211,292.4554768224553,-0.6646574127347555,12,0.9587155963302753,0.11759799833194329
703,proxy_clv|none|policy_hybrid_displacement|ttr72.0_pb0.3-0.7_act0_trl0_hl0.0|churn0.75,-1301.1726934006829,1020,42.5,-1.2756595033340028,-54.21552889169512,-54.21552889169512,354.6644335174891,-0.6508624651637255,10,0.9764705882352942,0.04411764705882353
704,proxy_clv|deflated_sharpe|policy_knockout_backfill|ttr72.0_pb0.15-0.85_act0_trl20_hl0.0|churn0.75,-1319.6932513685306,2398,99.91666666666667,-0.5503307970677775,-54.98721880702211,-54.98721880702211,292.7826361992482,-0.6768961400517515,12,0.9587155963302753,0.11759799833194329
705,proxy_clv|none|policy_hybrid_displacement|ttr48.0_pb0.3-0.7_act0_trl0_hl0.0|churn0.0,-1343.2672413714142,1015,42.291666666666664,-1.3234160013511471,-55.96946839047559,-55.96946839047559,360.3735459282147,-0.6636237713993652,11,0.9763546798029556,0.04334975369458128
706,gu_koenker_npmle|none|policy_knockout_backfill|ttr24.0_pb0.15-0.85_act0_trl20_hl0.0|churn0.0,-5120.936433230905,53206,2216.9166666666665,-0.09624734866802438,-213.37235138462106,-56.59344101679834,2580.763982834985,-0.36680747478629744,14,0.9985527947975792,0.010882231327293915
707,gu_koenker_npmle|none|policy_knockout_backfill|ttr24.0_pb0.15-0.85_act0_trl20_hl0.0|churn0.75,-5139.686433230905,53206,2216.9166666666665,-0.09659975253225021,-214.15360138462106,-56.800654488963126,2581.3164253230834,-0.36824401312063393,14,0.9985527947975792,0.010882231327293915
708,gu_koenker_npmle|deflated_sharpe|policy_hybrid_displacement|ttr24.0_pb0.3-0.7_act0_trl0_hl0.0|churn0.0,-1366.1559627674997,247,10.291666666666666,-5.530995800678136,-56.923165115312486,-56.92316511531248,151.2829803143608,-1.8276748885644027,10,1.0,0.05263157894736842
709,eb_shrinkage_skill|deflated_sharpe|policy_hybrid_displacement|ttr24.0_pb0.3-0.7_act0_trl0_hl0.0|churn0.0,-1366.1559627674997,247,10.291666666666666,-5.530995800678136,-56.923165115312486,-56.92316511531248,151.2829803143608,-1.8276748885644027,10,1.0,0.05263157894736842
710,gu_koenker_npmle|deflated_sharpe|policy_hybrid_displacement|ttr24.0_pb0.3-0.7_act0_trl0_hl0.0|churn0.75,-1408.1559627674997,247,10.291666666666666,-5.701036286508096,-58.673165115312486,-58.67316511531248,151.1421573817721,-1.9137173902149542,10,1.0,0.05263157894736842
711,eb_shrinkage_skill|deflated_sharpe|policy_hybrid_displacement|ttr24.0_pb0.3-0.7_act0_trl0_hl0.0|churn0.75,-1408.1559627674997,247,10.291666666666666,-5.701036286508096,-58.673165115312486,-58.67316511531248,151.1421573817721,-1.9137173902149542,10,1.0,0.05263157894736842
712,proxy_clv|none|policy_hybrid_displacement|ttr48.0_pb0.3-0.7_act0_trl0_hl0.0|churn0.75,-1418.2672413714142,1015,42.291666666666664,-1.3973076269669105,-59.09446839047559,-59.09446839047558,360.26185494748387,-0.7191288795756979,10,0.9763546798029556,0.04334975369458128
713,gu_koenker_npmle|deflated_sharpe|policy_knockout_backfill|ttr48.0_pb0.15-0.85_act0_trl20_hl0.0|churn0.0,-1525.3846887312905,3228,134.5,-0.4725479209204741,-63.55769536380377,-63.55769536380377,317.32798558841324,-0.717734717782095,10,0.9411400247831475,0.11864931846344486
714,proxy_clv|deflated_sharpe|policy_knockout_backfill|ttr48.0_pb0.15-0.85_act0_trl20_hl0.0|churn0.0,-1525.3846887312905,3228,134.5,-0.4725479209204741,-63.55769536380377,-63.55769536380377,317.32798558841324,-0.717734717782095,10,0.9411400247831475,0.11864931846344486
715,t_stat_baseline|deflated_sharpe|policy_knockout_backfill|ttr48.0_pb0.15-0.85_act0_trl20_hl0.0|churn0.0,-1525.3846887312905,3228,134.5,-0.4725479209204741,-63.55769536380377,-63.55769536380377,317.32798558841324,-0.717734717782095,10,0.9411400247831475,0.11864931846344486
716,eb_shrinkage_skill|deflated_sharpe|policy_knockout_backfill|ttr48.0_pb0.15-0.85_act0_trl20_hl0.0|churn0.0,-1525.3846887312905,3228,134.5,-0.4725479209204741,-63.55769536380377,-63.55769536380377,317.32798558841324,-0.717734717782095,10,0.9411400247831475,0.11864931846344486
717,eb_shrinkage_skill|deflated_sharpe|policy_knockout_backfill|ttr48.0_pb0.15-0.85_act0_trl20_hl0.0|churn0.75,-1544.1346887312905,3228,134.5,-0.4783564711063477,-64.33894536380377,-64.33894536380377,317.22544878069186,-0.7308098874565557,10,0.9411400247831475,0.11864931846344486
718,proxy_clv|deflated_sharpe|policy_knockout_backfill|ttr48.0_pb0.15-0.85_act0_trl20_hl0.0|churn0.75,-1544.1346887312905,3228,134.5,-0.4783564711063477,-64.33894536380377,-64.33894536380377,317.22544878069186,-0.7308098874565557,10,0.9411400247831475,0.11864931846344486
719,t_stat_baseline|deflated_sharpe|policy_knockout_backfill|ttr48.0_pb0.15-0.85_act0_trl20_hl0.0|churn0.75,-1544.1346887312905,3228,134.5,-0.4783564711063477,-64.33894536380377,-64.33894536380377,317.22544878069186,-0.7308098874565557,10,0.9411400247831475,0.11864931846344486
720,gu_koenker_npmle|deflated_sharpe|policy_knockout_backfill|ttr48.0_pb0.15-0.85_act0_trl20_hl0.0|churn0.75,-1544.1346887312905,3228,134.5,-0.4783564711063477,-64.33894536380377,-64.33894536380377,317.22544878069186,-0.7308098874565557,10,0.9411400247831475,0.11864931846344486
721,eb_shrinkage_skill|deflated_sharpe|policy_hybrid_displacement|ttr48.0_pb0.3-0.7_act0_trl0_hl0.0|churn0.0,-1596.717003938359,315,13.125,-5.068942869645585,-66.5298751640983,-66.5298751640983,148.91920448644788,-1.8649031552274964,7,1.0,0.06666666666666667
722,gu_koenker_npmle|deflated_sharpe|policy_knockout_backfill|ttr72.0_pb0.15-0.85_act0_trl20_hl0.0|churn0.0,-1612.97799199978,2347,97.79166666666667,-0.6872509552619429,-67.20741633332416,-67.20741633332418,330.7606862170546,-0.7807856553188744,14,0.9586706433745207,0.11802300809544099
723,t_stat_baseline|deflated_sharpe|policy_knockout_backfill|ttr72.0_pb0.15-0.85_act0_trl20_hl0.0|churn0.0,-1612.97799199978,2347,97.79166666666667,-0.6872509552619429,-67.20741633332416,-67.20741633332418,330.7606862170546,-0.7807856553188744,14,0.9586706433745207,0.11802300809544099
724,eb_shrinkage_skill|deflated_sharpe|policy_knockout_backfill|ttr72.0_pb0.15-0.85_act0_trl20_hl0.0|churn0.0,-1612.97799199978,2347,97.79166666666667,-0.6872509552619429,-67.20741633332416,-67.20741633332418,330.7606862170546,-0.7807856553188744,14,0.9586706433745207,0.11802300809544099
725,gu_koenker_npmle|deflated_sharpe|policy_knockout_backfill|ttr72.0_pb0.15-0.85_act0_trl20_hl0.0|churn0.75,-1631.72799199978,2347,97.79166666666667,-0.6952398772900639,-67.98866633332416,-67.98866633332416,331.0242112207438,-0.7915058242130972,14,0.9586706433745207,0.11802300809544099
726,eb_shrinkage_skill|deflated_sharpe|policy_knockout_backfill|ttr72.0_pb0.15-0.85_act0_trl20_hl0.0|churn0.75,-1631.72799199978,2347,97.79166666666667,-0.6952398772900639,-67.98866633332416,-67.98866633332416,331.0242112207438,-0.7915058242130972,14,0.9586706433745207,0.11802300809544099
727,t_stat_baseline|deflated_sharpe|policy_knockout_backfill|ttr72.0_pb0.15-0.85_act0_trl20_hl0.0|churn0.75,-1631.72799199978,2347,97.79166666666667,-0.6952398772900639,-67.98866633332416,-67.98866633332416,331.0242112207438,-0.7915058242130972,14,0.9586706433745207,0.11802300809544099
728,proxy_clv|none|policy_hybrid_displacement|ttr24.0_pb0.3-0.7_act0_trl0_hl0.0|churn0.0,-1633.6980182492796,970,40.416666666666664,-1.6842247610817316,-68.07075076038664,-68.07075076038664,360.1579258092983,-0.8850520875383535,8,1.0,0.015463917525773196
729,eb_shrinkage_skill|deflated_sharpe|policy_hybrid_displacement|ttr48.0_pb0.3-0.7_act0_trl0_hl0.0|churn0.75,-1635.717003938359,315,13.125,-5.192752393455108,-68.1548751640983,-68.1548751640983,148.9829127671896,-1.9276454659174838,7,1.0,0.06666666666666667
730,gu_koenker_npmle|deflated_sharpe|policy_hybrid_displacement|ttr48.0_pb0.3-0.7_act0_trl0_hl0.0|churn0.0,-1699.046964486277,315,13.125,-5.393799887258022,-70.79362352026153,-70.79362352026155,141.21181525422867,-2.1053771720399403,7,1.0,0.06666666666666667
731,proxy_clv|none|policy_hybrid_displacement|ttr24.0_pb0.3-0.7_act0_trl0_hl0.0|churn0.75,-1707.1980182492796,970,40.416666666666664,-1.7599979569580202,-71.13325076038664,-71.13325076038664,359.86455921101793,-0.9418322666606617,8,1.0,0.015463917525773196
732,gu_koenker_npmle|deflated_sharpe|policy_hybrid_displacement|ttr48.0_pb0.3-0.7_act0_trl0_hl0.0|churn0.75,-1738.796964486277,315,13.125,-5.519990363448498,-72.44987352026153,-72.44987352026153,141.14336825072414,-2.1749694563611364,7,1.0,0.06666666666666667
733,gu_koenker_npmle|deflated_sharpe|policy_knockout_backfill|ttr72.0_pb0.3-0.7_act0_trl20_hl0.0|churn0.0,-1789.9153923131523,3563,148.45833333333334,-0.5023618838936718,-74.57980801304801,-74.57980801304802,541.7132853572061,-0.6518863848470288,10,0.9489194499017681,0.12994667415099634
734,t_stat_baseline|deflated_sharpe|policy_knockout_backfill|ttr72.0_pb0.3-0.7_act0_trl20_hl0.0|churn0.0,-1789.9153923131523,3563,148.45833333333334,-0.5023618838936718,-74.57980801304801,-74.57980801304802,541.7132853572061,-0.6518863848470288,10,0.9489194499017681,0.12994667415099634
735,eb_shrinkage_skill|deflated_sharpe|policy_knockout_backfill|ttr72.0_pb0.3-0.7_act0_trl20_hl0.0|churn0.0,-1789.9153923131523,3563,148.45833333333334,-0.5023618838936718,-74.57980801304801,-74.57980801304802,541.7132853572061,-0.6518863848470288,10,0.9489194499017681,0.12994667415099634
736,gu_koenker_npmle|deflated_sharpe|policy_knockout_backfill|ttr72.0_pb0.3-0.7_act0_trl20_hl0.0|churn0.75,-1808.6653923131523,3563,148.45833333333334,-0.5076243032032423,-75.36105801304801,-75.36105801304801,541.0975627720569,-0.6625751769369634,10,0.9489194499017681,0.12994667415099634
737,t_stat_baseline|deflated_sharpe|policy_knockout_backfill|ttr72.0_pb0.3-0.7_act0_trl20_hl0.0|churn0.75,-1808.6653923131523,3563,148.45833333333334,-0.5076243032032423,-75.36105801304801,-75.36105801304801,541.0975627720569,-0.6625751769369634,10,0.9489194499017681,0.12994667415099634
738,eb_shrinkage_skill|deflated_sharpe|policy_knockout_backfill|ttr72.0_pb0.3-0.7_act0_trl20_hl0.0|churn0.75,-1808.6653923131523,3563,148.45833333333334,-0.5076243032032423,-75.36105801304801,-75.36105801304801,541.0975627720569,-0.6625751769369634,10,0.9489194499017681,0.12994667415099634
739,eb_shrinkage_skill|deflated_sharpe|policy_hybrid_displacement|ttr72.0_pb0.3-0.7_act0_trl0_hl0.0|churn0.0,-2022.347055677025,282,11.75,-7.171443459847607,-84.26446065320938,-84.26446065320938,157.6152550437594,-2.046502612267851,8,1.0,0.07801418439716312
740,gu_koenker_npmle|deflated_sharpe|policy_hybrid_displacement|ttr72.0_pb0.3-0.7_act0_trl0_hl0.0|churn0.0,-2022.347055677025,282,11.75,-7.171443459847607,-84.26446065320938,-84.26446065320938,157.6152550437594,-2.046502612267851,8,1.0,0.07801418439716312
741,gu_koenker_npmle|deflated_sharpe|policy_hybrid_displacement|ttr72.0_pb0.3-0.7_act0_trl0_hl0.0|churn0.75,-2064.3470556770253,282,11.75,-7.320379630060374,-86.01446065320938,-86.01446065320938,157.406521789154,-2.1004768957511732,8,1.0,0.07801418439716312
742,eb_shrinkage_skill|deflated_sharpe|policy_hybrid_displacement|ttr72.0_pb0.3-0.7_act0_trl0_hl0.0|churn0.75,-2064.3470556770253,282,11.75,-7.320379630060374,-86.01446065320938,-86.01446065320938,157.406521789154,-2.1004768957511732,8,1.0,0.07801418439716312
743,proxy_clv|deflated_sharpe|policy_knockout_backfill|ttr72.0_pb0.3-0.7_act0_trl20_hl0.0|churn0.0,-2184.9304153133035,3215,133.95833333333334,-0.6796051058517274,-91.03876730472098,-91.03876730472099,548.9039322291961,-0.7637742020515158,10,0.9427682737169518,0.12752721617418353
744,proxy_clv|deflated_sharpe|policy_knockout_backfill|ttr72.0_pb0.3-0.7_act0_trl20_hl0.0|churn0.75,-2203.6804153133035,3215,133.95833333333334,-0.6854371431767662,-91.82001730472098,-91.82001730472098,548.2730737687975,-0.7736569948757948,10,0.9427682737169518,0.12752721617418353
745,proxy_clv|none|policy_knockout_backfill|ttr72.0_pb0.3-0.7_act0_trl20_hl0.0|churn0.0,-7343.396397816865,44770,1865.4166666666667,-0.16402493629253662,-305.97484990903604,-96.44666254001153,982.863205524539,-1.9058596926313995,9,0.969935224480679,0.0831583649765468
746,proxy_clv|none|policy_knockout_backfill|ttr72.0_pb0.3-0.7_act0_trl20_hl0.0|churn0.75,-7362.146397816865,44770,1865.4166666666667,-0.16444374352952568,-306.75609990903604,-96.6929211953611,983.4923080914829,-1.9115336990621579,9,0.969935224480679,0.0831583649765468
747,eb_shrinkage_skill|none|policy_knockout_backfill|ttr24.0_pb0.15-0.85_act0_trl20_hl0.0|churn0.0,-7172.844096436289,43142,1797.5833333333333,-0.16626127894942955,-298.8685040181787,-97.76163202226458,2549.24633098915,-0.43102779079318143,13,0.9981920170599415,0.01223865374808771
748,eb_shrinkage_skill|none|policy_knockout_backfill|ttr24.0_pb0.15-0.85_act0_trl20_hl0.0|churn0.75,-7191.594096436289,43142,1797.5833333333333,-0.16669589023309742,-299.6497540181787,-98.01718345706128,2549.4546784214617,-0.43224260745133347,13,0.9981920170599415,0.01223865374808771
749,proxy_clv|deflated_sharpe|policy_knockout_backfill|ttr24.0_pb0.3-0.7_act0_trl20_hl0.0|churn0.0,-2996.7052033575956,4827,201.125,-0.62082146330176,-124.86271680656648,-124.86271680656648,459.8019453230944,-1.6818626986368608,9,0.9805262067536772,0.09467578205925005
750,eb_shrinkage_skill|deflated_sharpe|policy_knockout_backfill|ttr24.0_pb0.3-0.7_act0_trl20_hl0.0|churn0.0,-2996.7052033575956,4827,201.125,-0.62082146330176,-124.86271680656648,-124.86271680656648,459.8019453230944,-1.6818626986368608,9,0.9805262067536772,0.09467578205925005
751,gu_koenker_npmle|deflated_sharpe|policy_knockout_backfill|ttr24.0_pb0.3-0.7_act0_trl20_hl0.0|churn0.0,-2996.7052033575956,4827,201.125,-0.62082146330176,-124.86271680656648,-124.86271680656648,459.8019453230944,-1.6818626986368608,9,0.9805262067536772,0.09467578205925005
752,t_stat_baseline|deflated_sharpe|policy_knockout_backfill|ttr24.0_pb0.3-0.7_act0_trl20_hl0.0|churn0.0,-2996.7052033575956,4827,201.125,-0.62082146330176,-124.86271680656648,-124.86271680656648,459.8019453230944,-1.6818626986368608,9,0.9805262067536772,0.09467578205925005
753,t_stat_baseline|deflated_sharpe|policy_knockout_backfill|ttr24.0_pb0.3-0.7_act0_trl20_hl0.0|churn0.75,-3015.4552033575956,4827,201.125,-0.6247058635503616,-125.64396680656648,-125.64396680656648,458.9317488718889,-1.7000412457582605,9,0.9805262067536772,0.09467578205925005
754,gu_koenker_npmle|deflated_sharpe|policy_knockout_backfill|ttr24.0_pb0.3-0.7_act0_trl20_hl0.0|churn0.75,-3015.4552033575956,4827,201.125,-0.6247058635503616,-125.64396680656648,-125.64396680656648,458.9317488718889,-1.7000412457582605,9,0.9805262067536772,0.09467578205925005
755,eb_shrinkage_skill|deflated_sharpe|policy_knockout_backfill|ttr24.0_pb0.3-0.7_act0_trl20_hl0.0|churn0.75,-3015.4552033575956,4827,201.125,-0.6247058635503616,-125.64396680656648,-125.64396680656648,458.9317488718889,-1.7000412457582605,9,0.9805262067536772,0.09467578205925005
756,proxy_clv|deflated_sharpe|policy_knockout_backfill|ttr24.0_pb0.3-0.7_act0_trl20_hl0.0|churn0.75,-3015.4552033575956,4827,201.125,-0.6247058635503616,-125.64396680656648,-125.64396680656648,458.9317488718889,-1.7000412457582605,9,0.9805262067536772,0.09467578205925005
757,proxy_clv|none|policy_knockout_backfill|ttr48.0_pb0.3-0.7_act0_trl20_hl0.0|churn0.0,-9248.792304714452,42531,1772.125,-0.21746002456359956,-385.36634602976886,-127.86649444339653,1045.0433167111162,-2.060727893363907,9,0.9747478309938633,0.06780936258258682
758,proxy_clv|none|policy_knockout_backfill|ttr48.0_pb0.3-0.7_act0_trl20_hl0.0|churn0.75,-9267.542304714452,42531,1772.125,-0.21790087946943293,-386.14759602976886,-128.12571712802657,1045.7590921851004,-2.0652094968944836,9,0.9747478309938633,0.06780936258258682
759,proxy_clv|deflated_sharpe|policy_knockout_backfill|ttr24.0_pb0.15-0.85_act0_trl20_hl0.0|churn0.0,-3353.439213401324,4201,175.04166666666666,-0.7982478489410436,-139.72663389172183,-139.72663389172183,545.6189166537885,-1.2415148755684573,12,0.9754820280885503,0.07260176148536063
760,proxy_clv|deflated_sharpe|policy_knockout_backfill|ttr24.0_pb0.15-0.85_act0_trl20_hl0.0|churn0.75,-3372.189213401324,4201,175.04166666666666,-0.8027110719831765,-140.50788389172183,-140.50788389172183,545.6637217755558,-1.2503001360157526,12,0.9754820280885503,0.07260176148536063
761,eb_shrinkage_skill|deflated_sharpe|policy_hybrid_displacement|ttr24.0_pb0.15-0.85_act0_trl20_hl0.0|churn0.0,-3796.2542889026727,4196,174.83333333333334,-0.9047317180416283,-158.17726203761137,-158.17726203761137,538.0783073411534,-1.4776423146914994,11,0.9761677788369876,0.07125834127740706
762,eb_shrinkage_skill|deflated_sharpe|policy_hybrid_displacement|ttr24.0_pb0.15-0.85_act0_trl20_hl0.0|churn0.75,-3823.2542889026727,4196,174.83333333333334,-0.9111664177556418,-159.30226203761137,-159.30226203761137,538.0784145221565,-1.4911780352622934,11,0.9761677788369876,0.07125834127740706
763,gu_koenker_npmle|deflated_sharpe|policy_knockout_backfill|ttr24.0_pb0.15-0.85_act0_trl20_hl0.0|churn0.0,-4189.256827227051,4160,173.33333333333334,-1.0070328911603488,-174.55236780112713,-174.55236780112713,552.2926315843425,-1.5438847176607724,11,0.9754807692307692,0.07235576923076924
764,t_stat_baseline|deflated_sharpe|policy_knockout_backfill|ttr24.0_pb0.15-0.85_act0_trl20_hl0.0|churn0.0,-4189.256827227051,4160,173.33333333333334,-1.0070328911603488,-174.55236780112713,-174.55236780112713,552.2926315843425,-1.5438847176607724,11,0.9754807692307692,0.07235576923076924
765,eb_shrinkage_skill|deflated_sharpe|policy_knockout_backfill|ttr24.0_pb0.15-0.85_act0_trl20_hl0.0|churn0.0,-4189.256827227051,4160,173.33333333333334,-1.0070328911603488,-174.55236780112713,-174.55236780112713,552.2926315843425,-1.5438847176607724,11,0.9754807692307692,0.07235576923076924
766,gu_koenker_npmle|deflated_sharpe|policy_knockout_backfill|ttr24.0_pb0.15-0.85_act0_trl20_hl0.0|churn0.75,-4208.006827227051,4160,173.33333333333334,-1.0115401026988102,-175.33361780112713,-175.3336178011271,552.2969699083479,-1.5529537548244183,11,0.9754807692307692,0.07235576923076924
767,t_stat_baseline|deflated_sharpe|policy_knockout_backfill|ttr24.0_pb0.15-0.85_act0_trl20_hl0.0|churn0.75,-4208.006827227051,4160,173.33333333333334,-1.0115401026988102,-175.33361780112713,-175.3336178011271,552.2969699083479,-1.5529537548244183,11,0.9754807692307692,0.07235576923076924
768,eb_shrinkage_skill|deflated_sharpe|policy_knockout_backfill|ttr24.0_pb0.15-0.85_act0_trl20_hl0.0|churn0.75,-4208.006827227051,4160,173.33333333333334,-1.0115401026988102,-175.33361780112713,-175.3336178011271,552.2969699083479,-1.5529537548244183,11,0.9754807692307692,0.07235576923076924
