config,cum_return,mean,sr,n_obs,skew,kurt,se,proxy_clv_tstat,proxy_clv_cov,true_clv_tstat,true_clv_cov
gu_koenker_npmle|none|policy_full_rerank|ttr48.0_pb0.15-0.85_act0_trl20_hl0.0|churn0.0,209866.85531309783,8744.45230471241,0.9467750618893559,24,1.1745675433454592,3.1405144160911838,1885.2987621566774,9.462205695838188,0.9994679669861949,0.19936740245506984,0.020170990784262925
gu_koenker_npmle|none|policy_full_rerank|ttr48.0_pb0.15-0.85_act0_trl20_hl0.0|churn0.75,209719.85531309783,8738.32730471241,0.9460144093843761,24,1.1743833714387248,3.1401075809440226,1885.4930476080413,9.462205695838188,0.9994679669861949,0.19936740245506984,0.020170990784262925
gu_koenker_npmle|none|policy_full_rerank|ttr72.0_pb0.15-0.85_act0_trl20_hl0.0|churn0.0,208471.55220164868,8686.314675068696,0.9555647975010597,24,1.2436632925927857,3.280964626734793,1855.5377541123937,10.331341207054468,0.9991397881634851,2.687625317211462,0.05232331996888277
gu_koenker_npmle|none|policy_full_rerank|ttr72.0_pb0.15-0.85_act0_trl20_hl0.0|churn0.75,208333.55220164868,8680.564675068696,0.9548608720877135,24,1.2433681218961035,3.2802501210459845,1855.6764615925417,10.331341207054468,0.9991397881634851,2.687625317211462,0.05232331996888277
t_stat_baseline|none|policy_full_rerank|ttr72.0_pb0.15-0.85_act0_trl20_hl0.0|churn0.0,206533.89288346312,8605.578870144296,0.9358855745204905,24,1.401353161181886,3.7877980518147822,1876.9457281080424,10.599854389211858,0.9987471622754548,3.7789390692428935,0.06943358547085032
t_stat_baseline|none|policy_full_rerank|ttr72.0_pb0.15-0.85_act0_trl20_hl0.0|churn0.75,206417.64288346312,8600.735120144296,0.9352956221397126,24,1.40129991299178,3.7875249898339365,1877.0725139815288,10.599854389211858,0.9987471622754548,3.7789390692428935,0.06943358547085032
proxy_clv|none|policy_full_rerank|ttr72.0_pb0.15-0.85_act0_trl20_hl0.0|churn0.0,199302.8793709237,8304.286640455155,0.8795630990769157,24,1.1587930512583573,3.1052363047586993,1927.2129697378582,11.0112214223119,0.9987236456462135,4.311593681351482,0.19369386404462513
proxy_clv|none|policy_full_rerank|ttr72.0_pb0.15-0.85_act0_trl20_hl0.0|churn0.75,199203.1293709237,8300.130390455155,0.8790794687171952,24,1.158572549902361,3.104762243792011,1927.3081462562159,11.0112214223119,0.9987236456462135,4.311593681351482,0.19369386404462513
t_stat_baseline|none|policy_full_rerank|ttr48.0_pb0.15-0.85_act0_trl20_hl0.0|churn0.0,198087.49093570112,8253.645455654214,0.9357642419518512,24,1.3086376063935605,3.5720843870625134,1800.419644341914,10.18132603364602,0.9987595250753145,3.2611986522739893,0.03436954960500667
t_stat_baseline|none|policy_full_rerank|ttr48.0_pb0.15-0.85_act0_trl20_hl0.0|churn0.75,197969.74093570112,8248.739205654214,0.9351456605910111,24,1.3085895587141494,3.5720360878823247,1800.5396491185654,10.18132603364602,0.9987595250753145,3.2611986522739893,0.03436954960500667
proxy_clv|none|policy_full_rerank|ttr24.0_pb0.15-0.85_act0_trl20_hl0.0|churn0.0,197355.75387972675,8223.156411655282,0.8866794813090441,24,1.1721055638006939,3.130493422737597,1893.0682495996207,10.586481284841854,0.9987544250688344,3.4423082500764166,0.13023281949465246
proxy_clv|none|policy_full_rerank|ttr24.0_pb0.15-0.85_act0_trl20_hl0.0|churn0.75,197251.50387972675,8218.812661655282,0.8861756032964291,24,1.1719420075091111,3.1300574995285353,1893.144093722672,10.586481284841854,0.9987544250688344,3.4423082500764166,0.13023281949465246
gu_koenker_npmle|none|policy_full_rerank|ttr24.0_pb0.15-0.85_act0_trl20_hl0.0|churn0.0,194940.27342331584,8122.51139263816,0.8561963209816924,24,1.160532177621152,3.078563029701867,1936.4725758899194,9.843693060908555,0.9991917857318556,1.2359576752234491,0.023360906324452348
gu_koenker_npmle|none|policy_full_rerank|ttr24.0_pb0.15-0.85_act0_trl20_hl0.0|churn0.75,194812.02342331584,8117.16764263816,0.8556298589146754,24,1.1603362186847286,3.0784059915321427,1936.479763410216,9.843693060908555,0.9991917857318556,1.2359576752234491,0.023360906324452348
t_stat_baseline|none|policy_full_rerank|ttr24.0_pb0.15-0.85_act0_trl20_hl0.0|churn0.0,194032.79634683044,8084.699847784602,0.8933983569889341,24,1.261746892930484,3.335010357213492,1847.1966429933782,9.923322884618562,0.9989497224913307,2.159443401291529,0.03034034423750758
t_stat_baseline|none|policy_full_rerank|ttr24.0_pb0.15-0.85_act0_trl20_hl0.0|churn0.75,193912.79634683044,8079.699847784602,0.8927813966025558,24,1.2617784311564972,3.33512130865693,1847.3299639035934,9.923322884618562,0.9989497224913307,2.159443401291529,0.03034034423750758
proxy_clv|none|policy_full_rerank|ttr48.0_pb0.15-0.85_act0_trl20_hl0.0|churn0.0,191597.08091829834,7983.211704929097,0.8866682109812878,24,0.9966038252213199,2.6014245246052794,1837.8534893799108,10.734239256069266,0.9987542033926882,3.8416466765098956,0.1482685300536723
proxy_clv|none|policy_full_rerank|ttr48.0_pb0.15-0.85_act0_trl20_hl0.0|churn0.75,191496.58091829834,7979.024204929097,0.8861400204012729,24,0.9965053983802115,2.601399749087885,1837.984357007723,10.734239256069266,0.9987542033926882,3.8416466765098956,0.1482685300536723
eb_shrinkage_skill|none|policy_full_rerank|ttr72.0_pb0.15-0.85_act0_trl20_hl0.0|churn0.0,187034.09929395217,7793.08747058134,0.8592055688988857,24,1.5007619729766783,4.278324880753007,1851.4280822093897,9.651839915714481,0.9992511119359734,1.9037052841988273,0.06055574006420901
eb_shrinkage_skill|none|policy_full_rerank|ttr72.0_pb0.15-0.85_act0_trl20_hl0.0|churn0.75,186933.59929395217,7788.89997058134,0.8586668472636105,24,1.5005030808008395,4.277516442638054,1851.5941937884472,9.651839915714481,0.9992511119359734,1.9037052841988273,0.06055574006420901
eb_shrinkage_skill|none|policy_full_rerank|ttr48.0_pb0.15-0.85_act0_trl20_hl0.0|churn0.0,181496.16166526647,7562.340069386103,0.8401673759507008,24,1.5100646129321837,4.295961081083399,1837.3198564986917,9.55230448976249,0.9992421796231985,1.2663680819659413,0.03735724970510903
eb_shrinkage_skill|none|policy_full_rerank|ttr48.0_pb0.15-0.85_act0_trl20_hl0.0|churn0.75,181394.91166526647,7558.121319386103,0.8396339299631554,24,1.5098295430492488,4.295264764184411,1837.4615398720575,9.55230448976249,0.9992421796231985,1.2663680819659413,0.03735724970510903
eb_shrinkage_skill|none|policy_full_rerank|ttr24.0_pb0.15-0.85_act0_trl20_hl0.0|churn0.0,176446.22842867108,7351.926184527962,0.7992360527921386,24,1.5031100113343416,4.251045580491389,1877.6751161090601,9.54384619975327,0.9992597551398741,0.8246227200574084,0.022947590663903086
eb_shrinkage_skill|none|policy_full_rerank|ttr24.0_pb0.15-0.85_act0_trl20_hl0.0|churn0.75,176345.72842867108,7347.738684527962,0.7987149663440856,24,1.50291783288126,4.25068962840652,1877.829941301905,9.54384619975327,0.9992597551398741,0.8246227200574084,0.022947590663903086
gu_koenker_npmle|none|policy_full_rerank|ttr24.0_pb0.3-0.7_act0_trl20_hl0.0|churn0.0,133781.21837374705,5574.21743223946,0.9318611871328701,24,1.2008156966580494,3.24229770738579,1221.0320425445227,8.810325884041925,0.999279143491403,0.7288168627307879,0.02375549857876586
gu_koenker_npmle|none|policy_full_rerank|ttr24.0_pb0.3-0.7_act0_trl20_hl0.0|churn0.75,133666.46837374705,5569.43618223946,0.9310034547575848,24,1.200779465655407,3.2425294660252026,1221.1086804392548,8.810325884041925,0.999279143491403,0.7288168627307879,0.02375549857876586
gu_koenker_npmle|none|policy_full_rerank|ttr72.0_pb0.3-0.7_act0_trl20_hl0.0|churn0.0,131544.35384803556,5481.014743668148,0.9637496509795893,24,1.021735034197879,3.2186889230133278,1160.890121638622,9.065651173564465,0.9989700682727939,1.8687678579078673,0.03358426858920589
gu_koenker_npmle|none|policy_full_rerank|ttr72.0_pb0.3-0.7_act0_trl20_hl0.0|churn0.75,131434.85384803556,5476.452243668148,0.9627757662406007,24,1.0211538788656747,3.2190262763990365,1161.0970823531234,9.065651173564465,0.9989700682727939,1.8687678579078673,0.03358426858920589
eb_shrinkage_skill|none|policy_full_rerank|ttr72.0_pb0.3-0.7_act0_trl20_hl0.0|churn0.0,130640.32537342407,5443.346890559336,0.9861218083059278,24,1.4011240258502997,4.043299529830538,1126.755865124941,8.55197343637517,0.9992810281297744,0.20945025384385815,0.02593200813745435
eb_shrinkage_skill|none|policy_full_rerank|ttr72.0_pb0.3-0.7_act0_trl20_hl0.0|churn0.75,130543.57537342407,5439.315640559336,0.9852696064738217,24,1.4007065538181773,4.042893133160593,1126.8952665143954,8.55197343637517,0.9992810281297744,0.20945025384385815,0.02593200813745435
eb_shrinkage_skill|none|policy_full_rerank|ttr24.0_pb0.3-0.7_act0_trl20_hl0.0|churn0.0,128627.1243729092,5359.463515537883,0.9221515887381807,24,1.332821447886258,3.6938650721024033,1186.3514875117814,8.546517785413343,0.9992701637984657,0.02699268230892921,0.024573916649388346
eb_shrinkage_skill|none|policy_full_rerank|ttr24.0_pb0.3-0.7_act0_trl20_hl0.0|churn0.75,128531.8743729092,5355.494765537883,0.921364667970075,24,1.3325880975242126,3.693907459143605,1186.485470207991,8.546517785413343,0.9992701637984657,0.02699268230892921,0.024573916649388346
eb_shrinkage_skill|none|policy_full_rerank|ttr48.0_pb0.3-0.7_act0_trl20_hl0.0|churn0.0,126992.08946966422,5291.3370612360095,0.9137628647481149,24,1.345844122671722,3.8116466433490803,1182.0240200465744,8.548248461245054,0.9992808459866303,0.19134177697805854,0.025685239363875588
eb_shrinkage_skill|none|policy_full_rerank|ttr48.0_pb0.3-0.7_act0_trl20_hl0.0|churn0.75,126898.33946966422,5287.4308112360095,0.9129743378185174,24,1.3455413600494042,3.811497458096251,1182.1715574124628,8.548248461245054,0.9992808459866303,0.19134177697805854,0.025685239363875588
t_stat_baseline|none|policy_full_rerank|ttr72.0_pb0.3-0.7_act0_trl20_hl0.0|churn0.0,123115.50125462245,5129.812552275936,1.1089663506805187,24,0.9312721478290963,3.010358197708466,944.2293734077617,9.4885211724178,0.9987803826395476,2.6237242963108964,0.04028433099676001
t_stat_baseline|none|policy_full_rerank|ttr72.0_pb0.3-0.7_act0_trl20_hl0.0|churn0.75,122998.50125462245,5124.937552275936,1.1077173651633228,24,0.9313441340713943,3.0099869229230203,944.3956826217232,9.4885211724178,0.9987803826395476,2.6237242963108964,0.04028433099676001
proxy_clv|none|policy_full_rerank|ttr72.0_pb0.3-0.7_act0_trl20_hl0.0|churn0.0,121982.02267362898,5082.584278067874,0.9999831224427406,24,0.7191729905974619,2.200557106254564,1037.4956817226332,9.875157124416024,0.9989146492206579,2.1792867145991885,0.1270664375370577
proxy_clv|none|policy_full_rerank|ttr72.0_pb0.3-0.7_act0_trl20_hl0.0|churn0.75,121882.27267362898,5078.428028067874,0.9990264773915117,24,0.7189696517772933,2.200821572800064,1037.6399462984305,9.875157124416024,0.9989146492206579,2.1792867145991885,0.1270664375370577
proxy_clv|none|policy_full_rerank|ttr24.0_pb0.3-0.7_act0_trl20_hl0.0|churn0.0,121340.39635917949,5055.849848299145,0.9346554451746063,24,1.0137553406824138,2.8405646369684523,1104.1727023932956,9.265016711464089,0.998938779596536,1.2661357755533036,0.106061971266957
proxy_clv|none|policy_full_rerank|ttr24.0_pb0.3-0.7_act0_trl20_hl0.0|churn0.75,121230.89635917949,5051.287348299145,0.9336657851374182,24,1.0133373671796988,2.840310205709395,1104.345611358861,9.265016711464089,0.998938779596536,1.2661357755533036,0.106061971266957
gu_koenker_npmle|none|policy_full_rerank|ttr48.0_pb0.3-0.7_act0_trl20_hl0.0|churn0.0,120819.7148686382,5034.154786193259,0.974593884311871,24,0.9265622337239825,2.984487831845891,1054.3802492896675,9.043570521757774,0.9990683647400065,1.327585586706812,0.028083520620834055
gu_koenker_npmle|none|policy_full_rerank|ttr48.0_pb0.3-0.7_act0_trl20_hl0.0|churn0.75,120701.2148686382,5029.217286193259,0.9734288485850205,24,0.9257881805289175,2.984837015479738,1054.6067966057306,9.043570521757774,0.9990683647400065,1.327585586706812,0.028083520620834055
proxy_clv|none|policy_full_rerank|ttr48.0_pb0.3-0.7_act0_trl20_hl0.0|churn0.0,119546.06390566245,4981.085996069269,0.8866105533744923,24,1.0323260321501984,2.857519234815178,1146.794291365623,9.514616080885226,0.9989530243767532,1.5841539236760154,0.1180514400853384
t_stat_baseline|none|policy_full_rerank|ttr48.0_pb0.3-0.7_act0_trl20_hl0.0|churn0.0,119487.84781925236,4978.660325802181,1.0023162223814623,24,1.0779262372090659,3.14496210709487,1013.9163277133202,9.101354739360547,0.998840600497227,1.4553652078688446,0.03355087014725569
proxy_clv|none|policy_full_rerank|ttr48.0_pb0.3-0.7_act0_trl20_hl0.0|churn0.75,119448.56390566245,4977.023496069269,0.8857733638224542,24,1.0318758474330478,2.857298923964734,1146.9419926449873,9.514616080885226,0.9989530243767532,1.5841539236760154,0.1180514400853384
t_stat_baseline|none|policy_full_rerank|ttr48.0_pb0.3-0.7_act0_trl20_hl0.0|churn0.75,119367.09781925236,4973.629075802181,1.0011091188271675,24,1.0779978544555473,3.1449735132861427,1014.1130119643568,9.101354739360547,0.998840600497227,1.4553652078688446,0.03355087014725569
eb_shrinkage_skill|none|policy_online_weighting|ttr72.0_pb0.15-0.85_act0_trl20_hl0.0|churn0.0,119047.10075057906,4960.295864607461,0.8034144656655875,24,2.666355094749639,11.077822203619219,1260.2662719318419,8.732762579983476,1.0,1.0157777842393902,0.08688448251589219
eb_shrinkage_skill|none|policy_online_weighting|ttr72.0_pb0.15-0.85_act0_trl20_hl0.0|churn0.75,118968.70175406378,4957.029239752657,0.8028527115705917,24,2.665541350793163,11.074222826384165,1260.317542522536,8.732762579983476,1.0,1.0157777842393902,0.08688448251589219
gu_koenker_npmle|none|policy_online_weighting|ttr24.0_pb0.15-0.85_act0_trl20_hl0.0|churn0.0,118444.53676280082,4935.189031783368,0.7168470657272347,24,3.2149389508567245,14.152746757676303,1405.3084553659917,8.446834909040739,0.9993058568329718,0.8141032839854797,0.028214027476500363
gu_koenker_npmle|none|policy_online_weighting|ttr24.0_pb0.15-0.85_act0_trl20_hl0.0|churn0.75,118345.76714776304,4931.073631156793,0.7162942784767943,24,3.2144595256666113,14.15066817301789,1405.2202010827682,8.446834909040739,0.9993058568329718,0.8141032839854797,0.028214027476500363
gu_koenker_npmle|none|policy_online_weighting|ttr72.0_pb0.15-0.85_act0_trl20_hl0.0|churn0.0,117726.74003982647,4905.28083499277,0.7601372146444672,24,3.256497799769075,14.423121996943651,1317.2440952437753,8.78238599698012,0.9991755543081673,2.6921296738055385,0.13648961549256244
gu_koenker_npmle|none|policy_online_weighting|ttr72.0_pb0.15-0.85_act0_trl20_hl0.0|churn0.75,117614.60942363925,4900.608725984969,0.7593442722796577,24,3.2562878694306105,14.42187743242968,1317.3636831482095,8.78238599698012,0.9991755543081673,2.6921296738055385,0.13648961549256244
t_stat_baseline|none|policy_full_rerank|ttr24.0_pb0.3-0.7_act0_trl20_hl0.0|churn0.0,115554.73738064879,4814.7807241937,0.9680540617861327,24,1.1251320078749274,3.2206378062107857,1015.245985324265,8.945439222707188,0.9988394630422819,1.1868758687069294,0.032602713502907325
gu_koenker_npmle|none|policy_online_weighting|ttr48.0_pb0.15-0.85_act0_trl20_hl0.0|churn0.0,115552.58941088186,4814.691225453411,0.7342708168487754,24,3.467975119250171,15.666582505889664,1338.463559220776,8.504694096847826,0.9991336678338086,2.700817437927933,0.11134173194238892
gu_koenker_npmle|none|policy_online_weighting|ttr48.0_pb0.15-0.85_act0_trl20_hl0.0|churn0.75,115442.53734123899,4810.105722551624,0.7335224768192758,24,3.467955650588462,15.666310696446338,1338.5530097845678,8.504694096847826,0.9991336678338086,2.700817437927933,0.11134173194238892
t_stat_baseline|none|policy_full_rerank|ttr24.0_pb0.3-0.7_act0_trl20_hl0.0|churn0.75,115428.73738064879,4809.5307241937,0.9667933160843959,24,1.1251793495663747,3.220723629786228,1015.4614556282792,8.945439222707188,0.9988394630422819,1.1868758687069294,0.032602713502907325
eb_shrinkage_skill|none|policy_online_weighting|ttr48.0_pb0.15-0.85_act0_trl20_hl0.0|churn0.0,115163.43081155479,4798.476283814783,0.7752354880272623,24,2.7013860368460114,11.2308925827357,1263.4675333837952,8.307131222617988,1.0,0.11141502040962827,0.06590788777130757
eb_shrinkage_skill|none|policy_online_weighting|ttr48.0_pb0.15-0.85_act0_trl20_hl0.0|churn0.75,115084.83682384813,4795.201534327006,0.7746598526264912,24,2.7006028953633083,11.22743026846321,1263.5434908504176,8.307131222617988,1.0,0.11141502040962827,0.06590788777130757
eb_shrinkage_skill|none|policy_online_weighting|ttr24.0_pb0.15-0.85_act0_trl20_hl0.0|churn0.0,112437.35091530536,4684.889621471057,0.7396448908757925,24,2.8231678758140633,11.892850766002729,1292.9165080237358,8.323424633610516,0.9995409573481008,-0.5354375904353016,0.021858243722347563
eb_shrinkage_skill|none|policy_online_weighting|ttr24.0_pb0.15-0.85_act0_trl20_hl0.0|churn0.75,112355.4598878565,4681.4774953273545,0.7390806810214492,24,2.8223366099864395,11.889094089633312,1292.9611295420762,8.323424633610516,0.9995409573481008,-0.5354375904353016,0.021858243722347563
gu_koenker_npmle|none|policy_online_weighting|ttr24.0_pb0.3-0.7_act0_trl20_hl0.0|churn0.0,93619.99347011214,3900.8330612546724,0.8489346367948892,24,2.4189212222208543,9.789984718290135,937.9452549224369,7.760024503306622,0.9990756401683515,0.43162088790743314,0.03724973449238878
gu_koenker_npmle|none|policy_online_weighting|ttr24.0_pb0.3-0.7_act0_trl20_hl0.0|churn0.75,93526.64111018792,3896.943379591163,0.8480517407820244,24,2.418280790285425,9.788262217766206,937.9855003218944,7.760024503306622,0.9990756401683515,0.43162088790743314,0.03724973449238878
gu_koenker_npmle|none|policy_online_weighting|ttr72.0_pb0.3-0.7_act0_trl20_hl0.0|churn0.0,87224.34080845685,3634.3475336857023,0.832011696920325,24,2.3832590789138832,10.25880863554955,891.6438152676767,8.402529787962557,0.9989850449480094,1.5612184329300252,0.04629437839181408
gu_koenker_npmle|none|policy_online_weighting|ttr72.0_pb0.3-0.7_act0_trl20_hl0.0|churn0.75,87134.3146738162,3630.5964447423416,0.8310623023185932,24,2.3816098806834916,10.255898295651884,891.7410811410109,8.402529787962557,0.9989850449480094,1.5612184329300252,0.04629437839181408
proxy_clv|deflated_sharpe|policy_online_weighting|ttr48.0_pb0.15-0.85_act0_trl20_hl0.0|churn0.0,86070.52523435252,3586.2718847646884,0.8001842499639371,24,1.1652985384480599,4.281788923699386,914.8451535754322,6.166510651543672,0.9989690721649485,3.988569826283946,0.7
proxy_clv|deflated_sharpe|policy_online_weighting|ttr48.0_pb0.15-0.85_act0_trl20_hl0.0|churn0.75,85889.42028910507,3578.725845379378,0.7986694812025132,24,1.1650370177474365,4.2799770236613535,914.65164426667,6.166510651543672,0.9989690721649485,3.988569826283946,0.7
gu_koenker_npmle|none|policy_online_weighting|ttr48.0_pb0.3-0.7_act0_trl20_hl0.0|churn0.0,83697.69174998463,3487.4038229160265,0.856146815648035,24,2.1168747399096026,9.431425616835163,831.4734242075997,8.084350809616978,0.9989438439585627,0.8751671850114,0.03377452192085571
gu_koenker_npmle|none|policy_online_weighting|ttr48.0_pb0.3-0.7_act0_trl20_hl0.0|churn0.75,83605.7197377411,3483.571655739213,0.8550838601352646,24,2.114881123913147,9.428148019710717,831.5922212231516,8.084350809616978,0.9989438439585627,0.8751671850114,0.03377452192085571
eb_shrinkage_skill|none|policy_online_weighting|ttr72.0_pb0.3-0.7_act0_trl20_hl0.0|churn0.0,78360.3515601028,3265.014648337617,0.7943217734109372,24,2.4522036916092813,9.970932987343534,839.0407345876172,7.655545151009381,1.0,0.0021458871905387276,0.032150122350305135
eb_shrinkage_skill|none|policy_online_weighting|ttr72.0_pb0.3-0.7_act0_trl20_hl0.0|churn0.75,78285.65578551184,3261.902324396327,0.7935075351954127,24,2.4508628501752683,9.96706438729534,839.1010724724623,7.655545151009381,1.0,0.0021458871905387276,0.032150122350305135
t_stat_baseline|deflated_sharpe|policy_online_weighting|ttr48.0_pb0.15-0.85_act0_trl20_hl0.0|churn0.0,78029.06012856927,3251.210838690386,0.9414414763176816,24,0.4389738234493571,2.3680394775289484,704.9303117727977,5.933901936154809,0.9969293756397134,3.9535887790855178,0.7052200614124872
t_stat_baseline|deflated_sharpe|policy_online_weighting|ttr48.0_pb0.15-0.85_act0_trl20_hl0.0|churn0.75,77884.90505017265,3245.204377090527,0.9400551249635508,24,0.4388804499262244,2.3659844655269717,704.6656647951481,5.933901936154809,0.9969293756397134,3.9535887790855178,0.7052200614124872
eb_shrinkage_skill|none|policy_online_weighting|ttr24.0_pb0.3-0.7_act0_trl20_hl0.0|churn0.0,77048.6323607179,3210.3596816965787,0.8606704065056923,24,2.072704553992058,8.099093861957504,761.3970701908127,7.609733681980942,1.0,-0.5115063288826365,0.025287691187181355
eb_shrinkage_skill|none|policy_online_weighting|ttr24.0_pb0.3-0.7_act0_trl20_hl0.0|churn0.75,76978.36866039963,3207.4320275166515,0.8597479613557483,24,2.0709379524206377,8.094541836115543,761.5188990665703,7.609733681980942,1.0,-0.5115063288826365,0.025287691187181355
eb_shrinkage_skill|none|policy_online_weighting|ttr48.0_pb0.3-0.7_act0_trl20_hl0.0|churn0.0,76527.36677570007,3188.640282320836,0.8483262473641635,24,2.063740565883545,8.220063247152655,767.25018718116,7.616567737355872,1.0,-0.3816647292548689,0.02603961981281749
eb_shrinkage_skill|none|policy_online_weighting|ttr48.0_pb0.3-0.7_act0_trl20_hl0.0|churn0.75,76456.2228085454,3185.6759503560584,0.8474048552618202,24,2.0620219270569486,8.215588578785606,767.3703735759674,7.616567737355872,1.0,-0.3816647292548689,0.02603961981281749
t_stat_baseline|none|policy_online_weighting|ttr48.0_pb0.15-0.85_act0_trl20_hl0.0|churn0.0,68542.16904483906,2855.9237102016273,0.3885279994671054,24,2.4501097216736296,9.404862614178866,1500.4400892396175,10.18132603364602,0.9987595250753145,3.2611986522739893,0.03436954960500667
t_stat_baseline|none|policy_online_weighting|ttr48.0_pb0.15-0.85_act0_trl20_hl0.0|churn0.75,68380.63593459356,2849.1931639413983,0.38782634543825384,24,2.450692758125057,9.407818271269083,1499.6122002309814,10.18132603364602,0.9987595250753145,3.2611986522739893,0.03436954960500667
t_stat_baseline|none|policy_online_weighting|ttr24.0_pb0.3-0.7_act0_trl20_hl0.0|churn0.0,68186.6841652637,2841.1118402193206,0.3891214841428524,24,1.9193799486715972,6.732366440167708,1490.381666205262,8.923470223368941,0.9988526820036667,1.1803263253334402,0.03307114554379324
t_stat_baseline|none|policy_online_weighting|ttr24.0_pb0.3-0.7_act0_trl20_hl0.0|churn0.75,68061.29984662797,2835.8874936094985,0.3884853304284229,24,1.9192552677809303,6.735589926249181,1490.0771413133677,8.923470223368941,0.9988526820036667,1.1803263253334402,0.03307114554379324
gu_koenker_npmle|none|policy_full_rerank|ttr48.0_pb0.15-0.85_act0_trl0_hl0.0|churn0.0,64969.89137274417,2707.0788071976735,0.45416556828379345,24,2.3116518068744263,7.108992813215845,1216.6931757570233,5.150303346133992,1.0,-1.5943135445031527,0.04706676162986843
gu_koenker_npmle|none|policy_full_rerank|ttr72.0_pb0.15-0.85_act0_trl0_hl0.0|churn0.0,64890.90787154903,2703.78782798121,0.4812754523747721,24,2.157732314178854,6.264225769777717,1146.761956280685,5.326854390991401,1.0,-0.8992063903275685,0.06202157405002368
gu_koenker_npmle|none|policy_full_rerank|ttr48.0_pb0.15-0.85_act0_trl0_hl0.0|churn0.75,64847.64137274417,2701.9850571976735,0.4533115908442114,24,2.311649192638584,7.108823900954306,1216.6915679406782,5.150303346133992,1.0,-1.5943135445031527,0.04706676162986843
gu_koenker_npmle|none|policy_full_rerank|ttr72.0_pb0.15-0.85_act0_trl0_hl0.0|churn0.75,64767.15787154903,2698.63157798121,0.48032973607639373,24,2.157779772669534,6.264360336030911,1146.828569580174,5.326854390991401,1.0,-0.8992063903275685,0.06202157405002368
gu_koenker_npmle|none|policy_full_rerank|ttr24.0_pb0.15-0.85_act0_trl0_hl0.0|churn0.0,63296.754838932,2637.3647849555,0.4436671165333006,24,2.329744747377416,7.190397882365597,1213.409361055117,9.595534409220656,1.0,-3.202076356710267,0.023741073303927746
t_stat_baseline|none|policy_online_weighting|ttr24.0_pb0.15-0.85_act0_trl20_hl0.0|churn0.0,63234.177455074285,2634.7573939614285,0.4201795489828561,24,3.4627883599803315,14.69761461815034,1279.970913000889,9.923322884618562,0.9989497224913307,2.159443401291529,0.03034034423750758
gu_koenker_npmle|none|policy_full_rerank|ttr24.0_pb0.15-0.85_act0_trl0_hl0.0|churn0.75,63173.004838932,2632.2085349555,0.4428009723273897,24,2.329792529434762,7.19033806700778,1213.4059111160434,9.595534409220656,1.0,-3.202076356710267,0.023741073303927746
t_stat_baseline|none|policy_online_weighting|ttr24.0_pb0.15-0.85_act0_trl20_hl0.0|churn0.75,63075.21322479348,2628.133884366395,0.41931778447554063,24,3.4632123749153165,14.698781556026972,1279.3771277131677,9.923322884618562,0.9989497224913307,2.159443401291529,0.03034034423750758
proxy_clv|none|policy_online_weighting|ttr72.0_pb0.3-0.7_act0_trl20_hl0.0|churn0.0,55299.09518004909,2304.1289658353785,0.2794958572675035,24,3.8140711992682292,17.984349633390682,1682.773978310287,9.848379571603031,0.999001935639971,2.5227164977293275,0.12769174933462377
proxy_clv|none|policy_online_weighting|ttr72.0_pb0.3-0.7_act0_trl20_hl0.0|churn0.75,55220.224256709,2300.842677362875,0.2792123279670796,24,3.813905459050809,17.98376421754987,1682.080258595245,9.848379571603031,0.999001935639971,2.5227164977293275,0.12769174933462377
proxy_clv|deflated_sharpe|policy_online_weighting|ttr24.0_pb0.15-0.85_act0_trl20_hl0.0|churn0.0,45178.15271149258,1882.4230296455241,0.5556072396990149,24,1.277695130177559,3.537125106756373,691.5820465180608,5.564060294017803,0.9989451476793249,3.841119066735255,0.5917721518987342
proxy_clv|deflated_sharpe|policy_online_weighting|ttr24.0_pb0.15-0.85_act0_trl20_hl0.0|churn0.75,45024.0955187791,1876.003979949129,0.554018928707111,24,1.2778347382376458,3.53665771573833,691.1996847336281,5.564060294017803,0.9989451476793249,3.841119066735255,0.5917721518987342
t_stat_baseline|none|policy_online_weighting|ttr72.0_pb0.15-0.85_act0_trl20_hl0.0|churn0.0,40025.53310037695,1667.7305458490398,0.3532217711495882,24,1.7225125837502042,9.124757156393322,963.7686574094253,10.317546128859982,0.9989504541999927,3.4850218365173413,0.0634432340487134
t_stat_baseline|none|policy_online_weighting|ttr72.0_pb0.15-0.85_act0_trl20_hl0.0|churn0.75,39863.99754364844,1660.9998976520183,0.3520215693132854,24,1.7225222401216531,9.123918223914412,963.1517324349027,10.317546128859982,0.9989504541999927,3.4850218365173413,0.0634432340487134
proxy_clv|deflated_sharpe|policy_online_weighting|ttr48.0_pb0.3-0.7_act0_trl20_hl0.0|churn0.0,39504.7414143081,1646.0308922628374,0.6639785910849517,24,1.938675403438211,5.69203486925694,506.0323531809732,5.35693047949517,0.9845605700712589,3.6116168448440695,0.6781472684085511
proxy_clv|deflated_sharpe|policy_online_weighting|ttr48.0_pb0.3-0.7_act0_trl20_hl0.0|churn0.75,39421.221451603466,1642.5508938168111,0.6634928805878099,24,1.9380670743470325,5.690662110244189,505.3321701104953,5.35693047949517,0.9845605700712589,3.6116168448440695,0.6781472684085511
t_stat_baseline|deflated_sharpe|policy_online_weighting|ttr72.0_pb0.15-0.85_act0_trl20_hl0.0|churn0.0,38812.79038571984,1617.1995994049933,0.840633957725073,24,0.12472659145800336,2.2908720176393906,392.691114681246,6.155307029504574,0.9971751412429378,4.501705080010271,0.7288135593220338
t_stat_baseline|deflated_sharpe|policy_online_weighting|ttr72.0_pb0.15-0.85_act0_trl20_hl0.0|churn0.75,38702.50817611863,1612.6045073382763,0.8386398274873686,24,0.1255458847219887,2.2902542407216298,392.50642035903496,6.155307029504574,0.9971751412429378,4.501705080010271,0.7288135593220338
t_stat_baseline|deflated_sharpe|policy_online_weighting|ttr24.0_pb0.15-0.85_act0_trl20_hl0.0|churn0.0,38552.346074777626,1606.3477531157343,0.5547484770745618,24,1.2736131924852119,3.992157389784161,591.0685213218025,5.343257286436261,0.9968847352024922,3.9688450896204412,0.5628245067497404
t_stat_baseline|deflated_sharpe|policy_online_weighting|ttr24.0_pb0.15-0.85_act0_trl20_hl0.0|churn0.75,38424.475873607254,1601.019828066969,0.5531949630959266,24,1.273419273813683,3.987195869670029,590.7624358591171,5.343257286436261,0.9968847352024922,3.9688450896204412,0.5628245067497404
gu_koenker_npmle|none|policy_hybrid_displacement|ttr72.0_pb0.15-0.85_act0_trl0_hl0.0|churn0.0,37671.28357540195,1569.6368156417477,0.505420617888589,24,2.0281817761419134,5.709433879668013,633.9289731707566,5.599777079729173,0.9999615975422427,2.4203719820975746,0.08799283154121863
gu_koenker_npmle|none|policy_hybrid_displacement|ttr72.0_pb0.15-0.85_act0_trl0_hl0.0|churn0.75,37614.28357540195,1567.2618156417477,0.5045774510237263,24,2.028090880104422,5.708697345868937,634.027497311753,5.599777079729173,0.9999615975422427,2.4203719820975746,0.08799283154121863
gu_koenker_npmle|none|policy_hybrid_displacement|ttr48.0_pb0.15-0.85_act0_trl0_hl0.0|churn0.0,35516.406978505765,1479.8502907710736,0.4930925086543285,24,2.291572944154175,7.155301075811242,612.6095415629857,4.2541280488133015,0.9999591255196898,0.8935231946939624,0.05547834820385855
gu_koenker_npmle|none|policy_hybrid_displacement|ttr48.0_pb0.15-0.85_act0_trl0_hl0.0|churn0.75,35462.406978505765,1477.6002907710736,0.4922259960394137,24,2.2912963596189146,7.153787928993618,612.7549109046812,4.2541280488133015,0.9999591255196898,0.8935231946939624,0.05547834820385855
gu_koenker_npmle|none|policy_hybrid_displacement|ttr24.0_pb0.15-0.85_act0_trl0_hl0.0|churn0.0,34675.439345388695,1444.809972724529,0.4847766373589259,24,2.128894876542828,6.1462141036504,608.3638896290443,4.218270471451694,0.9999579677402406,-1.1658311087533464,0.046634792203015814
gu_koenker_npmle|none|policy_hybrid_displacement|ttr24.0_pb0.15-0.85_act0_trl0_hl0.0|churn0.75,34620.689345388695,1442.528722724529,0.4839132646670913,24,2.1289257751256487,6.145995573405943,608.4870244282828,4.218270471451694,0.9999579677402406,-1.1658311087533464,0.046634792203015814
proxy_clv|deflated_sharpe|policy_online_weighting|ttr72.0_pb0.3-0.7_act0_trl20_hl0.0|churn0.0,31733.83772437017,1322.2432385154236,0.7249924398160325,24,1.4186003193562864,4.118853492097136,372.2821867206638,6.147081839674286,0.9866255144032922,4.1519838538792815,0.7674897119341564
proxy_clv|deflated_sharpe|policy_online_weighting|ttr72.0_pb0.3-0.7_act0_trl20_hl0.0|churn0.75,31667.934702242917,1319.4972792601216,0.7247074180725874,24,1.4163884060401213,4.110280938293723,371.6551639296923,6.147081839674286,0.9866255144032922,4.1519838538792815,0.7674897119341564
eb_shrinkage_skill|none|policy_hybrid_displacement|ttr72.0_pb0.15-0.85_act0_trl0_hl0.0|churn0.0,31327.095359212504,1305.2956399671878,0.4334522474882679,24,2.372705427779717,7.194005308937202,614.6982933580957,9.41553005557372,0.9977964815952028,1.83503520767243,0.11339088971571
eb_shrinkage_skill|none|policy_hybrid_displacement|ttr72.0_pb0.15-0.85_act0_trl0_hl0.0|churn0.75,31266.345359212504,1302.7643899671878,0.43254230072426986,24,2.3724092348824413,7.192876088652084,614.7969044770235,9.41553005557372,0.9977964815952028,1.83503520767243,0.11339088971571
proxy_clv|none|policy_online_weighting|ttr24.0_pb0.3-0.7_act0_trl20_hl0.0|churn0.0,31077.142359479007,1294.8809316449585,0.15039164759633128,24,2.81579674541282,12.328259541190809,1757.5208967629007,9.260068830495367,0.9990384901321333,1.2142321060935775,0.10505238741908944
proxy_clv|none|policy_online_weighting|ttr24.0_pb0.3-0.7_act0_trl20_hl0.0|churn0.75,30973.034073532803,1290.5430863972,0.14993040184942832,24,2.813928081223648,12.323075157328619,1757.0219324854806,9.260068830495367,0.9990384901321333,1.2142321060935775,0.10505238741908944
eb_shrinkage_skill|none|policy_hybrid_displacement|ttr24.0_pb0.15-0.85_act0_trl0_hl0.0|churn0.0,30856.548801905596,1285.6895334127332,0.4414036824214989,24,2.378912515083981,7.2925610974350334,594.5584223534169,12.100600131494033,0.997654180855089,0.5134333106641501,0.051532349602724174
eb_shrinkage_skill|none|policy_hybrid_displacement|ttr24.0_pb0.15-0.85_act0_trl0_hl0.0|churn0.75,30795.798801905596,1283.1582834127332,0.44049167060701583,24,2.3785149121129634,7.2903532783688645,594.6164372142499,12.100600131494033,0.997654180855089,0.5134333106641501,0.051532349602724174
eb_shrinkage_skill|none|policy_hybrid_displacement|ttr48.0_pb0.15-0.85_act0_trl0_hl0.0|churn0.0,30037.020887653343,1251.542536985556,0.4237483451042975,24,2.4015017354326407,7.427503169233404,602.8815298870386,9.062954766845104,0.9976453331274608,1.2831569818513062,0.05193777503281093
eb_shrinkage_skill|none|policy_hybrid_displacement|ttr48.0_pb0.15-0.85_act0_trl0_hl0.0|churn0.75,29976.270887653343,1249.011286985556,0.42285252901090514,24,2.401137569675326,7.425328601649631,602.9368251322111,9.062954766845104,0.9976453331274608,1.2831569818513062,0.05193777503281093
gu_koenker_npmle|deflated_sharpe|policy_online_weighting|ttr72.0_pb0.3-0.7_act0_trl20_hl0.0|churn0.0,28912.883651757395,1204.7034854898914,0.9540415030194264,24,1.2132506111930472,3.202463136548288,257.75510651819667,5.9412576965774955,0.983495145631068,4.239651496048989,0.7514563106796116
gu_koenker_npmle|deflated_sharpe|policy_online_weighting|ttr72.0_pb0.3-0.7_act0_trl20_hl0.0|churn0.75,28800.10243270996,1200.0042680295817,0.9515529017206671,24,1.213628975543944,3.2046023035535827,257.42115340436874,5.9412576965774955,0.983495145631068,4.239651496048989,0.7514563106796116
eb_shrinkage_skill|deflated_sharpe|policy_online_weighting|ttr72.0_pb0.3-0.7_act0_trl20_hl0.0|churn0.0,28566.19156526085,1190.2579818858687,1.1414453343975084,24,0.6929318846343427,2.266995577708064,212.85328857748507,5.93478932139964,0.9830508474576272,3.966865544106664,0.7726819541375872
eb_shrinkage_skill|deflated_sharpe|policy_online_weighting|ttr72.0_pb0.3-0.7_act0_trl20_hl0.0|churn0.75,28458.13633229772,1185.755680512405,1.1394843391595384,24,0.694413265825554,2.270178328118448,212.4130682805408,5.93478932139964,0.9830508474576272,3.966865544106664,0.7726819541375872
eb_shrinkage_skill|none|policy_full_rerank|ttr72.0_pb0.15-0.85_act0_trl0_hl0.0|churn0.0,27300.938453642375,1137.5391022350989,0.39383003621259044,24,2.4328117776706275,7.478047424645469,589.5924016986266,22.06234783270571,0.99782982015814,3.2259562964152253,0.10458379724858938
eb_shrinkage_skill|none|policy_full_rerank|ttr72.0_pb0.15-0.85_act0_trl0_hl0.0|churn0.75,27190.688453642375,1132.9453522350989,0.39225959496516766,24,2.431978037875068,7.473253069054957,589.5623831458221,22.06234783270571,0.99782982015814,3.2259562964152253,0.10458379724858938
eb_shrinkage_skill|none|policy_full_rerank|ttr24.0_pb0.15-0.85_act0_trl0_hl0.0|churn0.0,27026.275076115093,1126.0947948381288,0.3965324141090198,24,2.4616249677498128,7.700876796771186,579.6830959278487,22.909321027482115,0.9976630291206893,0.9989744351536886,0.036619317604503245
eb_shrinkage_skill|none|policy_full_rerank|ttr24.0_pb0.15-0.85_act0_trl0_hl0.0|churn0.75,26910.025076115093,1121.2510448381288,0.3947814638539031,24,2.460726602721171,7.695695433182288,579.74963891084,22.909321027482115,0.9976630291206893,0.9989744351536886,0.036619317604503245
eb_shrinkage_skill|none|policy_full_rerank|ttr48.0_pb0.15-0.85_act0_trl0_hl0.0|churn0.0,26304.267568250725,1096.0111486771136,0.3852967338033365,24,2.473246945001696,7.731451384470438,580.6494560179059,22.445044012296457,0.9976718762652846,3.0682292326951206,0.03967932626123573
eb_shrinkage_skill|none|policy_full_rerank|ttr48.0_pb0.15-0.85_act0_trl0_hl0.0|churn0.75,26200.767568250725,1091.6986486771136,0.3838079332321048,24,2.4723525019489183,7.726139044125523,580.6082527671688,22.445044012296457,0.9976718762652846,3.0682292326951206,0.03967932626123573
gu_koenker_npmle|deflated_sharpe|policy_online_weighting|ttr48.0_pb0.15-0.85_act0_trl20_hl0.0|churn0.0,25241.927228818866,1051.7469678674527,0.7706641858253981,24,0.728185245073562,2.6501946209887244,278.57392981910164,5.8501638163465,0.9969072164948454,3.810418099275301,0.7319587628865979
gu_koenker_npmle|deflated_sharpe|policy_online_weighting|ttr48.0_pb0.15-0.85_act0_trl20_hl0.0|churn0.75,25107.81467787931,1046.158944911638,0.7670693491167088,24,0.7289910910414026,2.65258885345777,278.3924304272215,5.8501638163465,0.9969072164948454,3.810418099275301,0.7319587628865979
t_stat_baseline|none|policy_online_weighting|ttr48.0_pb0.3-0.7_act0_trl20_hl0.0|churn0.0,25043.118192240792,1043.463258010033,0.2832008226015616,24,1.018281101667103,8.942617690044006,752.1024962624878,9.079385740022296,0.9988537937065003,1.4488156644953556,0.03400805889373368
proxy_clv|deflated_sharpe|policy_online_weighting|ttr24.0_pb0.3-0.7_act0_trl20_hl0.0|churn0.0,24967.43304763761,1040.3097103182338,0.5693888164746789,24,1.4557718381818179,4.100298088277868,372.94784205623966,5.133730694864014,0.9843937575030012,3.5272226897937564,0.6926770708283313
t_stat_baseline|none|policy_online_weighting|ttr48.0_pb0.3-0.7_act0_trl20_hl0.0|churn0.75,24951.7626073392,1039.6567753058,0.282226231593221,24,1.0139028838555721,8.94294528670139,751.9465834053257,9.079385740022296,0.9988537937065003,1.4488156644953556,0.03400805889373368
proxy_clv|deflated_sharpe|policy_online_weighting|ttr24.0_pb0.3-0.7_act0_trl20_hl0.0|churn0.75,24843.318216500662,1035.138259020861,0.5677965622597674,24,1.4555770500502219,4.102294787468693,372.13453966428654,5.133730694864014,0.9843937575030012,3.5272226897937564,0.6926770708283313
t_stat_baseline|deflated_sharpe|policy_online_weighting|ttr24.0_pb0.3-0.7_act0_trl20_hl0.0|churn0.0,24594.76894295557,1024.7820392898154,0.5624619448644052,24,1.684728634360905,4.608166546636287,371.90561908947944,4.897902117326404,0.969626168224299,3.3763853102718984,0.655373831775701
t_stat_baseline|deflated_sharpe|policy_online_weighting|ttr24.0_pb0.3-0.7_act0_trl20_hl0.0|churn0.75,24487.28858553209,1020.303691063837,0.5606082369824136,24,1.68623985730221,4.616354539959301,371.5047426638576,4.897902117326404,0.969626168224299,3.3763853102718984,0.655373831775701
proxy_clv|deflated_sharpe|policy_full_rerank|ttr72.0_pb0.3-0.7_act0_trl20_hl0.0|churn0.0,24257.6464866,1010.735270275,1.1642730629556721,24,0.6059769814086289,2.28059433432094,177.20539937331247,6.154654376301994,0.988517745302714,4.1429508886503,0.7432150313152401
proxy_clv|deflated_sharpe|policy_full_rerank|ttr72.0_pb0.3-0.7_act0_trl20_hl0.0|churn0.75,24145.1464866,1006.047770275,1.1614733986365449,24,0.6071249408857312,2.2823942838283546,176.80873398473506,6.154654376301994,0.988517745302714,4.1429508886503,0.7432150313152401
t_stat_baseline|deflated_sharpe|policy_hybrid_displacement|ttr48.0_pb0.15-0.85_act0_trl20_hl0.0|churn0.0,23991.226988978215,999.6344578740923,0.962809938137078,24,0.26933686144750235,1.8285401605178202,211.93126615700058,1.3450491926341563,0.9943405124980349,2.539551582655408,0.2667819525231882
t_stat_baseline|deflated_sharpe|policy_hybrid_displacement|ttr48.0_pb0.15-0.85_act0_trl20_hl0.0|churn0.75,23966.476988978215,998.6032078740923,0.9611980614570251,24,0.2690233753408057,1.8278818814054048,212.06766264611065,1.3450491926341563,0.9943405124980349,2.539551582655408,0.2667819525231882
gu_koenker_npmle|deflated_sharpe|policy_full_rerank|ttr72.0_pb0.3-0.7_act0_trl20_hl0.0|churn0.0,23952.566717721395,998.0236132383915,1.1636767672873432,24,0.6319070782782275,2.3980101726425853,175.06641251287124,5.9516283808579855,0.9831181727904668,4.574055932566645,0.7398212512413108
gu_koenker_npmle|deflated_sharpe|policy_online_weighting|ttr72.0_pb0.15-0.85_act0_trl20_hl0.0|churn0.0,23935.518858604286,997.3132857751785,0.9157599553554987,24,0.23521727368314319,1.8797847787010593,222.30249400704483,6.020558354747141,0.9971264367816092,4.129557070572255,0.7442528735632183
t_stat_baseline|deflated_sharpe|policy_hybrid_displacement|ttr72.0_pb0.15-0.85_act0_trl20_hl0.0|churn0.0,23916.7859716954,996.5327488206417,0.8185858444801805,24,0.3042085458983705,1.636624143804761,248.49732855790387,2.1290380715779995,0.9920529801324504,3.208741602782317,0.29845474613686535
gu_koenker_npmle|deflated_sharpe|policy_online_weighting|ttr48.0_pb0.3-0.7_act0_trl20_hl0.0|churn0.0,23900.430905353307,995.8512877230545,0.878887585326442,24,1.1832474053380004,3.121703607464552,231.28929828845435,5.129868340703083,0.9705215419501134,3.253440513860467,0.6700680272108843
t_stat_baseline|deflated_sharpe|policy_hybrid_displacement|ttr72.0_pb0.15-0.85_act0_trl20_hl0.0|churn0.75,23892.7859716954,995.5327488206417,0.8172329744522541,24,0.30383114056487376,1.6363434336401796,248.65892316644542,2.1290380715779995,0.9920529801324504,3.208741602782317,0.29845474613686535
t_stat_baseline|deflated_sharpe|policy_full_rerank|ttr72.0_pb0.3-0.7_act0_trl20_hl0.0|churn0.0,23861.92593755148,994.246914064645,1.1513504871615268,24,0.5906434284722991,2.244881584658478,176.27108664649293,5.989044183005742,0.9831683168316832,4.754667717642758,0.7227722772277227
gu_koenker_npmle|deflated_sharpe|policy_full_rerank|ttr72.0_pb0.3-0.7_act0_trl20_hl0.0|churn0.75,23837.816717721395,993.2423632383915,1.1609306390026803,24,0.633375559803394,2.4015788203527912,174.63984633772097,5.9516283808579855,0.9831181727904668,4.574055932566645,0.7398212512413108
gu_koenker_npmle|deflated_sharpe|policy_online_weighting|ttr72.0_pb0.15-0.85_act0_trl20_hl0.0|churn0.75,23819.15758464354,992.4648993601476,0.9120553873672539,24,0.23546510776883456,1.880787937126098,222.12033617757746,6.020558354747141,0.9971264367816092,4.129557070572255,0.7442528735632183
gu_koenker_npmle|deflated_sharpe|policy_online_weighting|ttr48.0_pb0.3-0.7_act0_trl20_hl0.0|churn0.75,23793.431948114376,991.392997838099,0.8761837588115517,24,1.184175991768734,3.1215119080201177,230.9643910166896,5.129868340703083,0.9705215419501134,3.253440513860467,0.6700680272108843
t_stat_baseline|deflated_sharpe|policy_full_rerank|ttr72.0_pb0.3-0.7_act0_trl20_hl0.0|churn0.75,23747.17593755148,989.465664064645,1.1483550864914276,24,0.5918080060009617,2.2466880254013075,175.88099298678804,5.989044183005742,0.9831683168316832,4.754667717642758,0.7227722772277227
eb_shrinkage_skill|deflated_sharpe|policy_full_rerank|ttr72.0_pb0.3-0.7_act0_trl20_hl0.0|churn0.0,23286.295210118642,970.2623004216101,1.107929135501142,24,0.6816072454208707,2.344182111285077,178.76049683876607,5.93478932139964,0.9830508474576272,3.966865544106664,0.7726819541375872
eb_shrinkage_skill|deflated_sharpe|policy_full_rerank|ttr72.0_pb0.3-0.7_act0_trl20_hl0.0|churn0.75,23170.795210118642,965.4498004216101,1.1051325665373022,24,0.6829884512882033,2.3478485541158265,178.32395971542311,5.93478932139964,0.9830508474576272,3.966865544106664,0.7726819541375872
eb_shrinkage_skill|deflated_sharpe|policy_online_weighting|ttr48.0_pb0.3-0.7_act0_trl20_hl0.0|churn0.0,23016.566260335065,959.0235941806277,1.028546962288797,24,0.5442816122482287,1.9679196106747698,190.32662444868475,5.086316362710387,0.9705215419501134,3.377277552305976,0.6530612244897959
t_stat_baseline|none|policy_online_weighting|ttr72.0_pb0.3-0.7_act0_trl20_hl0.0|churn0.0,22971.57102942932,957.1487928928883,0.44258913127712896,24,-0.6622424360130509,5.662568008295704,441.44143044195016,9.4885211724178,0.9987803826395476,2.6237242963108964,0.04028433099676001
eb_shrinkage_skill|deflated_sharpe|policy_online_weighting|ttr48.0_pb0.3-0.7_act0_trl20_hl0.0|churn0.75,22909.817172343195,954.5757155142998,1.0261479539051905,24,0.5451947981784347,1.9686503914772058,189.88680067720423,5.086316362710387,0.9705215419501134,3.377277552305976,0.6530612244897959
t_stat_baseline|none|policy_online_weighting|ttr72.0_pb0.3-0.7_act0_trl20_hl0.0|churn0.75,22882.41129356913,953.4338038987138,0.4409752834220672,24,-0.6669050501052034,5.674138730595965,441.3373437752972,9.4885211724178,0.9987803826395476,2.6237242963108964,0.04028433099676001
gu_koenker_npmle|deflated_sharpe|policy_hybrid_displacement|ttr48.0_pb0.15-0.85_act0_trl20_hl0.0|churn0.0,22407.948543285544,933.6645226368977,0.9366014220451766,24,0.508780043488186,2.1021241287718233,203.48407351387024,1.2868501109405284,0.9944802207911684,2.5329084147845244,0.28258203005213123
gu_koenker_npmle|deflated_sharpe|policy_hybrid_displacement|ttr48.0_pb0.15-0.85_act0_trl20_hl0.0|churn0.75,22380.198543285544,932.5082726368977,0.9346812104195544,24,0.5084140676285884,2.101095369683198,203.64959940541613,1.2868501109405284,0.9944802207911684,2.5329084147845244,0.28258203005213123
gu_koenker_npmle|none|policy_hybrid_displacement|ttr24.0_pb0.3-0.7_act0_trl0_hl0.0|churn0.0,21333.57174917239,888.898822882183,0.4239939263684523,24,2.5227370334603445,8.250234825787874,427.94413111667717,15156705.885642799,0.999754480726737,0.903111051178169,0.0782285784434078
gu_koenker_npmle|none|policy_hybrid_displacement|ttr24.0_pb0.3-0.7_act0_trl0_hl0.0|churn0.75,21266.07174917239,886.086322882183,0.42259516074491693,24,2.522124752919566,8.246855324739398,428.00209292790976,15156705.885642799,0.999754480726737,0.903111051178169,0.0782285784434078
proxy_clv|deflated_sharpe|policy_full_rerank|ttr48.0_pb0.15-0.85_act0_trl20_hl0.0|churn0.0,21265.801472953244,886.0750613730519,1.2309743494614038,24,-0.22136428158848032,1.5545690217262176,146.93183053996407,6.166582885105264,0.9989648033126294,3.882665845462617,0.7256728778467909
proxy_clv|deflated_sharpe|policy_full_rerank|ttr48.0_pb0.15-0.85_act0_trl20_hl0.0|churn0.75,21159.301472953244,881.6375613730519,1.2264352842927049,24,-0.223596248434974,1.5536614365454493,146.7370646657685,6.166582885105264,0.9989648033126294,3.882665845462617,0.7256728778467909
proxy_clv|deflated_sharpe|policy_full_rerank|ttr72.0_pb0.15-0.85_act0_trl20_hl0.0|churn0.0,21063.8322408244,877.6596767010166,1.2200149209546787,24,-0.2614575130344014,1.5437639043876867,146.84372152673328,6.350308278453522,0.9990458015267175,4.321027346792678,0.7452290076335878
proxy_clv|deflated_sharpe|policy_full_rerank|ttr72.0_pb0.15-0.85_act0_trl20_hl0.0|churn0.75,20961.8322408244,873.4096767010166,1.2150554980742283,24,-0.2608113592761527,1.5440301073118652,146.72910330142074,6.350308278453522,0.9990458015267175,4.321027346792678,0.7452290076335878
t_stat_baseline|deflated_sharpe|policy_full_rerank|ttr48.0_pb0.15-0.85_act0_trl20_hl0.0|churn0.0,20879.50894524884,869.9795393853683,1.1321271418350616,24,-0.10749296699155272,1.4988100038002747,156.8585570331462,5.903975289115499,0.9969356486210419,4.284946215175769,0.6527068437180796
t_stat_baseline|deflated_sharpe|policy_full_rerank|ttr48.0_pb0.15-0.85_act0_trl20_hl0.0|churn0.75,20779.00894524884,865.7920393853683,1.127879211304825,24,-0.10853130446792078,1.4989913745381194,156.6914774355085,5.903975289115499,0.9969356486210419,4.284946215175769,0.6527068437180796
proxy_clv|deflated_sharpe|policy_online_weighting|ttr72.0_pb0.15-0.85_act0_trl20_hl0.0|churn0.0,20773.791141163445,865.5746308818102,0.8528754506063265,24,0.9841711381861968,3.2742146572155564,207.1635213999716,6.350308278453522,0.9990458015267175,4.321027346792678,0.7452290076335878
proxy_clv|deflated_sharpe|policy_online_weighting|ttr72.0_pb0.15-0.85_act0_trl20_hl0.0|churn0.75,20700.70838639768,862.5295160999034,0.8503185416743768,24,0.9789015398650482,3.267179260192871,207.05546402000766,6.350308278453522,0.9990458015267175,4.321027346792678,0.7452290076335878
eb_shrinkage_skill|none|policy_hybrid_displacement|ttr24.0_pb0.3-0.7_act0_trl0_hl0.0|churn0.0,20008.910995021884,833.7046247925786,0.5288927710127636,24,1.8010302587385705,4.690441723616009,321.7651161800175,15156705.793406213,0.9993036817825747,0.7441072212894531,0.10914788058142572
gu_koenker_npmle|deflated_sharpe|policy_full_rerank|ttr48.0_pb0.3-0.7_act0_trl20_hl0.0|churn0.0,19979.18767466601,832.4661531110837,1.0963553030203639,24,0.4129004626670422,1.8282841861173063,154.99212843699627,5.129868340703083,0.9705215419501134,3.253440513860467,0.6700680272108843
eb_shrinkage_skill|none|policy_hybrid_displacement|ttr24.0_pb0.3-0.7_act0_trl0_hl0.0|churn0.75,19942.910995021884,830.9546247925786,0.5268261628450247,24,1.8000225085936306,4.688373881228243,321.96180538247415,15156705.793406213,0.9993036817825747,0.7441072212894531,0.10914788058142572
t_stat_baseline|deflated_sharpe|policy_full_rerank|ttr48.0_pb0.3-0.7_act0_trl20_hl0.0|churn0.0,19883.419746808482,828.4758227836868,1.096244554669496,24,0.4278042570132449,1.855670647766194,154.26477463509622,5.097410600253886,0.9704880817253121,3.816385956483139,0.6651532349602725
gu_koenker_npmle|deflated_sharpe|policy_full_rerank|ttr48.0_pb0.3-0.7_act0_trl20_hl0.0|churn0.75,19863.68767466601,827.6536531110837,1.0929662519156127,24,0.4148752380857052,1.8276601586426258,154.57393509935164,5.129868340703083,0.9705215419501134,3.253440513860467,0.6700680272108843
t_stat_baseline|deflated_sharpe|policy_full_rerank|ttr48.0_pb0.3-0.7_act0_trl20_hl0.0|churn0.75,19770.169746808482,823.7570727836868,1.0927067528736292,24,0.42929067598497694,1.854307782684935,153.88273927888352,5.097410600253886,0.9704880817253121,3.816385956483139,0.6651532349602725
eb_shrinkage_skill|deflated_sharpe|policy_full_rerank|ttr48.0_pb0.3-0.7_act0_trl20_hl0.0|churn0.0,19753.69018575753,823.0704244065637,1.0669886882472233,24,0.42690603085676426,1.7661185380053281,157.46047610276543,4.987918567209886,0.9701492537313433,3.098191657297203,0.6234213547646383
eb_shrinkage_skill|deflated_sharpe|policy_full_rerank|ttr48.0_pb0.3-0.7_act0_trl20_hl0.0|churn0.75,19641.94018575753,818.4141744065637,1.0636147800702287,24,0.42799599388193005,1.7644488409116268,157.06635233614014,4.987918567209886,0.9701492537313433,3.098191657297203,0.6234213547646383
t_stat_baseline|deflated_sharpe|policy_full_rerank|ttr72.0_pb0.15-0.85_act0_trl20_hl0.0|churn0.0,19430.691017157318,809.6121257148883,1.1683858886371203,24,-0.09690147783653856,1.6893359808294568,141.44417930597405,6.155307029504574,0.9971751412429378,4.501705080010271,0.7288135593220338
t_stat_baseline|deflated_sharpe|policy_full_rerank|ttr72.0_pb0.15-0.85_act0_trl20_hl0.0|churn0.75,19331.691017157318,805.4871257148883,1.1636975954977349,24,-0.0966651572963589,1.6922744497963813,141.2904621166221,6.155307029504574,0.9971751412429378,4.501705080010271,0.7288135593220338
proxy_clv|deflated_sharpe|policy_full_rerank|ttr48.0_pb0.3-0.7_act0_trl20_hl0.0|churn0.0,19325.984168144554,805.2493403393564,1.0137744143460128,24,0.4381197245002648,1.7087227493364228,162.13748440414497,5.3604085757714985,0.98676293622142,3.4574301966317726,0.6726835138387485
proxy_clv|deflated_sharpe|policy_full_rerank|ttr48.0_pb0.3-0.7_act0_trl20_hl0.0|churn0.75,19208.234168144554,800.3430903393564,1.0096002543707974,24,0.43971309548399345,1.7069606805660182,161.81587564042232,5.3604085757714985,0.98676293622142,3.4574301966317726,0.6726835138387485
eb_shrinkage_skill|deflated_sharpe|policy_full_rerank|ttr48.0_pb0.15-0.85_act0_trl20_hl0.0|churn0.0,18687.24688637661,778.6352869323588,1.0255081954616707,24,0.10407648505830666,1.4623893268192927,154.9848778350674,5.6414521441253305,0.9968553459119497,3.9681460064326393,0.6289308176100629
gu_koenker_npmle|deflated_sharpe|policy_full_rerank|ttr48.0_pb0.15-0.85_act0_trl20_hl0.0|churn0.0,18587.06546886256,774.4610612026066,1.0414639735514728,24,0.08497140655034165,1.4356638662818482,151.79229061021718,5.844324550259155,0.9969230769230769,3.993687957467045,0.7066666666666667
eb_shrinkage_skill|deflated_sharpe|policy_full_rerank|ttr48.0_pb0.15-0.85_act0_trl20_hl0.0|churn0.75,18585.99688637661,774.4165369323588,1.0216362724267172,24,0.10327043563299042,1.4625879555903112,154.72934734326327,5.6414521441253305,0.9968553459119497,3.9681460064326393,0.6289308176100629
gu_koenker_npmle|deflated_sharpe|policy_full_rerank|ttr48.0_pb0.15-0.85_act0_trl20_hl0.0|churn0.75,18484.31546886256,770.1798112026066,1.0373217535780825,24,0.08405059864750239,1.435982516820257,151.5559613922515,5.844324550259155,0.9969230769230769,3.993687957467045,0.7066666666666667
t_stat_baseline|deflated_sharpe|policy_online_weighting|ttr72.0_pb0.3-0.7_act0_trl20_hl0.0|churn0.0,18353.50564750439,764.7294019793495,0.6326167870021219,24,2.199594744293564,7.4345660806779605,246.75243958114777,5.933212537899189,0.9829317269076305,4.328190780825777,0.7218875502008032
proxy_clv|none|policy_hybrid_displacement|ttr24.0_pb0.15-0.85_act0_trl20_hl0.0|churn0.0,18325.105305882098,763.5460544117541,0.5657629549068022,24,-0.28969158012748825,2.670781854443876,275.483193712617,2.9617751996008765,0.9999602875183671,2.8983972668678972,0.6828561216790437
proxy_clv|none|policy_hybrid_displacement|ttr24.0_pb0.15-0.85_act0_trl20_hl0.0|churn0.75,18297.355305882098,762.3898044117541,0.5646088673177034,24,-0.2899146020344099,2.6676461212384224,275.6282732476476,2.9617751996008765,0.9999602875183671,2.8983972668678972,0.6828561216790437
t_stat_baseline|deflated_sharpe|policy_online_weighting|ttr72.0_pb0.3-0.7_act0_trl20_hl0.0|churn0.75,18266.603113669473,761.1084630695614,0.6307524861114182,24,2.1954382993355774,7.406193206830517,246.30995180163256,5.933212537899189,0.9829317269076305,4.328190780825777,0.7218875502008032
t_stat_baseline|none|policy_hybrid_displacement|ttr72.0_pb0.15-0.85_act0_trl20_hl0.0|churn0.0,18107.31085719812,754.4712857165883,0.9874069310168457,24,0.8251739177486015,2.7976457242824586,155.96994659571368,1.8119788323837045,0.9995986085094996,2.927539600943241,0.43965747926143967
t_stat_baseline|none|policy_hybrid_displacement|ttr72.0_pb0.15-0.85_act0_trl20_hl0.0|churn0.75,18082.56085719812,753.4400357165883,0.9871866446710945,24,0.8282910647198599,2.807116536760412,155.79151531715183,1.8119788323837045,0.9995986085094996,2.927539600943241,0.43965747926143967
gu_koenker_npmle|deflated_sharpe|policy_full_rerank|ttr72.0_pb0.15-0.85_act0_trl20_hl0.0|churn0.0,17758.65395367809,739.9439147365871,1.0492795715148924,24,0.11150764966488058,1.585688402493468,143.94678331258388,6.020558354747141,0.9971264367816092,4.129557070572255,0.7442528735632183
t_stat_baseline|none|policy_knockout_backfill|ttr72.0_pb0.15-0.85_act0_trl20_hl0.0|churn0.0,17734.48488718501,738.9368702993755,0.9774929952819971,24,0.8774646696622871,2.853759240844804,154.30786487293886,0.9266406380790957,0.9996343692870201,0.6302092526115824,0.560146252285192
eb_shrinkage_skill|none|policy_full_rerank|ttr24.0_pb0.3-0.7_act0_trl0_hl0.0|churn0.0,17727.307604916943,738.6378168715393,0.48321673316708463,24,1.8078988970268097,4.657869130551601,312.0210925161588,17575953.824030343,0.9847645429362881,33.160539639447116,0.03566481994459834
t_stat_baseline|none|policy_knockout_backfill|ttr72.0_pb0.15-0.85_act0_trl20_hl0.0|churn0.75,17715.73488718501,738.1556202993755,0.9772210205960866,24,0.8809627535818756,2.864689572215485,154.18762170081754,0.9266406380790957,0.9996343692870201,0.6302092526115824,0.560146252285192
t_stat_baseline|deflated_sharpe|policy_online_weighting|ttr48.0_pb0.3-0.7_act0_trl20_hl0.0|churn0.0,17687.52045432982,736.9800189304092,0.4543371509826223,24,3.3121410789337458,13.908951325250664,331.1096530227096,5.097410600253886,0.9704880817253121,3.816385956483139,0.6651532349602725
gu_koenker_npmle|deflated_sharpe|policy_full_rerank|ttr72.0_pb0.15-0.85_act0_trl20_hl0.0|churn0.75,17654.40395367809,735.6001647365871,1.0446455627109998,24,0.11211672984486179,1.5878667067939534,143.7365554587281,6.020558354747141,0.9971264367816092,4.129557070572255,0.7442528735632183
t_stat_baseline|deflated_sharpe|policy_online_weighting|ttr48.0_pb0.3-0.7_act0_trl20_hl0.0|churn0.75,17619.755800149323,734.1564916728885,0.45328184209131406,24,3.3125604984217842,13.908599092677745,330.6090216140023,5.097410600253886,0.9704880817253121,3.816385956483139,0.6651532349602725
eb_shrinkage_skill|none|policy_full_rerank|ttr24.0_pb0.3-0.7_act0_trl0_hl0.0|churn0.75,17602.057604916943,733.4190668715393,0.47949598341856814,24,1.80717275539347,4.657680907535603,312.22063437238046,17575953.824030343,0.9847645429362881,33.160539639447116,0.03566481994459834
eb_shrinkage_skill|deflated_sharpe|policy_full_rerank|ttr72.0_pb0.15-0.85_act0_trl20_hl0.0|churn0.0,17527.448819425954,730.3103674760814,1.0458146874570624,24,0.11508671925152864,1.6174812067024456,142.54339827407847,5.921719918412541,0.9970238095238095,3.85696532308312,0.7063492063492064
t_stat_baseline|none|policy_hybrid_displacement|ttr48.0_pb0.15-0.85_act0_trl20_hl0.0|churn0.0,17446.019593514266,726.9174830630944,0.7839485139641932,24,1.108703840123568,2.9626870777583236,189.27443223800603,1.8617188599356234,0.9996401151631478,2.376116733982107,0.36168426103646834
eb_shrinkage_skill|deflated_sharpe|policy_full_rerank|ttr72.0_pb0.15-0.85_act0_trl20_hl0.0|churn0.75,17421.698819425954,725.9041174760814,1.0411463781006367,24,0.11615908288870093,1.6204346299511965,142.31866010085878,5.921719918412541,0.9970238095238095,3.85696532308312,0.7063492063492064
t_stat_baseline|none|policy_hybrid_displacement|ttr48.0_pb0.15-0.85_act0_trl20_hl0.0|churn0.75,17419.769593514266,725.8237330630944,0.7827300866746869,24,1.1093698063825566,2.9629159839498245,189.28383056026604,1.8617188599356234,0.9996401151631478,2.376116733982107,0.36168426103646834
proxy_clv|none|policy_hybrid_displacement|ttr72.0_pb0.15-0.85_act0_trl20_hl0.0|churn0.0,16386.95259758559,682.7896915660663,0.6067912839076192,24,0.7760348486680854,3.011019019682069,229.689954124846,2.3173260211840034,0.9999113710892493,3.5835505613805227,0.7473189754497918
proxy_clv|none|policy_hybrid_displacement|ttr72.0_pb0.15-0.85_act0_trl20_hl0.0|churn0.75,16362.20259758559,681.7584415660663,0.6052934695614177,24,0.7706038152884757,3.0127763050419287,229.91055766744307,2.3173260211840034,0.9999113710892493,3.5835505613805227,0.7473189754497918
gu_koenker_npmle|none|policy_full_rerank|ttr24.0_pb0.3-0.7_act0_trl0_hl0.0|churn0.0,16297.785614437997,679.0744006015832,0.36300371519964014,24,3.0246975218338137,11.705940189278321,381.85692258122054,15466846.399099015,1.0,30.12106626908557,0.04138634046890927
eb_shrinkage_skill|deflated_sharpe|policy_online_weighting|ttr72.0_pb0.15-0.85_act0_trl20_hl0.0|churn0.0,16216.15486368613,675.6731193202554,0.8608731708189614,24,-0.3707227708282529,3.0810714874064913,160.21082153859382,5.987705511970996,0.9970958373668926,3.9945118895537832,0.739593417231365
gu_koenker_npmle|none|policy_full_rerank|ttr24.0_pb0.3-0.7_act0_trl0_hl0.0|churn0.75,16175.535614437997,673.9806506015832,0.3601920934253652,24,3.0237093205688708,11.69950743437934,381.9509831506507,15466846.399099015,1.0,30.12106626908557,0.04138634046890927
eb_shrinkage_skill|deflated_sharpe|policy_online_weighting|ttr48.0_pb0.15-0.85_act0_trl20_hl0.0|churn0.0,16112.620067764925,671.3591694902052,0.7191762577642905,24,-0.16412197213066415,3.247921878606987,190.5521979296521,5.655889212733257,0.9968520461699895,3.75991102331038,0.6516264428121721
eb_shrinkage_skill|deflated_sharpe|policy_online_weighting|ttr72.0_pb0.15-0.85_act0_trl20_hl0.0|churn0.75,16110.606358374458,671.2752649322691,0.8562839003240622,24,-0.37292409054763387,3.085918192474734,160.02109769643107,5.987705511970996,0.9970958373668926,3.9945118895537832,0.739593417231365
eb_shrinkage_skill|deflated_sharpe|policy_online_weighting|ttr48.0_pb0.15-0.85_act0_trl20_hl0.0|churn0.75,15998.744587867244,666.6143578278019,0.7149449134111482,24,-0.16558827188649355,3.2511151787408816,190.32527323217852,5.655889212733257,0.9968520461699895,3.75991102331038,0.6516264428121721
gu_koenker_npmle|deflated_sharpe|policy_online_weighting|ttr24.0_pb0.3-0.7_act0_trl20_hl0.0|churn0.0,15827.134159141771,659.4639232975738,0.7509822184052831,24,0.9338099922755932,3.4114779769335346,179.24859784332054,4.936045813025484,0.9701834862385321,3.2441313476725684,0.6834862385321101
gu_koenker_npmle|deflated_sharpe|policy_online_weighting|ttr24.0_pb0.3-0.7_act0_trl20_hl0.0|churn0.75,15695.330730426605,653.9721137677752,0.7460702275462892,24,0.9288192227656873,3.4147596556729862,178.9261838894171,4.936045813025484,0.9701834862385321,3.2441313476725684,0.6834862385321101
proxy_clv|none|policy_online_weighting|ttr72.0_pb0.15-0.85_act0_trl20_hl0.0|churn0.0,15687.281240679287,653.636718361637,0.06561356334474308,24,0.9402621582291805,6.3604738994863235,2033.4673141702444,11.0112214223119,0.9987236456462135,4.311593681351482,0.19369386404462513
proxy_clv|none|policy_online_weighting|ttr72.0_pb0.15-0.85_act0_trl20_hl0.0|churn0.75,15531.169299048135,647.1320541270056,0.06496801728265976,24,0.9378179639372294,6.358559183322466,2033.2354737892836,11.0112214223119,0.9987236456462135,4.311593681351482,0.19369386404462513
eb_shrinkage_skill|none|policy_hybrid_displacement|ttr24.0_pb0.3-0.7_act0_trl20_hl0.0|churn0.0,14931.197587774051,622.1332328239188,0.21038208093085203,24,-0.8725675084542671,5.727957044237919,603.6275228796709,1.979322572669867,0.9995696343024112,2.0934182591509725,0.1317711813538399
eb_shrinkage_skill|none|policy_hybrid_displacement|ttr24.0_pb0.3-0.7_act0_trl20_hl0.0|churn0.75,14909.447587774051,621.2269828239188,0.2100503955105364,24,-0.8716355747763312,5.724206446320011,603.7000147309097,1.979322572669867,0.9995696343024112,2.0934182591509725,0.1317711813538399
gu_koenker_npmle|deflated_sharpe|policy_online_weighting|ttr24.0_pb0.15-0.85_act0_trl20_hl0.0|churn0.0,14723.985025062319,613.4993760442633,0.6640077270724303,24,0.37620026814648017,2.317514512665589,188.5972566727351,5.272016875475381,0.996875,3.953575009622112,0.5364583333333334
gu_koenker_npmle|none|policy_hybrid_displacement|ttr24.0_pb0.3-0.7_act0_trl20_hl0.0|churn0.0,14665.002256380736,611.0417606825307,0.1940793450752793,24,-0.8617618058398075,5.5708312005397405,642.6669311562059,1.7979727143046014,0.9999749840523333,1.6468919726441495,0.1352237051120089
gu_koenker_npmle|none|policy_hybrid_displacement|ttr24.0_pb0.3-0.7_act0_trl20_hl0.0|churn0.75,14641.002256380736,610.0417606825307,0.19375637478358423,24,-0.8610574422887975,5.568799418746199,642.6846760226146,1.7979727143046014,0.9999749840523333,1.6468919726441495,0.1352237051120089
gu_koenker_npmle|deflated_sharpe|policy_online_weighting|ttr24.0_pb0.15-0.85_act0_trl20_hl0.0|churn0.75,14598.312387402184,608.2630161417577,0.6587528816240157,24,0.37670494673860067,2.3196192788758285,188.47912731712051,5.272016875475381,0.996875,3.953575009622112,0.5364583333333334
eb_shrinkage_skill|none|policy_hybrid_displacement|ttr48.0_pb0.3-0.7_act0_trl0_hl0.0|churn0.0,14238.120534869551,593.2550222862313,0.46156839268634325,24,2.169073869184309,6.334894417562682,262.3612800346553,8909085.638836054,0.9993266560053867,0.7684798139968847,0.1308812389529501
eb_shrinkage_skill|none|policy_hybrid_displacement|ttr48.0_pb0.3-0.7_act0_trl0_hl0.0|churn0.75,14178.870534869551,590.7862722862313,0.4594186042237621,24,2.1678066961767612,6.330939802186996,262.4920752805438,8909085.638836054,0.9993266560053867,0.7684798139968847,0.1308812389529501
gu_koenker_npmle|none|policy_hybrid_displacement|ttr48.0_pb0.3-0.7_act0_trl0_hl0.0|churn0.0,13824.024010186093,576.0010004244206,0.4379940674342306,24,2.1035408756644043,6.049531292500609,268.4413342699613,8909078.99208301,0.9999121921236335,0.39767224366254195,0.048791909967657435
gu_koenker_npmle|none|policy_hybrid_displacement|ttr48.0_pb0.3-0.7_act0_trl0_hl0.0|churn0.75,13762.524010186093,573.4385004244206,0.43578579876071694,24,2.1025915721853465,6.046683070982729,268.6013267873541,8909078.99208301,0.9999121921236335,0.39767224366254195,0.048791909967657435
eb_shrinkage_skill|none|policy_hybrid_displacement|ttr72.0_pb0.3-0.7_act0_trl0_hl0.0|churn0.0,13720.343241776149,571.6809684073395,0.4337784773184115,24,2.1610057022050713,6.076954652094854,269.01724064989247,8909087.37568885,0.9991936206433115,1.5043410795771515,0.14022041035749486
eb_shrinkage_skill|none|policy_hybrid_displacement|ttr72.0_pb0.3-0.7_act0_trl0_hl0.0|churn0.75,13658.093241776149,569.0872184073395,0.4315811563390209,24,2.159917608818335,6.07399384723924,269.1601343422992,8909087.37568885,0.9991936206433115,1.5043410795771515,0.14022041035749486
gu_koenker_npmle|none|policy_hybrid_displacement|ttr72.0_pb0.3-0.7_act0_trl0_hl0.0|churn0.0,13411.002046437536,558.7917519348973,0.4141148511024302,24,2.1213793130805216,5.921164983679767,275.4378125360959,8909079.986727236,0.999915382120242,1.178996222542116,0.048443736161450916
gu_koenker_npmle|none|policy_hybrid_displacement|ttr72.0_pb0.3-0.7_act0_trl0_hl0.0|churn0.75,13342.752046437536,555.9480019348973,0.4117264670570851,24,2.1208016016981146,5.919147696415514,275.62573642521505,8909079.986727236,0.999915382120242,1.178996222542116,0.048443736161450916
gu_koenker_npmle|none|policy_full_rerank|ttr72.0_pb0.3-0.7_act0_trl0_hl0.0|churn0.0,13201.112142965001,550.0463392902084,0.4471518906223719,24,2.0976929862742213,5.86000140201029,251.09530161952827,15156716.594890494,0.999115035348304,0.6514078092739142,0.02769537103148664
proxy_clv|none|policy_knockout_backfill|ttr72.0_pb0.15-0.85_act0_trl20_hl0.0|churn0.0,13077.689516898508,544.9037298707711,0.477000863719173,24,0.5636087882502052,3.4777973032682827,233.18198467465726,1.2462967500341913,0.9997303273825576,1.6398172691244748,0.8196429534545062
gu_koenker_npmle|none|policy_full_rerank|ttr72.0_pb0.3-0.7_act0_trl0_hl0.0|churn0.75,13065.362142965001,544.3900892902084,0.4420801932615331,24,2.0966013792439773,5.856407231649624,251.36426228297134,15156716.594890494,0.999115035348304,0.6514078092739142,0.02769537103148664
proxy_clv|none|policy_knockout_backfill|ttr72.0_pb0.15-0.85_act0_trl20_hl0.0|churn0.75,13058.939516898508,544.1224798707711,0.4758399475929429,24,0.5597017407212219,3.4736887607216254,233.41574549792438,1.2462967500341913,0.9997303273825576,1.6398172691244748,0.8196429534545062
eb_shrinkage_skill|none|policy_full_rerank|ttr72.0_pb0.3-0.7_act0_trl0_hl0.0|churn0.0,12762.89825364159,531.7874272350663,0.4263425511185296,24,2.1189866551143948,5.885293450072084,254.6090080491806,18043719.879224055,0.9848249698223832,1.595447956281566,0.040006897740989825
gu_koenker_npmle|none|policy_full_rerank|ttr48.0_pb0.3-0.7_act0_trl0_hl0.0|churn0.0,12755.344928844308,531.4727053685128,0.4287351682296862,24,2.090017049517363,5.823003588764344,253.03828502197996,15156716.760517871,0.9990956364458512,0.9075255141670826,0.027603642118677163
eb_shrinkage_skill|none|policy_hybrid_displacement|ttr48.0_pb0.3-0.7_act0_trl20_hl0.0|churn0.0,12729.486111725719,530.3952546552383,0.1970456094731993,24,-1.1004691620697142,5.7305239206579985,549.4488219302283,2.2091734765755335,0.9995525410955678,2.2330895709958587,0.13675757147567236
eb_shrinkage_skill|none|policy_hybrid_displacement|ttr48.0_pb0.3-0.7_act0_trl20_hl0.0|churn0.75,12709.236111725719,529.5515046552383,0.19669638635312192,24,-1.0993206539295597,5.725253091059003,549.5487245504146,2.2091734765755335,0.9995525410955678,2.2330895709958587,0.13675757147567236
eb_shrinkage_skill|deflated_sharpe|policy_online_weighting|ttr24.0_pb0.3-0.7_act0_trl20_hl0.0|churn0.0,12668.031351312218,527.8346396380091,0.8137044754894343,24,0.8159100729481531,3.1001838322465445,132.41145635226658,4.986170694219296,0.9825581395348837,3.5415691359561348,0.65
eb_shrinkage_skill|none|policy_full_rerank|ttr72.0_pb0.3-0.7_act0_trl0_hl0.0|churn0.75,12639.14825364159,526.6311772350663,0.4220794258952775,24,2.1180621830866544,5.884561826317518,254.6869909083538,18043719.879224055,0.9848249698223832,1.595447956281566,0.040006897740989825
gu_koenker_npmle|none|policy_full_rerank|ttr48.0_pb0.3-0.7_act0_trl0_hl0.0|churn0.75,12618.844928844308,525.7852053685128,0.4237264528575625,24,2.089129310457647,5.820266033689111,253.2894864072156,15156716.760517871,0.9990956364458512,0.9075255141670826,0.027603642118677163
eb_shrinkage_skill|deflated_sharpe|policy_online_weighting|ttr24.0_pb0.3-0.7_act0_trl20_hl0.0|churn0.75,12548.90915146506,522.8712146443776,0.8080047291570721,24,0.8128364977672551,3.103686748147357,132.0916028140195,4.986170694219296,0.9825581395348837,3.5415691359561348,0.65
eb_shrinkage_skill|none|policy_hybrid_displacement|ttr72.0_pb0.3-0.7_act0_trl20_hl0.0|churn0.0,12493.93246744701,520.5805194769588,0.19400619453493465,24,-1.1142818022438978,5.990172140312095,547.7302094263507,2.1831616566333314,0.9995698674726807,2.823041330580149,0.13107416879795397
eb_shrinkage_skill|none|policy_hybrid_displacement|ttr72.0_pb0.3-0.7_act0_trl20_hl0.0|churn0.75,12472.18246744701,519.6742694769588,0.19364281970634062,24,-1.1131760051789281,5.98557594102107,547.8027340072824,2.1831616566333314,0.9995698674726807,2.823041330580149,0.13107416879795397
eb_shrinkage_skill|none|policy_full_rerank|ttr48.0_pb0.3-0.7_act0_trl0_hl0.0|churn0.0,12438.54301384998,518.2726255770825,0.415459932354601,24,2.1278507728772764,5.912250744142689,254.63816954251058,18043717.974835653,0.9847803528190937,0.41257151656426505,0.036665513663092356
eb_shrinkage_skill|none|policy_full_rerank|ttr48.0_pb0.3-0.7_act0_trl0_hl0.0|churn0.75,12311.79301384998,512.9913755770825,0.4110685385521141,24,2.127382262218714,5.91298782944414,254.73592900068022,18043717.974835653,0.9847803528190937,0.41257151656426505,0.036665513663092356
proxy_clv|deflated_sharpe|policy_full_rerank|ttr24.0_pb0.15-0.85_act0_trl20_hl0.0|churn0.0,12295.079520937375,512.2949800390574,0.8980020577747688,24,0.4538704717114677,2.072819101089096,116.44937113641897,5.564060294017803,0.9989451476793249,3.841119066735255,0.5917721518987342
proxy_clv|deflated_sharpe|policy_full_rerank|ttr24.0_pb0.15-0.85_act0_trl20_hl0.0|churn0.75,12200.579520937375,508.3574800390573,0.892813037719227,24,0.45325029764175784,2.074292717565182,116.22594171599044,5.564060294017803,0.9989451476793249,3.841119066735255,0.5917721518987342
eb_shrinkage_skill|deflated_sharpe|policy_full_rerank|ttr24.0_pb0.15-0.85_act0_trl20_hl0.0|churn0.0,11860.124148467403,494.1718395194751,0.8863363513518315,24,0.508779062589311,2.1272401540210173,113.80826724048325,5.19413556211754,0.9968944099378882,3.5750466452193317,0.5403726708074534
t_stat_baseline|none|policy_hybrid_displacement|ttr72.0_pb0.3-0.7_act0_trl20_hl0.0|churn0.0,11830.281792165582,492.92840800689925,0.6107004478385805,24,0.5830891483173475,2.78308784690877,164.7593190754307,2.0277473505557,0.9998454524379878,1.6187668453445678,0.38629163124951704
t_stat_baseline|none|policy_hybrid_displacement|ttr72.0_pb0.3-0.7_act0_trl20_hl0.0|churn0.75,11801.781792165582,491.74090800689925,0.6098425235531884,24,0.5860045538648206,2.7946681483412688,164.5936264622054,2.0277473505557,0.9998454524379878,1.6187668453445678,0.38629163124951704
eb_shrinkage_skill|none|policy_knockout_backfill|ttr24.0_pb0.3-0.7_act0_trl20_hl0.0|churn0.0,11774.09388443486,490.58724518478584,0.1681266118278026,24,-1.28215195429747,6.722693954698695,595.6267184376367,1.8828534575842923,0.9994323986831649,2.6313010942584896,0.16487399250766263
eb_shrinkage_skill|deflated_sharpe|policy_full_rerank|ttr24.0_pb0.15-0.85_act0_trl20_hl0.0|churn0.75,11759.624148467403,489.9843395194751,0.8806343450918078,24,0.5085657424395827,2.1275894266660433,113.57453299305327,5.19413556211754,0.9968944099378882,3.5750466452193317,0.5403726708074534
eb_shrinkage_skill|none|policy_knockout_backfill|ttr24.0_pb0.3-0.7_act0_trl20_hl0.0|churn0.75,11755.34388443486,489.80599518478584,0.1678352386273312,24,-1.2810076489295776,6.717656204068504,595.7105963818047,1.8828534575842923,0.9994323986831649,2.6313010942584896,0.16487399250766263
t_stat_baseline|deflated_sharpe|policy_full_rerank|ttr24.0_pb0.15-0.85_act0_trl20_hl0.0|churn0.0,11670.393916975281,486.2664132073034,0.8901018108035023,24,0.555488252015118,2.154174805857483,111.51389059790404,5.343257286436261,0.9968847352024922,3.9688450896204412,0.5628245067497404
gu_koenker_npmle|deflated_sharpe|policy_full_rerank|ttr24.0_pb0.15-0.85_act0_trl20_hl0.0|churn0.0,11655.575648625736,485.6489853594057,0.8739205782081283,24,0.5583415839650954,2.187965377490452,113.43443156185138,5.272016875475381,0.996875,3.953575009622112,0.5364583333333334
t_stat_baseline|deflated_sharpe|policy_full_rerank|ttr24.0_pb0.15-0.85_act0_trl20_hl0.0|churn0.75,11577.393916975281,482.3914132073034,0.8847288626716383,24,0.5550672996282555,2.1533717063078344,111.29707534443803,5.343257286436261,0.9968847352024922,3.9688450896204412,0.5628245067497404
gu_koenker_npmle|deflated_sharpe|policy_full_rerank|ttr24.0_pb0.15-0.85_act0_trl20_hl0.0|churn0.75,11557.325648625736,481.5552353594057,0.8683224567192986,24,0.5579029793692638,2.1876451131883314,113.2033958572105,5.272016875475381,0.996875,3.953575009622112,0.5364583333333334
t_stat_baseline|none|policy_hybrid_displacement|ttr24.0_pb0.15-0.85_act0_trl20_hl0.0|churn0.0,11506.498109844915,479.43742124353815,0.4806105861064075,24,1.1019574006935366,3.487431354151115,203.62588056242146,1.8968199653139441,0.9986959356661596,1.6201622679656291,0.2517568644497573
t_stat_baseline|none|policy_hybrid_displacement|ttr24.0_pb0.15-0.85_act0_trl20_hl0.0|churn0.75,11480.248109844915,478.34367124353815,0.47956963961614785,24,1.1042898386452096,3.491226299796571,203.60232373726677,1.8968199653139441,0.9986959356661596,1.6201622679656291,0.2517568644497573
proxy_clv|deflated_sharpe|policy_hybrid_displacement|ttr72.0_pb0.15-0.85_act0_trl20_hl0.0|churn0.0,11190.55455358259,466.2731063992746,0.6423488832878054,24,0.5868278739750878,2.343556107494832,148.17119133333173,2.2693981404477155,0.976938845234028,3.008936825554286,0.2958660744789887
proxy_clv|deflated_sharpe|policy_hybrid_displacement|ttr72.0_pb0.15-0.85_act0_trl20_hl0.0|churn0.75,11165.80455358259,465.2418563992746,0.6402526561557428,24,0.5857644109841089,2.3422299513089726,148.3275318744137,2.2693981404477155,0.976938845234028,3.008936825554286,0.2958660744789887
proxy_clv|deflated_sharpe|policy_full_rerank|ttr24.0_pb0.3-0.7_act0_trl20_hl0.0|churn0.0,11046.724021266873,460.2801675527864,0.8831949154053015,24,0.7124791320284211,3.3415875214123916,106.38002340152373,5.139770198915064,0.9843373493975903,3.635209223087104,0.6662650602409639
gu_koenker_npmle|deflated_sharpe|policy_full_rerank|ttr24.0_pb0.3-0.7_act0_trl20_hl0.0|churn0.0,10923.624117288191,455.15100488700796,0.8967525901042408,24,0.6754174227985594,3.2969361881047883,103.60417226474407,4.974478256310611,0.9824561403508771,3.2706310510868986,0.6456140350877193
proxy_clv|deflated_sharpe|policy_full_rerank|ttr24.0_pb0.3-0.7_act0_trl20_hl0.0|churn0.75,10921.474021266873,455.0614175527864,0.8753381267701124,24,0.7125752825945708,3.348812129372508,106.11787610433744,5.139770198915064,0.9843373493975903,3.635209223087104,0.6662650602409639
t_stat_baseline|none|policy_knockout_backfill|ttr48.0_pb0.15-0.85_act0_trl20_hl0.0|churn0.0,10836.53977389937,451.5224905791404,0.733873443730305,24,1.4553561987651398,4.675245263628235,125.58928685847187,0.7452860368457608,0.9996203492786636,0.38597854301064927,0.544039483675019
t_stat_baseline|none|policy_knockout_backfill|ttr48.0_pb0.15-0.85_act0_trl20_hl0.0|churn0.75,10817.78977389937,450.7412405791404,0.7323408928267507,24,1.4573814589631358,4.676200952391872,125.6343478224471,0.7452860368457608,0.9996203492786636,0.38597854301064927,0.544039483675019
gu_koenker_npmle|deflated_sharpe|policy_full_rerank|ttr24.0_pb0.3-0.7_act0_trl20_hl0.0|churn0.75,10802.874117288191,450.11975488700796,0.889589748879109,24,0.6730754075606561,3.3024440396444636,103.28391298807911,4.974478256310611,0.9824561403508771,3.2706310510868986,0.6456140350877193
proxy_clv|none|policy_online_weighting|ttr48.0_pb0.15-0.85_act0_trl20_hl0.0|churn0.0,10780.419351349257,449.18413963955237,0.041230634331356826,24,1.2565599904081055,6.220488863842659,2223.815617746448,10.734239256069266,0.9987542033926882,3.8416466765098956,0.1482685300536723
t_stat_baseline|deflated_sharpe|policy_full_rerank|ttr24.0_pb0.3-0.7_act0_trl20_hl0.0|churn0.0,10777.232809226676,449.0513670511115,0.8953417296564951,24,0.75702565848418,3.7219861283177145,102.37680589254498,4.916720727680776,0.9696969696969697,3.165383881342645,0.655011655011655
t_stat_baseline|deflated_sharpe|policy_full_rerank|ttr24.0_pb0.3-0.7_act0_trl20_hl0.0|churn0.75,10660.232809226676,444.1763670511115,0.8880166554950277,24,0.7560467626347748,3.7313713689360006,102.1006990077119,4.916720727680776,0.9696969696969697,3.165383881342645,0.655011655011655
eb_shrinkage_skill|deflated_sharpe|policy_full_rerank|ttr24.0_pb0.3-0.7_act0_trl20_hl0.0|churn0.0,10626.771170196062,442.78213209150255,0.8801683032967004,24,0.686444347593339,3.2789278999487066,102.68777448428821,4.986170694219296,0.9825581395348837,3.5415691359561348,0.65
proxy_clv|none|policy_online_weighting|ttr48.0_pb0.15-0.85_act0_trl20_hl0.0|churn0.75,10604.372388474514,441.8488495197714,0.040563494298259464,24,1.2545404170612846,6.217810978941423,2223.4775452716785,10.734239256069266,0.9987542033926882,3.8416466765098956,0.1482685300536723
eb_shrinkage_skill|deflated_sharpe|policy_full_rerank|ttr24.0_pb0.3-0.7_act0_trl20_hl0.0|churn0.75,10506.021170196062,437.75088209150255,0.8728324316216092,24,0.6844613712069247,3.287101643504465,102.37420310498895,4.986170694219296,0.9825581395348837,3.5415691359561348,0.65
eb_shrinkage_skill|none|policy_hybrid_displacement|ttr72.0_pb0.15-0.85_act0_trl20_hl0.0|churn0.0,9404.628430683477,391.8595179451449,0.14238364632971243,24,-1.0698348615603561,7.149044131545595,561.7779233320397,1.4180776942627937,0.9991382328387148,3.0435023898267417,0.1064417095306062
eb_shrinkage_skill|none|policy_hybrid_displacement|ttr72.0_pb0.15-0.85_act0_trl20_hl0.0|churn0.75,9379.878430683477,390.8282679451449,0.14199991385045407,24,-1.068706396395674,7.145570153684683,561.8136234279406,1.4180776942627937,0.9991382328387148,3.0435023898267417,0.1064417095306062
gu_koenker_npmle|none|policy_hybrid_displacement|ttr48.0_pb0.15-0.85_act0_trl20_hl0.0|churn0.0,9053.496266631277,377.22901110963653,0.1464181114673665,24,-1.769160813467802,8.311379092607387,525.9018073498604,1.634899770369406,0.9999467981343879,2.6716908353941817,0.13233077373246555
gu_koenker_npmle|none|policy_hybrid_displacement|ttr48.0_pb0.15-0.85_act0_trl20_hl0.0|churn0.75,9027.996266631277,376.16651110963653,0.14601147779845589,24,-1.7682829600013148,8.30952579897068,525.8810382778308,1.634899770369406,0.9999467981343879,2.6716908353941817,0.13233077373246555
eb_shrinkage_skill|none|policy_knockout_backfill|ttr48.0_pb0.3-0.7_act0_trl20_hl0.0|churn0.0,8927.300818144215,371.9708674226756,0.13757332203340658,24,-1.5209366307329866,7.011843730219337,551.9110409022203,2.0785275216670938,0.999427311513902,2.6136315280083995,0.16655212896944707
eb_shrinkage_skill|none|policy_knockout_backfill|ttr48.0_pb0.3-0.7_act0_trl20_hl0.0|churn0.75,8908.550818144215,371.1896174226756,0.13726032578345437,24,-1.5195641932206216,7.005384172097555,552.0077483635453,2.0785275216670938,0.999427311513902,2.6136315280083995,0.16655212896944707
eb_shrinkage_skill|deflated_sharpe|policy_online_weighting|ttr24.0_pb0.15-0.85_act0_trl20_hl0.0|churn0.0,8890.389172419615,370.4328821841506,0.5096280622401669,24,-1.2083910138439293,6.333643902507287,148.37153022787552,5.19413556211754,0.9968944099378882,3.5750466452193317,0.5403726708074534
proxy_clv|deflated_sharpe|policy_hybrid_displacement|ttr48.0_pb0.15-0.85_act0_trl20_hl0.0|churn0.0,8845.914336433207,368.5797640180503,0.6570068748690526,24,0.3176152086445056,2.853222294671439,114.51330596040835,1.5547548850235284,0.9807527801539777,2.6288712008240616,0.2844311377245509
proxy_clv|deflated_sharpe|policy_hybrid_displacement|ttr48.0_pb0.15-0.85_act0_trl20_hl0.0|churn0.75,8820.414336433207,367.5172640180503,0.6545518116707317,24,0.31948549281304583,2.8483783366906783,114.61147313025931,1.5547548850235284,0.9807527801539777,2.6288712008240616,0.2844311377245509
gu_koenker_npmle|none|policy_knockout_backfill|ttr24.0_pb0.3-0.7_act0_trl20_hl0.0|churn0.0,8792.633924065858,366.3597468360774,0.12681792785789486,24,-1.6933901629282009,7.411233069245661,589.6868954845144,1.3187055038445274,0.9999437148217636,1.406985873772209,0.16607879924953095
t_stat_baseline|none|policy_online_weighting|ttr48.0_pb0.15-0.85_act0_trl0_hl0.0|churn0.0,8784.70653273844,366.0294388641017,0.3957595049541537,24,2.7798889048040696,10.067300995165766,188.79002374564223,29262326.29515478,1.0,8897619.164883582,0.375
eb_shrinkage_skill|deflated_sharpe|policy_online_weighting|ttr24.0_pb0.15-0.85_act0_trl20_hl0.0|churn0.75,8779.796787440475,365.8248661433531,0.5037566524722782,24,-1.2155076331891261,6.357945792904312,148.2336515847938,5.19413556211754,0.9968944099378882,3.5750466452193317,0.5403726708074534
gu_koenker_npmle|none|policy_knockout_backfill|ttr24.0_pb0.3-0.7_act0_trl20_hl0.0|churn0.75,8773.883924065858,365.5784968360774,0.12653595543137558,24,-1.6921887091918812,7.406700304243737,589.7406624657708,1.3187055038445274,0.9999437148217636,1.406985873772209,0.16607879924953095
t_stat_baseline|none|policy_online_weighting|ttr48.0_pb0.15-0.85_act0_trl0_hl0.0|churn0.75,8672.20653273844,361.3419388641017,0.3911922271094871,24,2.7650331972176816,9.983992224265899,188.54826168731623,29262326.29515478,1.0,8897619.164883582,0.375
eb_shrinkage_skill|none|policy_knockout_backfill|ttr72.0_pb0.3-0.7_act0_trl20_hl0.0|churn0.0,8014.821818506916,333.95090910445487,0.12389685113494692,24,-1.5635993710067113,7.316214134640146,550.1951280111725,1.9675304405859995,0.9994415007876271,2.831496257668381,0.1592295574967779
eb_shrinkage_skill|none|policy_knockout_backfill|ttr72.0_pb0.3-0.7_act0_trl20_hl0.0|churn0.75,7996.071818506916,333.16965910445487,0.12358904959320065,24,-1.5622439018384235,7.310253560394414,550.2750616317741,1.9675304405859995,0.9994415007876271,2.831496257668381,0.1592295574967779
t_stat_baseline|none|policy_online_weighting|ttr72.0_pb0.15-0.85_act0_trl0_hl0.0|churn0.0,7816.574033539843,325.6905847308268,0.3441115214684706,24,2.6747230429945743,9.687142853804826,193.19699594644166,23421307.71372539,1.0,8485133.317427546,0.29385964912280704
t_stat_baseline|none|policy_online_weighting|ttr72.0_pb0.15-0.85_act0_trl0_hl0.0|churn0.75,7685.324033539843,320.2218347308268,0.3385296927202237,24,2.655786017637857,9.594368533622468,193.0850076216253,23421307.71372539,1.0,8485133.317427546,0.29385964912280704
eb_shrinkage_skill|none|policy_hybrid_displacement|ttr24.0_pb0.15-0.85_act0_trl20_hl0.0|churn0.0,7039.343288439499,293.3059703516458,0.10223829769577716,24,-0.9357491498050416,6.878677483151313,585.6008153383489,1.4362643280007468,0.9992736104963283,3.4325663137549642,0.1091400229266687
eb_shrinkage_skill|none|policy_hybrid_displacement|ttr24.0_pb0.15-0.85_act0_trl20_hl0.0|churn0.75,7015.343288439499,292.3059703516458,0.10188321148347937,24,-0.934828246188376,6.875473798092317,585.6382565433279,1.4362643280007468,0.9992736104963283,3.4325663137549642,0.1091400229266687
t_stat_baseline|none|policy_knockout_backfill|ttr24.0_pb0.15-0.85_act0_trl20_hl0.0|churn0.0,6669.08850998348,277.87868791597833,0.3975685337199297,24,0.652488118979938,3.475779620561258,142.67162724949915,0.4498456577106049,0.9980041652204096,0.1031205646029459,0.28488372093023256
t_stat_baseline|none|policy_knockout_backfill|ttr24.0_pb0.15-0.85_act0_trl20_hl0.0|churn0.75,6650.33850998348,277.09743791597833,0.39645771640997957,24,0.655946865469463,3.4790109727589065,142.66913045038544,0.4498456577106049,0.9980041652204096,0.1031205646029459,0.28488372093023256
proxy_clv|none|policy_online_weighting|ttr48.0_pb0.15-0.85_act0_trl0_hl0.0|churn0.0,6379.1644084240015,265.7985170176667,0.3072757495414131,24,3.1208654481686544,13.44491955285002,176.57070293089916,28539997.669183955,1.0,6920370.560911609,0.3423913043478261
proxy_clv|none|policy_online_weighting|ttr72.0_pb0.15-0.85_act0_trl0_hl0.0|churn0.0,6379.1644084240015,265.7985170176667,0.3072757495414131,24,3.1208654481686544,13.44491955285002,176.57070293089916,22958117.318928733,1.0,7070944.744560142,0.3422459893048128
t_stat_baseline|none|policy_online_weighting|ttr24.0_pb0.15-0.85_act0_trl0_hl0.0|churn0.0,6345.788899946495,264.40787083110393,0.32197986073145285,24,3.736241600357077,16.442797041360148,167.62548596481753,27999863.720996544,1.0,8855003.682821257,0.3308270676691729
proxy_clv|none|policy_online_weighting|ttr48.0_pb0.15-0.85_act0_trl0_hl0.0|churn0.75,6285.4144084240015,261.8922670176667,0.3033732093405909,24,3.100387608457874,13.33859231919793,176.21376410933237,28539997.669183955,1.0,6920370.560911609,0.3423913043478261
proxy_clv|none|policy_online_weighting|ttr72.0_pb0.15-0.85_act0_trl0_hl0.0|churn0.75,6285.4144084240015,261.8922670176667,0.3033732093405909,24,3.100387608457874,13.33859231919793,176.21376410933237,22958117.318928733,1.0,7070944.744560142,0.3422459893048128
t_stat_baseline|none|policy_online_weighting|ttr24.0_pb0.15-0.85_act0_trl0_hl0.0|churn0.75,6252.038899946495,260.50162083110393,0.3181787620479037,24,3.7254712126958585,16.37146131715968,167.12199878279762,27999863.720996544,1.0,8855003.682821257,0.3308270676691729
proxy_clv|none|policy_online_weighting|ttr24.0_pb0.15-0.85_act0_trl0_hl0.0|churn0.0,6057.766016487276,252.4069173536365,0.30488926866166194,24,3.7041209041781,16.15126868049177,168.98707678889343,27262576.35798739,1.0,6887224.670608647,0.3314917127071823
gu_koenker_npmle|none|policy_knockout_backfill|ttr48.0_pb0.15-0.85_act0_trl20_hl0.0|churn0.0,6016.7835254584015,250.69931356076674,0.09384021849396008,24,-2.1586562435606886,9.345168429411016,545.3288996137326,0.9346198231028967,0.999955861581921,1.2273580492386842,0.16265007062146894
proxy_clv|none|policy_online_weighting|ttr24.0_pb0.15-0.85_act0_trl0_hl0.0|churn0.75,6001.516016487276,250.0631673536365,0.3031630186254419,24,3.6960132849680543,16.09521243114082,168.37122984685442,27262576.35798739,1.0,6887224.670608647,0.3314917127071823
gu_koenker_npmle|none|policy_knockout_backfill|ttr48.0_pb0.15-0.85_act0_trl20_hl0.0|churn0.75,5998.0335254584015,249.91806356076674,0.09354647298289258,24,-2.1576712020745012,9.342065294046938,545.3365527922185,0.9346198231028967,0.999955861581921,1.2273580492386842,0.16265007062146894
t_stat_baseline|none|policy_knockout_backfill|ttr48.0_pb0.3-0.7_act0_trl20_hl0.0|churn0.0,5541.659761027347,230.9024900428061,0.3717668984974193,24,0.37160098051634827,3.4010228638302924,126.78044657125267,1.006923784276986,0.9998165137614679,218037.63982294025,0.44770642201834865
t_stat_baseline|none|policy_knockout_backfill|ttr48.0_pb0.3-0.7_act0_trl20_hl0.0|churn0.75,5522.909761027347,230.1212400428061,0.3709204104645342,24,0.37382492563644193,3.4147581723713816,126.63983997165697,1.006923784276986,0.9998165137614679,218037.63982294025,0.44770642201834865
proxy_clv|none|policy_hybrid_displacement|ttr48.0_pb0.15-0.85_act0_trl20_hl0.0|churn0.0,5326.097837576537,221.9207432323557,0.16783980566136267,24,-1.2409432489618584,6.478646978775703,269.89653522917325,2.529309331961939,0.999922015129065,2.9624375579603366,0.7210091242298994
proxy_clv|none|policy_hybrid_displacement|ttr48.0_pb0.15-0.85_act0_trl20_hl0.0|churn0.75,5299.847837576537,220.8269932323557,0.16694806071524093,24,-1.2387333157811526,6.468748388439322,270.0008676026332,2.529309331961939,0.999922015129065,2.9624375579603366,0.7210091242298994
t_stat_baseline|none|policy_knockout_backfill|ttr72.0_pb0.3-0.7_act0_trl20_hl0.0|churn0.0,5084.176846961652,211.8407019567355,0.3354405633225433,24,0.4455854298107055,3.3702733059912466,128.91047458286013,1.0151662301414002,0.9998433829287392,1.0387232632463885,0.41848081440877055
t_stat_baseline|none|policy_knockout_backfill|ttr72.0_pb0.3-0.7_act0_trl20_hl0.0|churn0.75,5065.426846961652,211.0594519567355,0.3348481312256852,24,0.44314142006446233,3.380648081766987,128.66229853542583,1.0151662301414002,0.9998433829287392,1.0387232632463885,0.41848081440877055
t_stat_baseline|deflated_sharpe|policy_hybrid_displacement|ttr72.0_pb0.3-0.7_act0_trl20_hl0.0|churn0.0,4971.881305516803,207.16172106320013,0.2862848795456446,24,0.20188590035873627,2.7514302561500887,147.70849687875136,1.9734686153551066,0.9924915721728471,0.3601229597969544,0.3338951884768618
gu_koenker_npmle|none|policy_knockout_backfill|ttr48.0_pb0.15-0.85_act0_trl0_hl0.0|churn0.0,4958.299589575474,206.59581623231142,0.7011684178765268,24,0.6929811978722694,2.6119933204143195,60.144172671992706,6.7987045673118,0.9948096885813149,-0.3287473290291574,0.666955017301038
t_stat_baseline|none|policy_hybrid_displacement|ttr48.0_pb0.3-0.7_act0_trl20_hl0.0|churn0.0,4955.283468417401,206.47014451739173,0.28834979875498107,24,-0.4113743876866804,3.1999279436859744,146.16116240586734,1.7674788710994804,0.9998505343397355,209316.4700342747,0.26694566923249385
t_stat_baseline|deflated_sharpe|policy_hybrid_displacement|ttr72.0_pb0.3-0.7_act0_trl20_hl0.0|churn0.75,4947.131305516803,206.13047106320013,0.2851627915105414,24,0.20002929395263908,2.748045970088882,147.5515300897022,1.9734686153551066,0.9924915721728471,0.3601229597969544,0.3338951884768618
gu_koenker_npmle|none|policy_knockout_backfill|ttr48.0_pb0.15-0.85_act0_trl0_hl0.0|churn0.75,4939.549589575474,205.81456623231142,0.6968042973572566,24,0.6893212381520123,2.6019695122348097,60.291996716707416,6.7987045673118,0.9948096885813149,-0.3287473290291574,0.666955017301038
t_stat_baseline|none|policy_hybrid_displacement|ttr48.0_pb0.3-0.7_act0_trl20_hl0.0|churn0.75,4928.283468417401,205.34514451739173,0.2871881541510994,24,-0.41295740156477734,3.2087375619086687,145.95275430506325,1.7674788710994804,0.9998505343397355,209316.4700342747,0.26694566923249385
eb_shrinkage_skill|none|policy_knockout_backfill|ttr48.0_pb0.15-0.85_act0_trl0_hl0.0|churn0.0,4775.422339681049,198.97593082004371,0.6394814360674694,24,0.47688410313001944,2.761697774607739,63.51363700272315,6.471986610343242,0.9738751814223512,-0.2553134237084172,0.5667634252539913
eb_shrinkage_skill|none|policy_knockout_backfill|ttr48.0_pb0.15-0.85_act0_trl0_hl0.0|churn0.75,4756.672339681049,198.19468082004371,0.635749274499021,24,0.4775086251085862,2.749747374890998,63.635652347046786,6.471986610343242,0.9738751814223512,-0.2553134237084172,0.5667634252539913
eb_shrinkage_skill|none|policy_knockout_backfill|ttr72.0_pb0.15-0.85_act0_trl0_hl0.0|churn0.0,4691.078760550965,195.46161502295686,0.5640015985614331,24,0.4105933241783982,3.336207846771597,70.74170568661616,6.358632864403015,0.9746657283603096,-0.29091694537842655,0.5805770584095707
eb_shrinkage_skill|none|policy_knockout_backfill|ttr72.0_pb0.15-0.85_act0_trl0_hl0.0|churn0.75,4672.328760550965,194.68036502295686,0.5609969677024418,24,0.41351391128211545,3.324004161677764,70.83632424343052,6.358632864403015,0.9746657283603096,-0.29091694537842655,0.5805770584095707
proxy_clv|none|policy_online_weighting|ttr48.0_pb0.3-0.7_act0_trl20_hl0.0|churn0.0,4589.688331367666,191.23701380698608,0.02048432991132352,24,1.9217061724666644,11.089476612622931,1905.6562820968522,9.509668199916504,0.9990512705150525,1.5322502542162892,0.11693824455703136
proxy_clv|none|policy_online_weighting|ttr48.0_pb0.3-0.7_act0_trl20_hl0.0|churn0.75,4469.556883615565,186.23153681731523,0.019951364650676963,24,1.9194924724832052,11.082309950312244,1905.3510340593973,9.509668199916504,0.9990512705150525,1.5322502542162892,0.11693824455703136
gu_koenker_npmle|deflated_sharpe|policy_hybrid_displacement|ttr72.0_pb0.15-0.85_act0_trl20_hl0.0|churn0.0,4324.013563460098,180.16723181083742,0.44215886824308887,24,0.370703509897845,3.4318925470796726,83.17481528374906,1.8630499224731014,0.9936328263176513,2.5921843143017873,0.25751680226388396
gu_koenker_npmle|none|policy_knockout_backfill|ttr24.0_pb0.15-0.85_act0_trl0_hl0.0|churn0.0,4317.800132621201,179.90833885921668,0.45459663376884163,24,0.6731434057811168,3.428878135834071,80.78290326366108,8.407373603149143,0.9658478130617136,0.05251101081167223,0.5476333133612942
gu_koenker_npmle|none|policy_knockout_backfill|ttr24.0_pb0.15-0.85_act0_trl0_hl0.0|churn0.75,4299.050132621201,179.12708885921668,0.45220082535279477,24,0.6760092117996468,3.4223434673201694,80.85824229255991,8.407373603149143,0.9658478130617136,0.05251101081167223,0.5476333133612942
gu_koenker_npmle|deflated_sharpe|policy_hybrid_displacement|ttr72.0_pb0.15-0.85_act0_trl20_hl0.0|churn0.75,4297.763563460098,179.07348181083742,0.43864283999189946,24,0.3688242690288071,3.4263026112674977,83.33253862987497,1.8630499224731014,0.9936328263176513,2.5921843143017873,0.25751680226388396
eb_shrinkage_skill|none|policy_knockout_backfill|ttr24.0_pb0.15-0.85_act0_trl0_hl0.0|churn0.0,4273.5547775133855,178.06478239639105,0.4506957134234039,24,0.7768638079507171,3.9615725306739082,80.64714267301429,7.711192380803336,0.964975845410628,0.02431178958700541,0.5042270531400966
eb_shrinkage_skill|none|policy_knockout_backfill|ttr24.0_pb0.15-0.85_act0_trl0_hl0.0|churn0.75,4254.8047775133855,177.28353239639105,0.4481499634591619,24,0.7775762463460537,3.9497959046253546,80.74941975847871,7.711192380803336,0.964975845410628,0.02431178958700541,0.5042270531400966
gu_koenker_npmle|none|policy_hybrid_displacement|ttr72.0_pb0.15-0.85_act0_trl20_hl0.0|churn0.0,4249.448740415457,177.06036418397738,0.06663280557095627,24,-2.672925528025205,11.952386491836386,542.4099313216145,1.4796956996744748,0.9999695766592129,2.34876884412811,0.12017219610885471
gu_koenker_npmle|none|policy_hybrid_displacement|ttr72.0_pb0.15-0.85_act0_trl20_hl0.0|churn0.75,4223.948740415457,175.99786418397738,0.06623374982447618,24,-2.671978451753883,11.94845853557543,542.4034375889133,1.4796956996744748,0.9999695766592129,2.34876884412811,0.12017219610885471
t_stat_baseline|deflated_sharpe|policy_hybrid_displacement|ttr48.0_pb0.3-0.7_act0_trl20_hl0.0|churn0.0,4178.855451439334,174.11897714330556,0.27414377791662253,24,-0.23386141577801514,3.7259555650774936,129.6468869296939,1.6853595021278878,1.0,-0.03448323322400056,0.33886333771353483
proxy_clv|deflated_sharpe|policy_online_weighting|ttr48.0_pb0.15-0.85_act0_trl0_hl0.0|churn0.0,4161.471638870216,173.39465161959234,0.21028738591318835,24,3.8327066990690026,17.825380206822167,168.3126874012754,28092779.719857927,1.0,9582050.805492116,0.6065573770491803
proxy_clv|deflated_sharpe|policy_online_weighting|ttr72.0_pb0.15-0.85_act0_trl0_hl0.0|churn0.0,4161.471638870216,173.39465161959234,0.21028738591318835,24,3.8327066990690026,17.825380206822167,168.3126874012754,22485429.351880297,1.0,9790537.879548049,0.6212121212121212
t_stat_baseline|deflated_sharpe|policy_hybrid_displacement|ttr48.0_pb0.3-0.7_act0_trl20_hl0.0|churn0.75,4154.855451439334,173.11897714330556,0.2729234170696323,24,-0.2368578074660589,3.7260830201095745,129.47867798309017,1.6853595021278878,1.0,-0.03448323322400056,0.33886333771353483
proxy_clv|deflated_sharpe|policy_online_weighting|ttr72.0_pb0.15-0.85_act0_trl0_hl0.0|churn0.75,4067.721638870216,169.48840161959234,0.20627746018001264,24,3.8272686526018247,17.78823296562887,167.71912489679696,22485429.351880297,1.0,9790537.879548049,0.6212121212121212
proxy_clv|deflated_sharpe|policy_online_weighting|ttr48.0_pb0.15-0.85_act0_trl0_hl0.0|churn0.75,4067.721638870216,169.48840161959234,0.20627746018001264,24,3.8272686526018247,17.78823296562887,167.71912489679696,28092779.719857927,1.0,9582050.805492116,0.6065573770491803
eb_shrinkage_skill|deflated_sharpe|policy_knockout_backfill|ttr48.0_pb0.3-0.7_act0_trl20_hl0.0|churn0.0,4033.3268766667325,168.0552865277805,0.26956574457237553,24,-0.3009899399142003,3.979442081529343,127.25705103446569,1.5366634849496412,1.0,-0.11913733075752429,0.3536760188408765
t_stat_baseline|deflated_sharpe|policy_knockout_backfill|ttr48.0_pb0.3-0.7_act0_trl20_hl0.0|churn0.0,4033.3268766667325,168.0552865277805,0.26956574457237553,24,-0.3009899399142003,3.979442081529343,127.25705103446569,1.5366634849496412,1.0,-0.11913733075752429,0.3536760188408765
gu_koenker_npmle|deflated_sharpe|policy_knockout_backfill|ttr48.0_pb0.3-0.7_act0_trl20_hl0.0|churn0.0,4033.3268766667325,168.0552865277805,0.26956574457237553,24,-0.3009899399142003,3.979442081529343,127.25705103446569,1.5366634849496412,1.0,-0.11913733075752429,0.3536760188408765
proxy_clv|deflated_sharpe|policy_knockout_backfill|ttr48.0_pb0.3-0.7_act0_trl20_hl0.0|churn0.0,4033.3268766667325,168.0552865277805,0.26956574457237553,24,-0.3009899399142003,3.979442081529343,127.25705103446569,1.5366634849496412,1.0,-0.11913733075752429,0.3536760188408765
proxy_clv|deflated_sharpe|policy_knockout_backfill|ttr48.0_pb0.3-0.7_act0_trl20_hl0.0|churn0.75,4014.5768766667325,167.2740365277805,0.2685751274402974,24,-0.30408822512050676,3.976232630246149,127.13265763345208,1.5366634849496412,1.0,-0.11913733075752429,0.3536760188408765
eb_shrinkage_skill|deflated_sharpe|policy_knockout_backfill|ttr48.0_pb0.3-0.7_act0_trl20_hl0.0|churn0.75,4014.5768766667325,167.2740365277805,0.2685751274402974,24,-0.30408822512050676,3.976232630246149,127.13265763345208,1.5366634849496412,1.0,-0.11913733075752429,0.3536760188408765
t_stat_baseline|deflated_sharpe|policy_knockout_backfill|ttr48.0_pb0.3-0.7_act0_trl20_hl0.0|churn0.75,4014.5768766667325,167.2740365277805,0.2685751274402974,24,-0.30408822512050676,3.976232630246149,127.13265763345208,1.5366634849496412,1.0,-0.11913733075752429,0.3536760188408765
gu_koenker_npmle|deflated_sharpe|policy_knockout_backfill|ttr48.0_pb0.3-0.7_act0_trl20_hl0.0|churn0.75,4014.5768766667325,167.2740365277805,0.2685751274402974,24,-0.30408822512050676,3.976232630246149,127.13265763345208,1.5366634849496412,1.0,-0.11913733075752429,0.3536760188408765
proxy_clv|deflated_sharpe|policy_online_weighting|ttr24.0_pb0.15-0.85_act0_trl0_hl0.0|churn0.0,3840.0732469334903,160.00305195556209,0.2041241452319315,24,4.587317109255644,22.04347826086957,160.0030519555621,26880780.788970366,1.0,9536156.470536185,0.6065573770491803
proxy_clv|deflated_sharpe|policy_online_weighting|ttr24.0_pb0.15-0.85_act0_trl0_hl0.0|churn0.75,3783.8232469334903,157.65930195556209,0.2020301708116722,24,4.586972129122136,22.04147037016122,159.29338732055754,26880780.788970366,1.0,9536156.470536185,0.6065573770491803
eb_shrinkage_skill|none|policy_hybrid_displacement|ttr48.0_pb0.15-0.85_act0_trl20_hl0.0|churn0.0,3742.383552602335,155.93264802509728,0.05735390953007411,24,-1.6875963804883112,8.20054716911472,554.968593295012,1.2796133274924841,0.9989804371375772,3.1458415568167006,0.12601159752756005
eb_shrinkage_skill|none|policy_hybrid_displacement|ttr48.0_pb0.15-0.85_act0_trl20_hl0.0|churn0.75,3717.633552602335,154.90139802509728,0.05697106748850856,24,-1.6863128281800723,8.195883957057413,555.003036821839,1.2796133274924841,0.9989804371375772,3.1458415568167006,0.12601159752756005
gu_koenker_npmle|deflated_sharpe|policy_hybrid_displacement|ttr72.0_pb0.3-0.7_act0_trl20_hl0.0|churn0.0,3653.1257364340013,152.21357235141673,0.21185890404264765,24,0.2081557200085315,3.0708577392432774,146.65640554185606,1.906565070642284,0.9926160337552743,0.19327069026346064,0.3096745027124774
gu_koenker_npmle|deflated_sharpe|policy_hybrid_displacement|ttr72.0_pb0.3-0.7_act0_trl20_hl0.0|churn0.75,3628.3757364340013,151.18232235141673,0.21067901324953625,24,0.2054187065675733,3.066326627837258,146.4785782322303,1.906565070642284,0.9926160337552743,0.19327069026346064,0.3096745027124774
t_stat_baseline|deflated_sharpe|policy_online_weighting|ttr24.0_pb0.15-0.85_act0_trl0_hl0.0|churn0.0,3540.26746778953,147.51114449123043,0.24691197936276746,24,4.421363875667783,21.00128080224205,121.9486651039209,42496538.71868042,1.0,15496254.07154838,0.5757575757575758
gu_koenker_npmle|none|policy_knockout_backfill|ttr72.0_pb0.15-0.85_act0_trl20_hl0.0|churn0.0,3523.1954405818624,146.79981002424427,0.055493736649516096,24,-2.581654815711765,11.434050933054538,539.9777984074549,0.6372881214748957,0.9999845318566413,1.7937516494052559,0.11955328001979923
gu_koenker_npmle|none|policy_knockout_backfill|ttr72.0_pb0.15-0.85_act0_trl20_hl0.0|churn0.75,3504.4454405818624,146.01856002424427,0.055195330537578004,24,-2.580349243427592,11.428396341623815,540.0078858600897,0.6372881214748957,0.9999845318566413,1.7937516494052559,0.11955328001979923
t_stat_baseline|deflated_sharpe|policy_online_weighting|ttr24.0_pb0.15-0.85_act0_trl0_hl0.0|churn0.75,3465.26746778953,144.38614449123043,0.2425853065731568,24,4.417558395588152,20.977166142037568,121.49416114251935,42496538.71868042,1.0,15496254.07154838,0.5757575757575758
proxy_clv|none|policy_knockout_backfill|ttr24.0_pb0.15-0.85_act0_trl20_hl0.0|churn0.0,3457.809889202878,144.07541205011992,0.1215326667776991,24,-0.6420495413262545,4.596129307627136,241.98654660859933,1.2734499215606219,0.9998160327461711,1.2250319307946902,0.7874718300142575
proxy_clv|none|policy_knockout_backfill|ttr24.0_pb0.15-0.85_act0_trl20_hl0.0|churn0.75,3439.059889202878,143.29416205011992,0.12081656122238497,24,-0.6401168239564657,4.586657946979029,242.1009011452247,1.2734499215606219,0.9998160327461711,1.2250319307946902,0.7874718300142575
eb_shrinkage_skill|deflated_sharpe|policy_hybrid_displacement|ttr72.0_pb0.3-0.7_act0_trl20_hl0.0|churn0.0,3435.47127258216,143.14463635759,0.2005709937704711,24,0.12678224978196548,3.257267785918891,145.68046950231798,1.8957457798362223,0.993,0.37121264686052546,0.29
eb_shrinkage_skill|deflated_sharpe|policy_hybrid_displacement|ttr72.0_pb0.3-0.7_act0_trl20_hl0.0|churn0.75,3410.72127258216,142.11338635759,0.1993710442093516,24,0.12368682034544724,3.25283915424612,145.50143743941743,1.8957457798362223,0.993,0.37121264686052546,0.29
gu_koenker_npmle|none|policy_knockout_backfill|ttr72.0_pb0.15-0.85_act0_trl0_hl0.0|churn0.0,3402.4396875499788,141.76832031458244,0.37586056821103564,24,-0.39465676629279506,3.397406570898226,76.99221374276408,6.766222468173042,0.998299801643525,0.10180672293686581,0.22414281666194388
gu_koenker_npmle|none|policy_knockout_backfill|ttr72.0_pb0.15-0.85_act0_trl0_hl0.0|churn0.75,3383.6896875499788,140.98707031458244,0.3741861239872559,24,-0.39115353743546194,3.407451430811343,76.91056234276213,6.766222468173042,0.998299801643525,0.10180672293686581,0.22414281666194388
t_stat_baseline|none|policy_online_weighting|ttr72.0_pb0.3-0.7_act0_trl0_hl0.0|churn0.0,3357.936000491014,139.91400002045893,0.3797661170700391,24,2.9554184972175923,11.518029395551133,75.20372243974948,99892479.3523714,0.9913793103448276,34263420.87670193,0.4482758620689655
eb_shrinkage_skill|deflated_sharpe|policy_hybrid_displacement|ttr48.0_pb0.3-0.7_act0_trl20_hl0.0|churn0.0,3344.4780232444496,139.35325096851872,0.22186454412936235,24,-0.02212272950450324,3.9269232372295066,128.21049596214036,1.640967680189924,1.0,-0.11625250626928657,0.3231664315937941
eb_shrinkage_skill|deflated_sharpe|policy_hybrid_displacement|ttr48.0_pb0.3-0.7_act0_trl20_hl0.0|churn0.75,3320.4780232444496,138.35325096851872,0.2206029733729809,24,-0.025644336011757658,3.9280911079957597,128.01839731443405,1.640967680189924,1.0,-0.11625250626928657,0.3231664315937941
proxy_clv|deflated_sharpe|policy_hybrid_displacement|ttr72.0_pb0.3-0.7_act0_trl20_hl0.0|churn0.0,3284.5473221042184,136.8561384210091,0.20027090180612545,24,0.28265785761213263,3.3235097983351016,139.48927189619792,1.859155579852311,0.9929909884136747,0.1342805840370915,0.2862251466170791
proxy_clv|deflated_sharpe|policy_hybrid_displacement|ttr72.0_pb0.3-0.7_act0_trl20_hl0.0|churn0.75,3259.7973221042184,135.8248884210091,0.19901795810526066,24,0.2795953395193928,3.3176086351101,139.30973623745612,1.859155579852311,0.9929909884136747,0.1342805840370915,0.2862251466170791
t_stat_baseline|none|policy_online_weighting|ttr72.0_pb0.3-0.7_act0_trl0_hl0.0|churn0.75,3245.436000491014,135.22650002045893,0.36991564871536775,24,2.9433754214167407,11.442207418197107,74.61969728839756,99892479.3523714,0.9913793103448276,34263420.87670193,0.4482758620689655
t_stat_baseline|deflated_sharpe|policy_online_weighting|ttr48.0_pb0.15-0.85_act0_trl0_hl0.0|churn0.0,3180.8539439782376,132.53558099909324,0.204269539691042,24,4.059367939262703,19.18901174639144,132.44124515664996,44969292.278550535,1.0,15570832.273272788,0.6
t_stat_baseline|deflated_sharpe|policy_online_weighting|ttr48.0_pb0.15-0.85_act0_trl0_hl0.0|churn0.75,3073.6039439782376,128.06683099909324,0.19796080589029,24,4.050965622273588,19.13869658167875,132.05408157784422,44969292.278550535,1.0,15570832.273272788,0.6
gu_koenker_npmle|deflated_sharpe|policy_hybrid_displacement|ttr48.0_pb0.3-0.7_act0_trl20_hl0.0|churn0.0,3022.877619414726,125.95323414228024,0.2116334475831425,24,-0.0963721220135315,4.335580738047958,121.48408747341223,1.5590731401314313,1.0,-0.17056771543365778,0.2982791586998088
proxy_clv|deflated_sharpe|policy_hybrid_displacement|ttr48.0_pb0.3-0.7_act0_trl20_hl0.0|churn0.0,3003.735135202216,125.15563063342567,0.20840486417757131,24,-0.10951661407776117,4.22438459471773,122.58488411404736,1.6225024523068254,1.0,-0.18964415486915734,0.3171515561569689
gu_koenker_npmle|deflated_sharpe|policy_hybrid_displacement|ttr48.0_pb0.3-0.7_act0_trl20_hl0.0|churn0.75,2998.877619414726,124.95323414228024,0.21027871721599078,24,-0.10027528663958367,4.337375564329594,121.29602296869412,1.5590731401314313,1.0,-0.17056771543365778,0.2982791586998088
proxy_clv|deflated_sharpe|policy_hybrid_displacement|ttr48.0_pb0.3-0.7_act0_trl20_hl0.0|churn0.75,2980.485135202216,124.18688063342567,0.2070949399752843,24,-0.1132702336315205,4.225026100017731,122.40540913912848,1.6225024523068254,1.0,-0.18964415486915734,0.3171515561569689
proxy_clv|deflated_sharpe|policy_online_weighting|ttr72.0_pb0.3-0.7_act0_trl0_hl0.0|churn0.0,2796.644818437939,116.52686743491414,0.25200019755692193,24,4.179195386730711,19.28474447001476,94.38860541501624,88482051.1803958,1.0,34263421.18798497,0.6461538461538462
proxy_clv|none|policy_online_weighting|ttr48.0_pb0.3-0.7_act0_trl0_hl0.0|churn0.0,2796.644818437939,116.52686743491414,0.25200019755692193,24,4.179195386730711,19.28474447001476,94.38860541501624,79397464.90037908,1.0,27410738.31073584,0.294478527607362
proxy_clv|none|policy_online_weighting|ttr72.0_pb0.3-0.7_act0_trl0_hl0.0|churn0.0,2796.644818437939,116.52686743491414,0.25200019755692193,24,4.179195386730711,19.28474447001476,94.38860541501624,90367163.48154952,1.0,27410738.47116287,0.5
proxy_clv|deflated_sharpe|policy_online_weighting|ttr48.0_pb0.3-0.7_act0_trl0_hl0.0|churn0.0,2796.644818437939,116.52686743491414,0.25200019755692193,24,4.179195386730711,19.28474447001476,94.38860541501624,78177998.7936242,1.0,34263421.179056846,0.6129032258064516
gu_koenker_npmle|none|policy_hybrid_displacement|ttr24.0_pb0.15-0.85_act0_trl20_hl0.0|churn0.0,2722.593019161257,113.4413757983857,0.03877158578127974,24,-1.2387645964338723,7.006582995953824,597.2446935601066,1.4461801918821249,0.9999902971968602,3.2625407411574443,0.10936999699213103
proxy_clv|deflated_sharpe|policy_online_weighting|ttr48.0_pb0.3-0.7_act0_trl0_hl0.0|churn0.75,2721.644818437939,113.40186743491414,0.24686383976107334,24,4.169820690952644,19.21953709299514,93.76852956779923,78177998.7936242,1.0,34263421.179056846,0.6129032258064516
proxy_clv|none|policy_online_weighting|ttr48.0_pb0.3-0.7_act0_trl0_hl0.0|churn0.75,2721.644818437939,113.40186743491414,0.24686383976107334,24,4.169820690952644,19.21953709299514,93.76852956779923,79397464.90037908,1.0,27410738.31073584,0.294478527607362
proxy_clv|deflated_sharpe|policy_online_weighting|ttr72.0_pb0.3-0.7_act0_trl0_hl0.0|churn0.75,2721.644818437939,113.40186743491414,0.24686383976107334,24,4.169820690952644,19.21953709299514,93.76852956779923,88482051.1803958,1.0,34263421.18798497,0.6461538461538462
proxy_clv|none|policy_online_weighting|ttr72.0_pb0.3-0.7_act0_trl0_hl0.0|churn0.75,2721.644818437939,113.40186743491414,0.24686383976107334,24,4.169820690952644,19.21953709299514,93.76852956779923,90367163.48154952,1.0,27410738.47116287,0.5
gu_koenker_npmle|none|policy_hybrid_displacement|ttr24.0_pb0.15-0.85_act0_trl20_hl0.0|churn0.75,2699.343019161257,112.4726257983857,0.03843446467371871,24,-1.2376959359822068,7.000812495369201,597.3383211653055,1.4461801918821249,0.9999902971968602,3.2625407411574443,0.10936999699213103
proxy_clv|deflated_sharpe|policy_hybrid_displacement|ttr24.0_pb0.15-0.85_act0_trl20_hl0.0|churn0.0,2691.2970299514677,112.13737624797783,0.1907701222421815,24,-1.549777205849679,6.327781858946912,119.98705985055317,1.6676033753267587,0.9937226104465238,2.2405337248134507,0.2649532156816298
proxy_clv|deflated_sharpe|policy_hybrid_displacement|ttr24.0_pb0.15-0.85_act0_trl20_hl0.0|churn0.75,2663.5470299514677,110.98112624797783,0.18873765725942993,24,-1.5513725373437242,6.339917458808342,120.0286570321604,1.6676033753267587,0.9937226104465238,2.2405337248134507,0.2649532156816298
t_stat_baseline|deflated_sharpe|policy_online_weighting|ttr72.0_pb0.15-0.85_act0_trl0_hl0.0|churn0.0,2446.384366592416,101.93268194135067,0.1540807089490831,24,3.9227527800625945,18.53379390642178,135.039108493149,42338934.25580532,1.0,18182427.07350718,0.5806451612903226
t_stat_baseline|deflated_sharpe|policy_online_weighting|ttr72.0_pb0.15-0.85_act0_trl0_hl0.0|churn0.75,2324.884366592416,96.87018194135067,0.1467690810264725,24,3.9085640320931683,18.46073694396941,134.72553584820344,42338934.25580532,1.0,18182427.07350718,0.5806451612903226
proxy_clv|deflated_sharpe|policy_online_weighting|ttr24.0_pb0.3-0.7_act0_trl0_hl0.0|churn0.0,2214.764818437939,92.28186743491413,0.20412414523193154,24,4.587317109255645,22.04347826086957,92.28186743491413,75064935.5208519,1.0,34213610.72598521,0.6129032258064516
proxy_clv|none|policy_online_weighting|ttr24.0_pb0.3-0.7_act0_trl0_hl0.0|churn0.0,2214.764818437939,92.28186743491413,0.20412414523193154,24,4.587317109255645,22.04347826086957,92.28186743491413,76439959.93523896,1.0,27370923.633912098,0.45454545454545453
gu_koenker_npmle|none|policy_knockout_backfill|ttr48.0_pb0.3-0.7_act0_trl0_hl0.0|churn0.0,2184.2568968282944,91.01070403451227,0.39465771157278834,24,0.42607782930349297,2.4760743935019596,47.07239114615602,5.089207583909768,0.9773071104387292,-0.14552811993836323,0.5408472012102874
gu_koenker_npmle|none|policy_knockout_backfill|ttr48.0_pb0.3-0.7_act0_trl0_hl0.0|churn0.75,2165.5068968282944,90.22945403451227,0.38959670470716395,24,0.41506973714303175,2.4659548948543963,47.274553293212186,5.089207583909768,0.9773071104387292,-0.14552811993836323,0.5408472012102874
proxy_clv|deflated_sharpe|policy_online_weighting|ttr24.0_pb0.3-0.7_act0_trl0_hl0.0|churn0.75,2158.514818437939,89.93811743491413,0.20047568539623264,24,4.586271209555671,22.03740489584025,91.57490250693475,75064935.5208519,1.0,34213610.72598521,0.6129032258064516
proxy_clv|none|policy_online_weighting|ttr24.0_pb0.3-0.7_act0_trl0_hl0.0|churn0.75,2158.514818437939,89.93811743491413,0.20047568539623264,24,4.586271209555671,22.03740489584025,91.57490250693475,76439959.93523896,1.0,27370923.633912098,0.45454545454545453
gu_koenker_npmle|none|policy_knockout_backfill|ttr72.0_pb0.3-0.7_act0_trl0_hl0.0|churn0.0,2106.70615930892,87.77942330453834,0.37089406689061416,24,0.5763100553165322,2.5542983292103316,48.31001989653076,5.351869953757414,0.9779573842762674,0.10571125522377015,0.5584129316678913
gu_koenker_npmle|none|policy_knockout_backfill|ttr72.0_pb0.3-0.7_act0_trl0_hl0.0|churn0.75,2087.95615930892,86.99817330453834,0.3664596381514071,24,0.5725857282082026,2.540977197249641,48.459437039533476,5.351869953757414,0.9779573842762674,0.10571125522377015,0.5584129316678913
eb_shrinkage_skill|none|policy_knockout_backfill|ttr48.0_pb0.3-0.7_act0_trl0_hl0.0|churn0.0,1844.3323141992705,76.84717975830294,0.31293196907231524,24,0.5464572303021382,2.677220377549821,50.12707691115837,6.499364904929803,0.9776817854571634,1.0476599051133213,0.5385169186465083
proxy_clv|deflated_sharpe|policy_hybrid_displacement|ttr24.0_pb0.3-0.7_act0_trl20_hl0.0|churn0.0,1830.8551036717236,76.28562931965514,0.13569802541221987,24,-0.7662989452558793,4.11916462576062,114.75287743540235,1.4767768845340166,0.9993172197186945,-0.4284064515832871,0.5417178751877646
eb_shrinkage_skill|none|policy_knockout_backfill|ttr48.0_pb0.3-0.7_act0_trl0_hl0.0|churn0.75,1825.5823141992705,76.06592975830294,0.3085258875563435,24,0.5352365778576799,2.665571796518,50.32606182957721,6.499364904929803,0.9776817854571634,1.0476599051133213,0.5385169186465083
proxy_clv|deflated_sharpe|policy_hybrid_displacement|ttr24.0_pb0.3-0.7_act0_trl20_hl0.0|churn0.75,1807.6051036717236,75.31687931965514,0.13415627041270475,24,-0.7693121785689341,4.124302625967406,114.59765216613543,1.4767768845340166,0.9993172197186945,-0.4284064515832871,0.5417178751877646
t_stat_baseline|deflated_sharpe|policy_online_weighting|ttr72.0_pb0.3-0.7_act0_trl0_hl0.0|churn0.0,1665.0853348108508,69.37855561711878,0.39778986345417383,24,2.5506775904794283,8.759816599956812,35.601305271575534,144802535.8543166,0.975,45684561.346809946,0.65
t_stat_baseline|none|policy_hybrid_displacement|ttr24.0_pb0.3-0.7_act0_trl20_hl0.0|churn0.0,1636.7123526468322,68.19634802695134,0.024725148719870183,24,-1.9288503607626046,8.50496246829931,563.0106175156649,1.407771722441473,0.9999568155809384,0.6880306233991371,0.1813313756396692
t_stat_baseline|none|policy_hybrid_displacement|ttr24.0_pb0.3-0.7_act0_trl20_hl0.0|churn0.75,1609.7123526468322,67.07134802695134,0.02432102442293813,24,-1.9288047297005209,8.506629518430879,562.9237217755689,1.407771722441473,0.9999568155809384,0.6880306233991371,0.1813313756396692
t_stat_baseline|deflated_sharpe|policy_online_weighting|ttr72.0_pb0.3-0.7_act0_trl0_hl0.0|churn0.75,1574.3353348108508,65.59730561711878,0.3783640590412756,24,2.5410723303934297,8.719392599160349,35.38918039028501,144802535.8543166,0.975,45684561.346809946,0.65
t_stat_baseline|deflated_sharpe|policy_hybrid_displacement|ttr24.0_pb0.3-0.7_act0_trl20_hl0.0|churn0.0,1532.4239983291602,63.850999930381676,0.11292269129146863,24,-0.7231912056594282,4.049310469979685,115.41994468899067,1.4175056534825978,0.9993010902991334,-0.5434982515519201,0.5367626502655857
t_stat_baseline|deflated_sharpe|policy_hybrid_displacement|ttr24.0_pb0.3-0.7_act0_trl20_hl0.0|churn0.75,1506.9239983291602,62.788499930381676,0.11120662990636154,24,-0.7261959044376347,4.0547300437567735,115.25076238238904,1.4175056534825978,0.9993010902991334,-0.5434982515519201,0.5367626502655857
gu_koenker_npmle|none|policy_knockout_backfill|ttr24.0_pb0.3-0.7_act0_trl0_hl0.0|churn0.0,1244.9446528256628,51.872693867735954,0.21631659472327688,24,0.23767789045641985,3.358253593607469,48.94894591963489,6.338261051583426,0.9684887459807074,-0.2513580588771393,0.4932475884244373
gu_koenker_npmle|none|policy_knockout_backfill|ttr24.0_pb0.3-0.7_act0_trl0_hl0.0|churn0.75,1226.1946528256628,51.091443867735954,0.21215370733738062,24,0.2282932565585108,3.3323888415891267,49.15774246443849,6.338261051583426,0.9684887459807074,-0.2513580588771393,0.4932475884244373
eb_shrinkage_skill|none|policy_knockout_backfill|ttr72.0_pb0.3-0.7_act0_trl0_hl0.0|churn0.0,1161.8387392756272,48.4099474698178,0.19013596169242197,24,0.6257943391119793,2.8003728558322614,51.97143696564113,6.466340927698508,0.9672897196261683,0.7182075853495589,0.5173564753004005
t_stat_baseline|none|policy_online_weighting|ttr24.0_pb0.3-0.7_act0_trl0_hl0.0|churn0.0,1146.0734718403423,47.75306132668093,0.2833350170650578,24,3.0028998473284525,10.061776483979996,34.4029231772597,82631255.21718104,0.9911504424778761,41116007.90505606,0.415929203539823
eb_shrinkage_skill|none|policy_knockout_backfill|ttr72.0_pb0.3-0.7_act0_trl0_hl0.0|churn0.75,1143.0887392756272,47.6286974698178,0.1864056238439241,24,0.6165259030105834,2.7867541883841827,52.15597554973508,6.466340927698508,0.9672897196261683,0.7182075853495589,0.5173564753004005
t_stat_baseline|none|policy_online_weighting|ttr48.0_pb0.3-0.7_act0_trl0_hl0.0|churn0.0,1138.87347337428,47.453061390594996,0.28126570102795345,24,2.9973530396431154,10.043563408774752,34.438310677742066,87453756.23446347,0.98989898989899,37378277.510644205,0.35353535353535354
t_stat_baseline|none|policy_online_weighting|ttr24.0_pb0.3-0.7_act0_trl0_hl0.0|churn0.75,1071.0734718403423,44.62806132668093,0.2628063195199514,24,2.982119532364764,9.991652351703328,34.66303583683568,82631255.21718104,0.9911504424778761,41116007.90505606,0.415929203539823
t_stat_baseline|none|policy_online_weighting|ttr48.0_pb0.3-0.7_act0_trl0_hl0.0|churn0.75,1063.87347337428,44.328061390594996,0.2607313136080233,24,2.9746443647094396,9.96798817221168,34.70403119568124,87453756.23446347,0.98989898989899,37378277.510644205,0.35353535353535354
gu_koenker_npmle|none|policy_online_weighting|ttr72.0_pb0.15-0.85_act0_trl0_hl0.0|churn0.0,1025.7574031513882,42.73989179797451,0.2757754254278047,24,1.7815057844721716,5.919994177051778,31.63532017776076,26.628062264694154,1.0,-23545.799224395567,0.8214285714285714
proxy_clv|none|policy_knockout_backfill|ttr24.0_pb0.15-0.85_act0_trl0_hl0.0|churn0.0,950.2509209817298,39.59378837423874,0.5735633835479924,24,1.123730573527354,4.119247432426159,14.090941716660705,16.21352150940659,0.9957264957264957,-18027.72972943487,0.8461538461538461
proxy_clv|none|policy_knockout_backfill|ttr24.0_pb0.15-0.85_act0_trl0_hl0.0|churn0.75,931.5009209817298,38.81253837423874,0.562375456210409,24,1.1589689214143537,4.175832828549645,14.08769912063667,16.21352150940659,0.9957264957264957,-18027.72972943487,0.8461538461538461
gu_koenker_npmle|none|policy_online_weighting|ttr72.0_pb0.15-0.85_act0_trl0_hl0.0|churn0.75,923.0074031513882,38.45864179797451,0.25111264266297817,24,1.7867269741119032,6.0201029987864905,31.262214839292778,26.628062264694154,1.0,-23545.799224395567,0.8214285714285714
eb_shrinkage_skill|none|policy_knockout_backfill|ttr24.0_pb0.3-0.7_act0_trl0_hl0.0|churn0.0,809.3849981828471,33.72437492428529,0.13916480650272575,24,0.3685180576725514,3.6431968488719892,49.466236312886245,9.842726619131941,0.9684278350515464,-0.29022190464871295,0.46198453608247425
eb_shrinkage_skill|none|policy_knockout_backfill|ttr24.0_pb0.3-0.7_act0_trl0_hl0.0|churn0.75,790.6349981828471,32.94312492428529,0.1352754823919684,24,0.351080275347075,3.6204659963942962,49.709578539545625,9.842726619131941,0.9684278350515464,-0.29022190464871295,0.46198453608247425
t_stat_baseline|none|policy_hybrid_displacement|ttr72.0_pb0.3-0.7_act0_trl0_hl0.0|churn0.0,691.5172162386011,28.813217343275046,0.08845814735987095,24,-0.4560741301468708,4.7146854855484674,66.48876940244415,88289395.8782022,1.0,25697448.792384394,0.2589779005524862
eb_shrinkage_skill|none|policy_online_weighting|ttr72.0_pb0.15-0.85_act0_trl0_hl0.0|churn0.0,659.1293481317412,27.463722838822548,0.1957538320901823,24,2.331542786359561,9.239173398306136,28.638054690948188,28.924852669460247,1.0,-27700.71488472143,0.8518518518518519
proxy_clv|none|policy_online_weighting|ttr24.0_pb0.15-0.85_act0_trl20_hl0.0|churn0.0,658.4603717580649,27.4358488232527,0.005038471741847329,24,-3.5930571243108664,16.641581460231006,1111.5114813972589,10.586481284841854,0.9987544250688344,3.4423082500764166,0.13023281949465246
proxy_clv|none|policy_knockout_backfill|ttr48.0_pb0.3-0.7_act0_trl0_hl0.0|churn0.0,656.7844193091862,27.366017471216093,0.34621447724834536,24,1.345189138115458,7.678659531630672,16.134694797026388,2.1733708068832382,0.9927007299270073,-0.25331170153441135,0.7445255474452555
proxy_clv|none|policy_knockout_backfill|ttr48.0_pb0.3-0.7_act0_trl0_hl0.0|churn0.75,638.0344193091862,26.584767471216093,0.3365819111026451,24,1.3782261418559336,7.756663210484524,16.122651744634997,2.1733708068832382,0.9927007299270073,-0.25331170153441135,0.7445255474452555
t_stat_baseline|none|policy_knockout_backfill|ttr24.0_pb0.15-0.85_act0_trl0_hl0.0|churn0.0,635.5516395216056,26.481318313400234,0.27845365857010784,24,1.2205794834538717,5.226865363151169,19.41248139132117,10.72419846367519,1.0,-18027.920765305957,0.8050847457627118
t_stat_baseline|none|policy_hybrid_displacement|ttr72.0_pb0.3-0.7_act0_trl0_hl0.0|churn0.75,624.0172162386011,26.000717343275046,0.07989237238398653,24,-0.4593657427800254,4.726922758802183,66.43155090706603,88289395.8782022,1.0,25697448.792384394,0.2589779005524862
proxy_clv|none|policy_knockout_backfill|ttr24.0_pb0.3-0.7_act0_trl0_hl0.0|churn0.0,619.8578257946065,25.827409408108604,0.3684472033254076,24,1.209248344549072,6.516019029512477,14.30869286400624,2.327930719394752,0.9923076923076923,-22188.377915361954,0.7307692307692307
gu_koenker_npmle|none|policy_online_weighting|ttr24.0_pb0.3-0.7_act0_trl0_hl0.0|churn0.0,617.8633322709286,25.74430551128869,0.10406775418573527,24,1.13468935780378,4.853792124622242,50.496279065488125,15466847.209326511,1.0,-27671.780607338464,0.704225352112676
t_stat_baseline|none|policy_knockout_backfill|ttr24.0_pb0.15-0.85_act0_trl0_hl0.0|churn0.75,616.8016395216056,25.700068313400234,0.27098196517077217,24,1.2532017570052283,5.325114331578011,19.359238440717085,10.72419846367519,1.0,-18027.920765305957,0.8050847457627118
proxy_clv|none|policy_knockout_backfill|ttr24.0_pb0.3-0.7_act0_trl0_hl0.0|churn0.75,601.1078257946065,25.046159408108604,0.3591694995055227,24,1.2554072151785092,6.705373611741174,14.23429853470689,2.327930719394752,0.9923076923076923,-22188.377915361954,0.7307692307692307
proxy_clv|deflated_sharpe|policy_knockout_backfill|ttr24.0_pb0.3-0.7_act0_trl0_hl0.0|churn0.0,580.8860854008815,24.203586891703395,0.24278732916117357,24,1.8820652528491304,7.373326266851093,20.349235287052313,20.499421137164603,0.9874213836477987,-18027.76880973526,0.7547169811320755
proxy_clv|deflated_sharpe|policy_knockout_backfill|ttr24.0_pb0.3-0.7_act0_trl0_hl0.0|churn0.75,562.1360854008815,23.422336891703395,0.23613190242270227,24,1.9253066906454308,7.576363379156161,20.247431407191463,20.499421137164603,0.9874213836477987,-18027.76880973526,0.7547169811320755
eb_shrinkage_skill|none|policy_online_weighting|ttr72.0_pb0.15-0.85_act0_trl0_hl0.0|churn0.75,560.1293481317412,23.338722838822548,0.16698367027733096,24,2.3360232974998865,9.247957804532229,28.529716961948658,28.924852669460247,1.0,-27700.71488472143,0.8518518518518519
proxy_clv|none|policy_online_weighting|ttr24.0_pb0.15-0.85_act0_trl20_hl0.0|churn0.75,534.2656650189056,22.26106937578773,0.004086611381926528,24,-3.595664603580581,16.653853041792445,1111.929012476649,10.586481284841854,0.9987544250688344,3.4423082500764166,0.13023281949465246
t_stat_baseline|none|policy_hybrid_displacement|ttr48.0_pb0.3-0.7_act0_trl0_hl0.0|churn0.0,531.5007879403306,22.145866164180443,0.0666766779477656,24,-0.3880145979545822,4.349337665923651,67.79740893398204,76391486.89490232,1.0,27410612.171662774,0.24789915966386555
t_stat_baseline|deflated_sharpe|policy_online_weighting|ttr24.0_pb0.3-0.7_act0_trl0_hl0.0|churn0.0,521.0708218977675,21.711284245740313,0.27533542908855413,24,3.1140818868620848,11.059611219467126,16.095993723800348,120471527.91982442,0.9736842105263158,51320432.78395295,0.6052631578947368
t_stat_baseline|deflated_sharpe|policy_online_weighting|ttr48.0_pb0.3-0.7_act0_trl0_hl0.0|churn0.0,517.4426228661457,21.560109286089403,0.2678406807596245,24,3.272831846963033,12.412485572980708,16.43118165115359,126559075.36333817,0.975,51395131.59551832,0.625
t_stat_baseline|none|policy_full_rerank|ttr72.0_pb0.3-0.7_act0_trl0_hl0.0|churn0.0,510.0080780677173,21.250336586154887,0.09747867497951512,24,2.1464657431697116,9.336682607851925,44.49903317265305,101303211.78011619,0.9818181818181818,34263421.28521218,0.6181818181818182
gu_koenker_npmle|none|policy_online_weighting|ttr24.0_pb0.3-0.7_act0_trl0_hl0.0|churn0.75,504.6133322709285,21.025555511288687,0.08486018504785238,24,1.1129082746743648,4.840475943601776,50.5752320048346,15466847.209326511,1.0,-27671.780607338464,0.704225352112676
t_stat_baseline|none|policy_hybrid_displacement|ttr24.0_pb0.3-0.7_act0_trl0_hl0.0|churn0.0,497.1863556078315,20.716098150326314,0.061455837411924126,24,-0.6206545116308291,4.781616287699566,68.80804176717118,73510359.69322152,1.0,27410611.463443413,0.21818181818181817
proxy_clv|none|policy_hybrid_displacement|ttr48.0_pb0.3-0.7_act0_trl20_hl0.0|churn0.0,484.00751248708184,20.166979686961742,0.015979060862241313,24,1.2575290463664723,4.940196061278909,257.62261787476405,2.8426094201246825,0.9999480371015095,209318.0568057605,0.49783054898802254
eb_shrinkage_skill|none|policy_online_weighting|ttr72.0_pb0.3-0.7_act0_trl0_hl0.0|churn0.0,469.072518889828,19.544688287076166,0.08615071279273359,24,0.6085998389875945,5.042355755160354,46.30887732783176,18043725.815284356,1.0,-0.5519528566388986,0.8266666666666667
t_stat_baseline|none|policy_hybrid_displacement|ttr48.0_pb0.3-0.7_act0_trl0_hl0.0|churn0.75,459.5007879403306,19.145866164180443,0.05769165623748135,24,-0.3928946699440686,4.362214161010271,67.74174673371989,76391486.89490232,1.0,27410612.171662774,0.24789915966386555
proxy_clv|none|policy_hybrid_displacement|ttr48.0_pb0.3-0.7_act0_trl20_hl0.0|churn0.75,458.50751248708184,19.104479686961742,0.015128540537356338,24,1.254626853073795,4.933029086259764,257.7701118341533,2.8426094201246825,0.9999480371015095,209318.0568057605,0.49783054898802254
eb_shrinkage_skill|deflated_sharpe|policy_hybrid_displacement|ttr72.0_pb0.15-0.85_act0_trl20_hl0.0|churn0.0,448.97654102163756,18.707355875901566,0.05657199033035663,24,0.07809133503640037,3.4006822685815927,67.50024182318505,1.4077566071212695,0.9937941734183762,1.9979294338416083,0.2292708153766592
t_stat_baseline|deflated_sharpe|policy_online_weighting|ttr24.0_pb0.3-0.7_act0_trl0_hl0.0|churn0.75,443.8208218977675,18.492534245740313,0.2316598568196157,24,3.0703178274326826,10.87228223565828,16.29446205271217,120471527.91982442,0.9736842105263158,51320432.78395295,0.6052631578947368
gu_koenker_npmle|none|policy_online_weighting|ttr72.0_pb0.3-0.7_act0_trl0_hl0.0|churn0.0,441.93436793474626,18.413931997281093,0.08372768998099352,24,0.8312627463550041,4.75489767933158,44.89229465374193,15156734.264651747,1.0,-26162.334365408507,0.7692307692307693
proxy_clv|none|policy_knockout_backfill|ttr48.0_pb0.15-0.85_act0_trl20_hl0.0|churn0.0,440.8876731870173,18.37031971612572,0.013902168126617247,24,-1.1797726489205294,5.732636458359564,269.7295684773085,1.2170602917808953,0.9997606281118345,1.476622725795528,0.831194944465722
t_stat_baseline|deflated_sharpe|policy_online_weighting|ttr48.0_pb0.3-0.7_act0_trl0_hl0.0|churn0.75,439.4426228661457,18.310109286089403,0.2247583250703807,24,3.2208198268428623,12.165135109102254,16.629130004220674,126559075.36333817,0.975,51395131.59551832,0.625
t_stat_baseline|none|policy_hybrid_displacement|ttr24.0_pb0.3-0.7_act0_trl0_hl0.0|churn0.75,424.4363556078315,17.684848150326314,0.05251803188805957,24,-0.6267671944427953,4.793157617099307,68.73647740525111,73510359.69322152,1.0,27410611.463443413,0.21818181818181817
eb_shrinkage_skill|deflated_sharpe|policy_hybrid_displacement|ttr72.0_pb0.15-0.85_act0_trl20_hl0.0|churn0.75,422.72654102163756,17.613605875901566,0.053184936335096925,24,0.08040834633602278,3.4019796290062723,67.60113843546978,1.4077566071212695,0.9937941734183762,1.9979294338416083,0.2292708153766592
proxy_clv|none|policy_knockout_backfill|ttr48.0_pb0.15-0.85_act0_trl20_hl0.0|churn0.75,422.1376731870173,17.58906971612572,0.01330780423193402,24,-1.1774038747900204,5.7245359849176225,269.79310475678903,1.2170602917808953,0.9997606281118345,1.476622725795528,0.831194944465722
gu_koenker_npmle|none|policy_online_weighting|ttr48.0_pb0.15-0.85_act0_trl0_hl0.0|churn0.0,421.85508152336,17.577295063473333,0.11404228549510563,24,2.1725500217536227,8.065154023604014,31.461578613091966,26.698311559236945,1.0,-23544.687594314728,0.8192771084337349
t_stat_baseline|none|policy_full_rerank|ttr72.0_pb0.3-0.7_act0_trl0_hl0.0|churn0.75,405.7580780677173,16.906586586154887,0.07778496667967463,24,2.1520820109513488,9.370195510559082,44.3664461527663,101303211.78011619,0.9818181818181818,34263421.28521218,0.6181818181818182
eb_shrinkage_skill|none|policy_online_weighting|ttr48.0_pb0.3-0.7_act0_trl0_hl0.0|churn0.0,403.22890059581823,16.801204191492427,0.0744752168403023,24,0.6891887443190283,5.152863158324357,46.04929787327111,18043723.57619708,1.0,-0.31076132004054957,0.7746478873239436
gu_koenker_npmle|none|policy_online_weighting|ttr24.0_pb0.15-0.85_act0_trl0_hl0.0|churn0.0,382.6992160952667,15.945800670636112,0.11351500959424587,24,2.3015212537424863,9.574246557937384,28.673943151367627,26.83041454512923,1.0,-26160.86017702955,0.7010309278350515
eb_shrinkage_skill|none|policy_online_weighting|ttr72.0_pb0.3-0.7_act0_trl0_hl0.0|churn0.75,360.322518889828,15.013438287076168,0.06598075872437793,24,0.5809119308218765,5.022156543997329,46.44695387853272,18043725.815284356,1.0,-0.5519528566388986,0.8266666666666667
t_stat_baseline|none|policy_full_rerank|ttr48.0_pb0.3-0.7_act0_trl0_hl0.0|churn0.0,350.3358102812496,14.597325428385401,0.06510339046119366,24,2.052966027424073,8.680059706388526,45.768224275778785,88837645.28628318,0.9818181818181818,37378277.595612235,0.6
gu_koenker_npmle|deflated_sharpe|policy_hybrid_displacement|ttr24.0_pb0.3-0.7_act0_trl20_hl0.0|churn0.0,338.40803815578283,14.100334923157618,0.024549290158634444,24,-0.8080508930669741,3.7481820050150243,117.24244550758135,1.4031368344421347,0.9993661257606491,-0.47597915372081306,0.5053245436105477
eb_shrinkage_skill|deflated_sharpe|policy_hybrid_displacement|ttr24.0_pb0.3-0.7_act0_trl20_hl0.0|churn0.0,338.40803815578283,14.100334923157618,0.024549290158634444,24,-0.8080508930669741,3.7481820050150243,117.24244550758135,1.4031368344421347,0.9993661257606491,-0.47597915372081306,0.5053245436105477
proxy_clv|none|policy_full_rerank|ttr72.0_pb0.3-0.7_act0_trl0_hl0.0|churn0.0,334.89023276721105,13.953759698633794,0.06891699135412034,24,2.221493378400602,10.287400158653492,41.32941986134899,90648735.37838127,1.0,27410737.966843963,0.660377358490566
gu_koenker_npmle|none|policy_online_weighting|ttr72.0_pb0.3-0.7_act0_trl0_hl0.0|churn0.75,333.93436793474626,13.913931997281095,0.06314759195452747,24,0.8097120281832858,4.73560825701597,44.97668696227449,15156734.264651747,1.0,-26162.334365408507,0.7692307692307693
gu_koenker_npmle|none|policy_online_weighting|ttr48.0_pb0.15-0.85_act0_trl0_hl0.0|churn0.75,328.8550815233599,13.70229506347333,0.08895570228156897,24,2.161530546697091,8.009944671108318,31.442270656174916,26.698311559236945,1.0,-23544.687594314728,0.8192771084337349
eb_shrinkage_skill|deflated_sharpe|policy_hybrid_displacement|ttr24.0_pb0.3-0.7_act0_trl20_hl0.0|churn0.75,315.15803815578283,13.131584923157618,0.0228937502445782,24,-0.8108651082035165,3.753473735238483,117.08320040814938,1.4031368344421347,0.9993661257606491,-0.47597915372081306,0.5053245436105477
gu_koenker_npmle|deflated_sharpe|policy_hybrid_displacement|ttr24.0_pb0.3-0.7_act0_trl20_hl0.0|churn0.75,315.15803815578283,13.131584923157618,0.0228937502445782,24,-0.8108651082035165,3.753473735238483,117.08320040814938,1.4031368344421347,0.9993661257606491,-0.47597915372081306,0.5053245436105477
eb_shrinkage_skill|none|policy_online_weighting|ttr48.0_pb0.15-0.85_act0_trl0_hl0.0|churn0.0,309.99272031311494,12.91636334637979,0.09740338801181612,24,2.809556859102716,12.409109243518627,27.068274332151397,27.770643311328605,1.0,-29430.539682840365,0.8354430379746836
proxy_clv|deflated_sharpe|policy_full_rerank|ttr24.0_pb0.3-0.7_act0_trl0_hl0.0|churn0.0,306.1889484782544,12.7578728532606,0.11752800376512414,24,1.1858047915310734,8.651201805173288,22.158037299381615,75064935.5208519,1.0,34213610.72598521,0.6129032258064516
t_stat_baseline|none|policy_knockout_backfill|ttr24.0_pb0.3-0.7_act0_trl0_hl0.0|churn0.0,296.7676739353155,12.365319747304811,0.1496696134887013,24,0.7459600464604892,4.983410069784815,16.86421355079307,11.420715301422652,1.0,-18028.3662506058,0.7266666666666667
eb_shrinkage_skill|none|policy_online_weighting|ttr48.0_pb0.3-0.7_act0_trl0_hl0.0|churn0.75,294.47890059581823,12.269954191492426,0.05421945892821942,24,0.6620460139523959,5.126259283842597,46.19363529040658,18043723.57619708,1.0,-0.31076132004054957,0.7746478873239436
gu_koenker_npmle|none|policy_online_weighting|ttr24.0_pb0.15-0.85_act0_trl0_hl0.0|churn0.75,285.94921609526665,11.91455067063611,0.0850581459462635,24,2.2860082379226383,9.506736424759366,28.59276374308238,26.83041454512923,1.0,-26160.86017702955,0.7010309278350515
t_stat_baseline|none|policy_knockout_backfill|ttr24.0_pb0.3-0.7_act0_trl0_hl0.0|churn0.75,278.0176739353155,11.584069747304811,0.14190715260389108,24,0.7575504616313419,5.1827537021074574,16.662925667150866,11.420715301422652,1.0,-18028.3662506058,0.7266666666666667
proxy_clv|none|policy_knockout_backfill|ttr72.0_pb0.3-0.7_act0_trl0_hl0.0|churn0.0,273.86074778953184,11.410864491230493,0.14859398389019787,24,1.4724133162443334,5.703007065816317,15.675149825385853,2.2501945081762575,0.9893048128342246,-0.5093754500718881,0.8342245989304813
eb_shrinkage_skill|none|policy_online_weighting|ttr24.0_pb0.15-0.85_act0_trl0_hl0.0|churn0.0,262.82586854003137,10.95107785583464,0.07850105926035365,24,2.0159836159902427,9.673609566654834,28.47578654036762,29.201667320493947,1.0,-29431.902595016752,0.7291666666666666
t_stat_baseline|deflated_sharpe|policy_hybrid_displacement|ttr24.0_pb0.15-0.85_act0_trl0_hl0.0|churn0.0,260.1786734450817,10.840778060211738,0.09825762230076887,24,-0.282123408053004,2.4012870895138714,22.521047256936136,16447367.013581946,1.0,-159431.26933018243,0.3922077922077922
proxy_clv|none|policy_knockout_backfill|ttr72.0_pb0.3-0.7_act0_trl0_hl0.0|churn0.75,255.11074778953187,10.629614491230495,0.13835413749349673,24,1.5012187547294722,5.753856102512289,15.682660536764693,2.2501945081762575,0.9893048128342246,-0.5093754500718881,0.8342245989304813
t_stat_baseline|none|policy_full_rerank|ttr48.0_pb0.3-0.7_act0_trl0_hl0.0|churn0.75,244.58581028124962,10.191075428385401,0.04557383277544672,24,2.063842241080051,8.732490154891574,45.64559165043629,88837645.28628318,0.9818181818181818,37378277.595612235,0.6
gu_koenker_npmle|none|policy_online_weighting|ttr48.0_pb0.3-0.7_act0_trl0_hl0.0|churn0.0,236.32389651843368,9.846829021601403,0.045189405520115834,24,0.9070055321212662,4.880176030226955,44.4789112435797,15156732.819420924,1.0,-26162.691663972324,0.7464788732394366
proxy_clv|deflated_sharpe|policy_full_rerank|ttr48.0_pb0.3-0.7_act0_trl0_hl0.0|churn0.0,225.64483999626742,9.40186833317781,0.08263539035279362,24,1.110999335246595,7.564866266357915,23.22429081413791,78177998.7936242,1.0,34263421.179056846,0.6129032258064516
t_stat_baseline|deflated_sharpe|policy_hybrid_displacement|ttr24.0_pb0.15-0.85_act0_trl0_hl0.0|churn0.75,223.4286734450817,9.309528060211738,0.08431709570115585,24,-0.2721570456973535,2.4078852555341377,22.53753455335574,16447367.013581946,1.0,-159431.26933018243,0.3922077922077922
proxy_clv|none|policy_full_rerank|ttr72.0_pb0.3-0.7_act0_trl0_hl0.0|churn0.75,220.14023276721093,9.172509698633789,0.04525834319595442,24,2.191059083133252,10.164897071977027,41.36984630123599,90648735.37838127,1.0,27410737.966843963,0.660377358490566
eb_shrinkage_skill|none|policy_online_weighting|ttr48.0_pb0.15-0.85_act0_trl0_hl0.0|churn0.75,219.24272031311494,9.13511334637979,0.06901383277514389,24,2.8140793044033683,12.428512981449698,27.01918048084667,27.770643311328605,1.0,-29430.539682840365,0.8354430379746836
proxy_clv|deflated_sharpe|policy_hybrid_displacement|ttr48.0_pb0.15-0.85_act0_trl0_hl0.0|churn0.0,211.90475205004702,8.829364668751959,0.06208588128086146,24,-0.5119813030673569,3.692143399181752,29.02892700833065,26398158.219364896,1.0,5931746.290750354,0.48905109489051096
proxy_clv|deflated_sharpe|policy_full_rerank|ttr24.0_pb0.3-0.7_act0_trl0_hl0.0|churn0.75,208.6889484782544,8.695372853260599,0.08006455698011776,24,1.2017244447849988,8.761197714704894,22.16880500051386,75064935.5208519,1.0,34213610.72598521,0.6129032258064516
proxy_clv|none|policy_full_rerank|ttr48.0_pb0.3-0.7_act0_trl0_hl0.0|churn0.0,171.38915060323518,7.1412146084681325,0.03499004460220163,24,2.247363014679295,10.295999149952376,41.660259209261476,79679215.38799796,1.0,27410737.870295856,0.7
proxy_clv|deflated_sharpe|policy_hybrid_displacement|ttr24.0_pb0.15-0.85_act0_trl0_hl0.0|churn0.0,160.97502339972948,6.707292641655395,0.05454027990635067,24,-0.24681117182216722,3.261507107911787,25.102921724076285,26139896.280999728,1.0,6198502.037774096,0.4576719576719577
eb_shrinkage_skill|none|policy_online_weighting|ttr24.0_pb0.15-0.85_act0_trl0_hl0.0|churn0.75,160.07586854003137,6.66982785583464,0.04776778798060364,24,1.9526315001181924,9.46230905896097,28.501904054447856,29.201667320493947,1.0,-29431.902595016752,0.7291666666666666
proxy_clv|deflated_sharpe|policy_hybrid_displacement|ttr72.0_pb0.15-0.85_act0_trl0_hl0.0|churn0.0,148.21643163955764,6.175684651648235,0.0422699186340317,24,-0.7287154554085118,3.888334403749852,29.822776846434124,22016161.706374694,1.0,6363850.148572972,0.48792270531400966
proxy_clv|deflated_sharpe|policy_hybrid_displacement|ttr48.0_pb0.15-0.85_act0_trl0_hl0.0|churn0.75,144.40475205004702,6.01686466875196,0.04221691123840741,24,-0.4957744126646126,3.6967014946233996,29.09230735875917,26398158.219364896,1.0,5931746.290750354,0.48905109489051096
t_stat_baseline|deflated_sharpe|policy_knockout_backfill|ttr72.0_pb0.15-0.85_act0_trl0_hl0.0|churn0.0,142.14016170641978,5.922506737767491,0.059869286639282863,24,0.2842814071230706,2.473438745666682,20.192768167775604,10.353761153100207,1.0,0.29591042677038126,0.6881720430107527
t_stat_baseline|none|policy_knockout_backfill|ttr48.0_pb0.15-0.85_act0_trl0_hl0.0|churn0.0,136.19698061619454,5.674874192341439,0.03964760672965017,24,-0.23517993673234117,2.263888003772346,29.216866776076017,10.135641507147552,1.0,-0.08665580696174584,0.25
proxy_clv|deflated_sharpe|policy_full_rerank|ttr48.0_pb0.3-0.7_act0_trl0_hl0.0|churn0.75,130.3948399962674,5.433118333177808,0.04772040041269368,24,1.1335611289561622,7.640564765327518,23.240178751912847,78177998.7936242,1.0,34263421.179056846,0.6129032258064516
gu_koenker_npmle|none|policy_online_weighting|ttr48.0_pb0.3-0.7_act0_trl0_hl0.0|churn0.75,126.82389651843368,5.284329021601404,0.02419066459788833,24,0.8817286007964253,4.854758429542592,44.58989294377777,15156732.819420924,1.0,-26162.691663972324,0.7464788732394366
t_stat_baseline|deflated_sharpe|policy_knockout_backfill|ttr72.0_pb0.15-0.85_act0_trl0_hl0.0|churn0.75,123.39016170641978,5.141256737767491,0.05190006544369521,24,0.2968831644008678,2.473213046673888,20.220680418085774,10.353761153100207,1.0,0.29591042677038126,0.6881720430107527
t_stat_baseline|none|policy_knockout_backfill|ttr48.0_pb0.15-0.85_act0_trl0_hl0.0|churn0.75,117.44698061619454,4.893624192341439,0.03422644560852766,24,-0.21983937929986097,2.2684475055342257,29.18523491376258,10.135641507147552,1.0,-0.08665580696174584,0.25
proxy_clv|deflated_sharpe|policy_full_rerank|ttr48.0_pb0.15-0.85_act0_trl0_hl0.0|churn0.0,115.14939102932365,4.797891292888486,0.04700165682617038,24,-1.1671517571535037,5.155419909183981,20.83682842710518,28092779.719857927,1.0,9582050.805492116,0.6065573770491803
proxy_clv|deflated_sharpe|policy_knockout_backfill|ttr48.0_pb0.3-0.7_act0_trl0_hl0.0|churn0.0,112.9589555809915,4.706623149207979,0.04888362516799552,24,2.3819076627135485,10.083642005938454,19.65352250286669,21.77375415897651,0.9878787878787879,-0.2435482807879443,0.8727272727272727
t_stat_baseline|deflated_sharpe|policy_hybrid_displacement|ttr72.0_pb0.15-0.85_act0_trl0_hl0.0|churn0.0,106.6114167134198,4.442142363059158,0.04188133877367809,24,0.32278142537252646,1.9154254206388237,21.650418525490963,13474652.883751862,1.0,0.8381270534177276,0.5010309278350515
t_stat_baseline|none|policy_full_rerank|ttr24.0_pb0.3-0.7_act0_trl0_hl0.0|churn0.0,104.78059184239532,4.3658579934331385,0.019212585782860895,24,2.0374743628391654,8.696589032872778,46.38506451893288,85300077.71893042,0.9811320754716981,37323950.96055393,0.5849056603773585
proxy_clv|deflated_sharpe|policy_full_rerank|ttr72.0_pb0.15-0.85_act0_trl0_hl0.0|churn0.0,98.20596181367361,4.091915075569734,0.04119562757808152,24,-0.9092631186800425,4.341013320628185,20.27542038482581,22485429.351880297,1.0,9790537.879548049,0.6212121212121212
proxy_clv|deflated_sharpe|policy_knockout_backfill|ttr48.0_pb0.3-0.7_act0_trl0_hl0.0|churn0.75,94.2089555809915,3.9253731492079793,0.04097293743463707,24,2.433766401219002,10.359871360761202,19.555918832441197,21.77375415897651,0.9878787878787879,-0.2435482807879443,0.8727272727272727
proxy_clv|deflated_sharpe|policy_hybrid_displacement|ttr24.0_pb0.15-0.85_act0_trl0_hl0.0|churn0.75,91.9750233997295,3.8322926416553957,0.031221886044184657,24,-0.22227690547310863,3.2664607478615704,25.054971331632025,26139896.280999728,1.0,6198502.037774096,0.4576719576719577
proxy_clv|deflated_sharpe|policy_hybrid_displacement|ttr72.0_pb0.15-0.85_act0_trl0_hl0.0|churn0.75,79.21643163955764,3.300684651648235,0.022543357401497346,24,-0.7124580585443038,3.8819171159495265,29.8868274675493,22016161.706374694,1.0,6363850.148572972,0.48792270531400966
t_stat_baseline|deflated_sharpe|policy_hybrid_displacement|ttr72.0_pb0.15-0.85_act0_trl0_hl0.0|churn0.75,69.8614167134198,2.9108923630591583,0.027394044385759708,24,0.329608075553019,1.9249577122702997,21.69024066342257,13474652.883751862,1.0,0.8381270534177276,0.5010309278350515
proxy_clv|none|policy_full_rerank|ttr48.0_pb0.3-0.7_act0_trl0_hl0.0|churn0.75,57.38915060323518,2.3912146084681325,0.011703086925330754,24,2.223850652735167,10.20142462231142,41.70734107453196,79679215.38799796,1.0,27410737.870295856,0.7
t_stat_baseline|none|policy_knockout_backfill|ttr72.0_pb0.3-0.7_act0_trl0_hl0.0|churn0.0,43.23745454174025,1.8015606059058438,0.01925942151529056,24,1.038195811086781,5.181316790332612,19.094136263235683,9.898513332749388,1.0,-0.5995625233588338,0.8026315789473685
t_stat_baseline|none|policy_knockout_backfill|ttr48.0_pb0.3-0.7_act0_trl0_hl0.0|churn0.0,40.50161912838561,1.6875674636827338,0.018752066549200214,24,1.2923012402899337,6.276027366094669,18.369882868197728,11.090802574281536,1.0,-0.41410596480395295,0.7847533632286996
t_stat_baseline|none|policy_knockout_backfill|ttr72.0_pb0.3-0.7_act0_trl0_hl0.0|churn0.75,24.48745454174025,1.0203106059058438,0.010995897723466814,24,1.0664759951727647,5.358457050603856,18.940702754730662,9.898513332749388,1.0,-0.5995625233588338,0.8026315789473685
proxy_clv|deflated_sharpe|policy_full_rerank|ttr48.0_pb0.15-0.85_act0_trl0_hl0.0|churn0.75,24.399391029323624,1.0166412928884843,0.00995843549416457,24,-1.1241979143789853,5.086088379067581,20.838718595902986,28092779.719857927,1.0,9582050.805492116,0.6065573770491803
t_stat_baseline|none|policy_knockout_backfill|ttr48.0_pb0.3-0.7_act0_trl0_hl0.0|churn0.75,21.751619128385613,0.9063174636827339,0.010159799528970961,24,1.3274392178172407,6.512829440078448,18.209146455643513,11.090802574281536,1.0,-0.41410596480395295,0.7847533632286996
eb_shrinkage_skill|deflated_sharpe|policy_hybrid_displacement|ttr48.0_pb0.15-0.85_act0_trl20_hl0.0|churn0.0,6.478038621908013,0.26991827591283385,0.0009921197120209024,24,-0.15583564383874243,2.811719448951625,55.53446492959416,0.7497902039366514,0.9945742275810098,1.708410539075368,0.30504898266767144
proxy_clv|deflated_sharpe|policy_full_rerank|ttr72.0_pb0.15-0.85_act0_trl0_hl0.0|churn0.75,5.205961813673582,0.21691507556973258,0.0021834409037343556,24,-0.8721303495545216,4.282995309928289,20.278819689080283,22485429.351880297,1.0,9790537.879548049,0.6212121212121212
proxy_clv|none|policy_hybrid_displacement|ttr72.0_pb0.15-0.85_act0_trl0_hl0.0|churn0.0,-1.3420548457718837,-0.05591895190716182,-0.0003696024530677743,24,-0.7534145406073769,3.294072422535964,30.8829342596972,22337282.727252103,1.0,7070944.566521299,0.4469135802469136
t_stat_baseline|none|policy_full_rerank|ttr24.0_pb0.3-0.7_act0_trl0_hl0.0|churn0.75,-5.469408157604676,-0.22789200656686148,-0.0010047907800346425,24,2.051181932987466,8.762078206639016,46.296464866095306,85300077.71893042,0.9811320754716981,37323950.96055393,0.5849056603773585
t_stat_baseline|deflated_sharpe|policy_knockout_backfill|ttr48.0_pb0.15-0.85_act0_trl0_hl0.0|churn0.0,-8.294118478200375,-0.3455882699250156,-0.0034713041474905555,24,0.31975624894350985,2.890172621482179,20.321731315771366,11.340714907846511,1.0,0.463585749034667,0.6753731343283582
proxy_clv|deflated_sharpe|policy_knockout_backfill|ttr72.0_pb0.3-0.7_act0_trl0_hl0.0|churn0.0,-15.74357370524956,-0.6559822377187317,-0.014573187332886556,24,-0.3072998717102951,3.25373705937164,9.188231133178157,26.413748035987094,0.9870689655172413,-0.3447959630973318,0.9353448275862069
eb_shrinkage_skill|deflated_sharpe|policy_hybrid_displacement|ttr48.0_pb0.15-0.85_act0_trl20_hl0.0|churn0.75,-21.271961378091987,-0.8863317240871661,-0.003259608260589654,24,-0.15247432218396706,2.812891794471699,55.50412537563908,0.7497902039366514,0.9945742275810098,1.708410539075368,0.30504898266767144
t_stat_baseline|deflated_sharpe|policy_hybrid_displacement|ttr48.0_pb0.15-0.85_act0_trl0_hl0.0|churn0.0,-25.491245533343346,-1.0621352305559728,-0.009443205491723922,24,-0.22635593795163547,2.443763610722605,22.959094371923786,16849801.75493299,1.0,-150572.98293503534,0.5435294117647059
t_stat_baseline|deflated_sharpe|policy_knockout_backfill|ttr48.0_pb0.15-0.85_act0_trl0_hl0.0|churn0.75,-27.044118478200375,-1.1268382699250157,-0.01130093554822292,24,0.32888258174072466,2.8907248660910616,20.353615652576867,11.340714907846511,1.0,0.463585749034667,0.6753731343283582
proxy_clv|deflated_sharpe|policy_full_rerank|ttr72.0_pb0.3-0.7_act0_trl0_hl0.0|churn0.0,-27.823941029227115,-1.1593308762177965,-0.013763715673841808,24,-1.1817396161276232,5.494809559988662,17.193571108032742,88482051.1803958,1.0,34263421.18798497,0.6461538461538462
proxy_clv|deflated_sharpe|policy_knockout_backfill|ttr72.0_pb0.3-0.7_act0_trl0_hl0.0|churn0.75,-34.493573705249574,-1.4372322377187323,-0.03236648898916036,24,-0.2979963128921933,3.3784199097624295,9.064121910855523,26.413748035987094,0.9870689655172413,-0.3447959630973318,0.9353448275862069
t_stat_baseline|deflated_sharpe|policy_hybrid_displacement|ttr48.0_pb0.15-0.85_act0_trl0_hl0.0|churn0.75,-62.991245533343346,-2.6246352305559726,-0.023287527185238525,24,-0.22832567092551342,2.4603281996447848,23.005938703635866,16849801.75493299,1.0,-150572.98293503534,0.5435294117647059
proxy_clv|deflated_sharpe|policy_full_rerank|ttr24.0_pb0.15-0.85_act0_trl0_hl0.0|churn0.0,-73.27917005024487,-3.053298752093536,-0.03263388551779328,24,-1.5994962265926609,6.722584535913398,19.09830803227506,26880780.788970366,1.0,9536156.470536185,0.6065573770491803
proxy_clv|none|policy_hybrid_displacement|ttr72.0_pb0.15-0.85_act0_trl0_hl0.0|churn0.75,-73.34205484577188,-3.0559189519071617,-0.020228592897378612,24,-0.7326832613503845,3.282135661347183,30.836887524536856,22337282.727252103,1.0,7070944.566521299,0.4469135802469136
proxy_clv|deflated_sharpe|policy_knockout_backfill|ttr24.0_pb0.15-0.85_act0_trl0_hl0.0|churn0.0,-83.87263278372237,-3.4946930326550985,-0.06880897536507187,24,-0.5192106328194794,3.7540712597616004,10.367124700723458,24.649205609034773,0.9743589743589743,-20602.888027350047,0.9294871794871795
proxy_clv|none|policy_full_rerank|ttr24.0_pb0.3-0.7_act0_trl0_hl0.0|churn0.0,-95.48473672871182,-3.9785306970296594,-0.019952413771291345,24,2.1360451103662563,10.386631013487756,40.702552940170854,76759122.03672156,1.0,25660240.840425063,0.6923076923076923
gu_koenker_npmle|deflated_sharpe|policy_knockout_backfill|ttr48.0_pb0.15-0.85_act0_trl0_hl0.0|churn0.0,-101.9370131358808,-4.2473755473283665,-0.05555112773055706,24,-0.20481871290146972,2.6843585914882566,15.607098154381898,11.305675992308956,1.0,0.5136218367898284,0.6983050847457627
eb_shrinkage_skill|deflated_sharpe|policy_knockout_backfill|ttr48.0_pb0.15-0.85_act0_trl0_hl0.0|churn0.0,-101.9370131358808,-4.2473755473283665,-0.05555112773055706,24,-0.20481871290146972,2.6843585914882566,15.607098154381898,11.305675992308956,1.0,0.5136218367898284,0.6983050847457627
proxy_clv|deflated_sharpe|policy_knockout_backfill|ttr24.0_pb0.15-0.85_act0_trl0_hl0.0|churn0.75,-102.62263278372237,-4.275943032655099,-0.08515110130305403,24,-0.5143279395303414,3.8692448296290953,10.250286881138088,24.649205609034773,0.9743589743589743,-20602.888027350047,0.9294871794871795
gu_koenker_npmle|deflated_sharpe|policy_knockout_backfill|ttr48.0_pb0.15-0.85_act0_trl0_hl0.0|churn0.75,-120.6870131358808,-5.0286255473283665,-0.0656301802366792,24,-0.2010154122576122,2.6709862868206855,15.640119954541731,11.305675992308956,1.0,0.5136218367898284,0.6983050847457627
eb_shrinkage_skill|deflated_sharpe|policy_knockout_backfill|ttr48.0_pb0.15-0.85_act0_trl0_hl0.0|churn0.75,-120.6870131358808,-5.0286255473283665,-0.0656301802366792,24,-0.2010154122576122,2.6709862868206855,15.640119954541731,11.305675992308956,1.0,0.5136218367898284,0.6983050847457627
proxy_clv|deflated_sharpe|policy_full_rerank|ttr72.0_pb0.3-0.7_act0_trl0_hl0.0|churn0.75,-125.32394102922714,-5.221830876217798,-0.0620503032955389,24,-1.1838971972161094,5.516046214282163,17.178026658095302,88482051.1803958,1.0,34263421.18798497,0.6461538461538462
eb_shrinkage_skill|deflated_sharpe|policy_knockout_backfill|ttr72.0_pb0.15-0.85_act0_trl0_hl0.0|churn0.0,-132.7089322217895,-5.529538842574563,-0.07404417456204375,24,-0.0049086291392278995,2.5829414457790643,15.243770309324145,10.297402353878383,1.0,0.2530392101772507,0.6561264822134387
gu_koenker_npmle|deflated_sharpe|policy_knockout_backfill|ttr72.0_pb0.15-0.85_act0_trl0_hl0.0|churn0.0,-132.7089322217895,-5.529538842574563,-0.07404417456204375,24,-0.0049086291392278995,2.5829414457790643,15.243770309324145,10.297402353878383,1.0,0.2530392101772507,0.6561264822134387
gu_koenker_npmle|deflated_sharpe|policy_knockout_backfill|ttr72.0_pb0.15-0.85_act0_trl0_hl0.0|churn0.75,-151.4589322217895,-6.310788842574563,-0.08444205130097522,24,0.004483545157155165,2.5731414216213264,15.2552473368783,10.297402353878383,1.0,0.2530392101772507,0.6561264822134387
eb_shrinkage_skill|deflated_sharpe|policy_knockout_backfill|ttr72.0_pb0.15-0.85_act0_trl0_hl0.0|churn0.75,-151.4589322217895,-6.310788842574563,-0.08444205130097522,24,0.004483545157155165,2.5731414216213264,15.2552473368783,10.297402353878383,1.0,0.2530392101772507,0.6561264822134387
proxy_clv|deflated_sharpe|policy_full_rerank|ttr24.0_pb0.15-0.85_act0_trl0_hl0.0|churn0.75,-153.5291700502449,-6.397048752093537,-0.06890426263992286,24,-1.6107609493828545,6.797799272381931,18.950817532898416,26880780.788970366,1.0,9536156.470536185,0.6065573770491803
proxy_clv|none|policy_full_rerank|ttr72.0_pb0.15-0.85_act0_trl0_hl0.0|churn0.0,-209.86392587133213,-8.744330244638839,-0.05756447289021138,24,-1.4213445035427545,5.470638044801933,31.007474700878394,22959311.928960085,1.0,8485133.694983609,0.671875
proxy_clv|none|policy_full_rerank|ttr24.0_pb0.3-0.7_act0_trl0_hl0.0|churn0.75,-210.23473672871182,-8.75978069702966,-0.04394347658521173,24,2.1119404139562996,10.312474432494547,40.69051623016316,76759122.03672156,1.0,25660240.840425063,0.6923076923076923
proxy_clv|deflated_sharpe|policy_knockout_backfill|ttr72.0_pb0.15-0.85_act0_trl0_hl0.0|churn0.0,-246.2308708511655,-10.259619618798562,-0.19502444693872767,24,-0.039180285032002306,2.3654087077376675,10.73832597894752,24.5481657469363,0.9861111111111112,-0.14322373875120523,0.9548611111111112
eb_shrinkage_skill|deflated_sharpe|policy_hybrid_displacement|ttr24.0_pb0.15-0.85_act0_trl0_hl0.0|churn0.0,-253.14481377403206,-10.547700573918002,-0.09392476263631379,24,-0.5767872194165167,2.9043660981579253,22.92303225881077,9789586.45379588,1.0,7070943.399041756,0.4394366197183099
gu_koenker_npmle|deflated_sharpe|policy_hybrid_displacement|ttr24.0_pb0.15-0.85_act0_trl0_hl0.0|churn0.0,-253.14481377403206,-10.547700573918002,-0.09392476263631379,24,-0.5767872194165167,2.9043660981579253,22.92303225881077,9789586.45379588,1.0,7070943.399041756,0.4394366197183099
proxy_clv|deflated_sharpe|policy_knockout_backfill|ttr48.0_pb0.15-0.85_act0_trl0_hl0.0|churn0.0,-258.71283374794075,-10.779701406164198,-0.18320846900919002,24,-0.021250427963531052,2.7691014256666797,12.010347268817261,24.606053804203533,0.9851851851851852,0.036794093728730666,0.9518518518518518
proxy_clv|deflated_sharpe|policy_knockout_backfill|ttr72.0_pb0.15-0.85_act0_trl0_hl0.0|churn0.75,-264.9808708511655,-11.040869618798562,-0.21101098422313427,24,-0.00011678835392741025,2.4123414143342514,10.680524911306357,24.5481657469363,0.9861111111111112,-0.14322373875120523,0.9548611111111112
proxy_clv|deflated_sharpe|policy_knockout_backfill|ttr48.0_pb0.15-0.85_act0_trl0_hl0.0|churn0.75,-277.46283374794075,-11.560951406164198,-0.19735938568838182,24,0.01478807813398594,2.816084890463352,11.957218632496406,24.606053804203533,0.9851851851851852,0.036794093728730666,0.9518518518518518
eb_shrinkage_skill|deflated_sharpe|policy_hybrid_displacement|ttr24.0_pb0.15-0.85_act0_trl0_hl0.0|churn0.75,-298.89481377403206,-12.453950573918002,-0.11107502114915427,24,-0.5623396154375622,2.9020805790914648,22.886801995275526,9789586.45379588,1.0,7070943.399041756,0.4394366197183099
gu_koenker_npmle|deflated_sharpe|policy_hybrid_displacement|ttr24.0_pb0.15-0.85_act0_trl0_hl0.0|churn0.75,-298.89481377403206,-12.453950573918002,-0.11107502114915427,24,-0.5623396154375622,2.9020805790914648,22.886801995275526,9789586.45379588,1.0,7070943.399041756,0.4394366197183099
t_stat_baseline|none|policy_hybrid_displacement|ttr72.0_pb0.15-0.85_act0_trl0_hl0.0|churn0.0,-304.0315066348224,-12.6679794431176,-0.06320059785032438,24,0.08914118552994278,3.100093865638616,40.91481035932618,18021690.31763683,1.0,5639995.3049911745,0.21464019851116625
proxy_clv|none|policy_full_rerank|ttr72.0_pb0.15-0.85_act0_trl0_hl0.0|churn0.75,-311.1139258713321,-12.963080244638839,-0.08568327011531547,24,-1.4106432148117725,5.471085692990584,30.882080842020375,22959311.928960085,1.0,8485133.694983609,0.671875
eb_shrinkage_skill|deflated_sharpe|policy_online_weighting|ttr72.0_pb0.3-0.7_act0_trl0_hl0.0|churn0.0,-334.63239115083115,-13.943016297951297,-0.16438158118671375,24,-1.1826982634820753,4.517583121040809,17.314021821833148,144802535.8543166,0.975,45684561.346809946,0.65
t_stat_baseline|deflated_sharpe|policy_full_rerank|ttr72.0_pb0.3-0.7_act0_trl0_hl0.0|churn0.0,-334.63239115083115,-13.943016297951297,-0.16438158118671375,24,-1.1826982634820753,4.517583121040809,17.314021821833148,144802535.8543166,0.975,45684561.346809946,0.65
eb_shrinkage_skill|deflated_sharpe|policy_full_rerank|ttr72.0_pb0.3-0.7_act0_trl0_hl0.0|churn0.0,-334.63239115083115,-13.943016297951297,-0.16438158118671375,24,-1.1826982634820753,4.517583121040809,17.314021821833148,144802535.8543166,0.975,45684561.346809946,0.65
gu_koenker_npmle|deflated_sharpe|policy_full_rerank|ttr72.0_pb0.3-0.7_act0_trl0_hl0.0|churn0.0,-334.63239115083115,-13.943016297951297,-0.16438158118671375,24,-1.1826982634820753,4.517583121040809,17.314021821833148,144802535.8543166,0.975,45684561.346809946,0.65
gu_koenker_npmle|deflated_sharpe|policy_online_weighting|ttr72.0_pb0.3-0.7_act0_trl0_hl0.0|churn0.0,-334.63239115083115,-13.943016297951297,-0.16438158118671375,24,-1.1826982634820753,4.517583121040809,17.314021821833148,144802535.8543166,0.975,45684561.346809946,0.65
t_stat_baseline|deflated_sharpe|policy_knockout_backfill|ttr24.0_pb0.15-0.85_act0_trl0_hl0.0|churn0.0,-341.85907838706083,-14.244128266127534,-0.19403104181855824,24,-0.05949384953491805,2.3894031772933464,14.985079086552537,10.530136451589359,1.0,-16967.307961590304,0.4448818897637795
t_stat_baseline|none|policy_knockout_backfill|ttr72.0_pb0.15-0.85_act0_trl0_hl0.0|churn0.0,-342.7104058357086,-14.279600243154526,-0.09858218902113469,24,-0.20858625078719623,2.305190017919981,29.56732065731167,9.343305141416092,1.0,-0.3648123056122426,0.25544267053701014
t_stat_baseline|deflated_sharpe|policy_knockout_backfill|ttr24.0_pb0.15-0.85_act0_trl0_hl0.0|churn0.75,-360.60907838706083,-15.025378266127534,-0.2053033544222463,24,-0.042867090709720106,2.407082363367285,14.939076392545221,10.530136451589359,1.0,-16967.307961590304,0.4448818897637795
t_stat_baseline|none|policy_knockout_backfill|ttr72.0_pb0.15-0.85_act0_trl0_hl0.0|churn0.75,-361.4604058357086,-15.060850243154526,-0.10413394450507883,24,-0.1942462893069217,2.314307767862036,29.52239250094004,9.343305141416092,1.0,-0.3648123056122426,0.25544267053701014
eb_shrinkage_skill|deflated_sharpe|policy_hybrid_displacement|ttr72.0_pb0.15-0.85_act0_trl0_hl0.0|churn0.0,-361.80747612308915,-15.075311505128715,-0.12160630736195752,24,-1.1389105108577584,5.499844007825616,25.304896940338832,12028350.387825694,1.0,4522163.411553675,0.6744186046511628
gu_koenker_npmle|deflated_sharpe|policy_hybrid_displacement|ttr72.0_pb0.15-0.85_act0_trl0_hl0.0|churn0.0,-361.80747612308915,-15.075311505128715,-0.12160630736195752,24,-1.1389105108577584,5.499844007825616,25.304896940338832,12028350.387825694,1.0,4522163.411553675,0.6744186046511628
proxy_clv|none|policy_full_rerank|ttr48.0_pb0.15-0.85_act0_trl0_hl0.0|churn0.0,-368.4493584171551,-15.352056600714796,-0.10507258939811634,24,-1.3845126738014621,5.1542000677013755,29.82438568540045,28566565.28708323,1.0,8304443.94767972,0.6825396825396826
t_stat_baseline|none|policy_hybrid_displacement|ttr72.0_pb0.15-0.85_act0_trl0_hl0.0|churn0.75,-371.5315066348224,-15.4804794431176,-0.07724343878303663,24,0.10856459644860023,3.1225345862086438,40.90884201805914,18021690.31763683,1.0,5639995.3049911745,0.21464019851116625
proxy_clv|none|policy_knockout_backfill|ttr72.0_pb0.15-0.85_act0_trl0_hl0.0|churn0.0,-375.17051581043506,-15.632104825434794,-0.10348147824409715,24,-0.04237415937909601,2.2366905023984542,30.835373535551962,5.393398129769874,0.9988221436984688,-0.11771528708534756,0.38633686690223795
t_stat_baseline|deflated_sharpe|policy_full_rerank|ttr72.0_pb0.3-0.7_act0_trl0_hl0.0|churn0.75,-390.88239115083115,-16.2867662979513,-0.19267908397925818,24,-1.2412052686933268,4.616706922939473,17.254193763550496,144802535.8543166,0.975,45684561.346809946,0.65
gu_koenker_npmle|deflated_sharpe|policy_online_weighting|ttr72.0_pb0.3-0.7_act0_trl0_hl0.0|churn0.75,-390.88239115083115,-16.2867662979513,-0.19267908397925818,24,-1.2412052686933268,4.616706922939473,17.254193763550496,144802535.8543166,0.975,45684561.346809946,0.65
eb_shrinkage_skill|deflated_sharpe|policy_full_rerank|ttr72.0_pb0.3-0.7_act0_trl0_hl0.0|churn0.75,-390.88239115083115,-16.2867662979513,-0.19267908397925818,24,-1.2412052686933268,4.616706922939473,17.254193763550496,144802535.8543166,0.975,45684561.346809946,0.65
eb_shrinkage_skill|deflated_sharpe|policy_online_weighting|ttr72.0_pb0.3-0.7_act0_trl0_hl0.0|churn0.75,-390.88239115083115,-16.2867662979513,-0.19267908397925818,24,-1.2412052686933268,4.616706922939473,17.254193763550496,144802535.8543166,0.975,45684561.346809946,0.65
gu_koenker_npmle|deflated_sharpe|policy_full_rerank|ttr72.0_pb0.3-0.7_act0_trl0_hl0.0|churn0.75,-390.88239115083115,-16.2867662979513,-0.19267908397925818,24,-1.2412052686933268,4.616706922939473,17.254193763550496,144802535.8543166,0.975,45684561.346809946,0.65
proxy_clv|none|policy_knockout_backfill|ttr72.0_pb0.15-0.85_act0_trl0_hl0.0|churn0.75,-393.92051581043506,-16.413354825434794,-0.10884530776028162,24,-0.028490843428181954,2.250978752498001,30.78095044307317,5.393398129769874,0.9988221436984688,-0.11771528708534756,0.38633686690223795
t_stat_baseline|none|policy_knockout_backfill|ttr24.0_pb0.3-0.7_act0_trl20_hl0.0|churn0.0,-396.23274514915556,-16.50969771454815,-0.00595267716444441,24,-2.3187914596102313,9.702440070203064,566.1365199088962,0.7357455611803229,0.9999773903999638,0.1896264103385986,0.17970110108752177
t_stat_baseline|none|policy_full_rerank|ttr48.0_pb0.15-0.85_act0_trl0_hl0.0|churn0.0,-399.88600551895445,-16.6619168966231,-0.1150915436829063,24,-0.8935318254645146,3.1565274094893074,29.551254902090673,29353428.09268582,1.0,8304443.879192165,0.6851851851851852
proxy_clv|none|policy_knockout_backfill|ttr48.0_pb0.15-0.85_act0_trl0_hl0.0|churn0.0,-402.36434520518105,-16.765181050215876,-0.10951752780176181,24,0.002828117488564011,2.438505731291759,31.247767551221504,13.661233165361365,0.9987654320987654,0.015287746502815613,0.36049382716049383
eb_shrinkage_skill|deflated_sharpe|policy_hybrid_displacement|ttr72.0_pb0.15-0.85_act0_trl0_hl0.0|churn0.75,-403.80747612308903,-16.82531150512871,-0.13576787298431744,24,-1.1404543331007844,5.5338368764054815,25.29650243281115,12028350.387825694,1.0,4522163.411553675,0.6744186046511628
gu_koenker_npmle|deflated_sharpe|policy_hybrid_displacement|ttr72.0_pb0.15-0.85_act0_trl0_hl0.0|churn0.75,-403.80747612308903,-16.82531150512871,-0.13576787298431744,24,-1.1404543331007844,5.5338368764054815,25.29650243281115,12028350.387825694,1.0,4522163.411553675,0.6744186046511628
t_stat_baseline|none|policy_knockout_backfill|ttr24.0_pb0.3-0.7_act0_trl20_hl0.0|churn0.75,-414.98274514915556,-17.29094771454815,-0.006234763780972271,24,-2.318419963204427,9.702260348428409,566.1000234289162,0.7357455611803229,0.9999773903999638,0.1896264103385986,0.17970110108752177
t_stat_baseline|none|policy_hybrid_displacement|ttr24.0_pb0.15-0.85_act0_trl0_hl0.0|churn0.0,-418.13861497666755,-17.42244229069448,-0.11586671469915712,24,-0.18673981926828007,2.4633487202315165,30.69338031784668,19116287.15600121,1.0,3843562.6507144305,0.444672131147541
proxy_clv|none|policy_knockout_backfill|ttr48.0_pb0.15-0.85_act0_trl0_hl0.0|churn0.75,-421.11434520518105,-17.546431050215876,-0.11475562358216077,24,0.017700247000536334,2.449940181468912,31.211108686381802,13.661233165361365,0.9987654320987654,0.015287746502815613,0.36049382716049383
t_stat_baseline|deflated_sharpe|policy_hybrid_displacement|ttr24.0_pb0.3-0.7_act0_trl0_hl0.0|churn0.0,-421.7854409557288,-17.574393373155367,-0.1677622729263597,24,-0.639074573912045,4.053818088140737,21.383580245361568,43337972.29552529,0.9927404718693285,21639956.228654247,0.41197822141560797
t_stat_baseline|none|policy_full_rerank|ttr72.0_pb0.15-0.85_act0_trl0_hl0.0|churn0.0,-427.85490849172817,-17.827287853822007,-0.12720066587592546,24,-1.0357619781368341,3.6965628720326253,28.608182747365166,23512468.485539168,1.0,8485139.403718075,0.6909090909090909
t_stat_baseline|deflated_sharpe|policy_hybrid_displacement|ttr24.0_pb0.3-0.7_act0_trl0_hl0.0|churn0.75,-451.0354409557288,-18.793143373155367,-0.1798269534873926,24,-0.671523916026133,4.1013489226231155,21.332365659719766,43337972.29552529,0.9927404718693285,21639956.228654247,0.41197822141560797
gu_koenker_npmle|deflated_sharpe|policy_online_weighting|ttr24.0_pb0.3-0.7_act0_trl0_hl0.0|churn0.0,-458.7978375316302,-19.116576563817926,-0.22461799317308542,24,-0.9798586234591344,4.255442435718655,17.37240545926879,120471527.91982442,0.9736842105263158,51320432.78395295,0.6052631578947368
gu_koenker_npmle|deflated_sharpe|policy_full_rerank|ttr24.0_pb0.3-0.7_act0_trl0_hl0.0|churn0.0,-458.7978375316302,-19.116576563817926,-0.22461799317308542,24,-0.9798586234591344,4.255442435718655,17.37240545926879,120471527.91982442,0.9736842105263158,51320432.78395295,0.6052631578947368
t_stat_baseline|deflated_sharpe|policy_full_rerank|ttr24.0_pb0.3-0.7_act0_trl0_hl0.0|churn0.0,-458.7978375316302,-19.116576563817926,-0.22461799317308542,24,-0.9798586234591344,4.255442435718655,17.37240545926879,120471527.91982442,0.9736842105263158,51320432.78395295,0.6052631578947368
eb_shrinkage_skill|deflated_sharpe|policy_online_weighting|ttr24.0_pb0.3-0.7_act0_trl0_hl0.0|churn0.0,-458.7978375316302,-19.116576563817926,-0.22461799317308542,24,-0.9798586234591344,4.255442435718655,17.37240545926879,120471527.91982442,0.9736842105263158,51320432.78395295,0.6052631578947368
eb_shrinkage_skill|deflated_sharpe|policy_full_rerank|ttr24.0_pb0.3-0.7_act0_trl0_hl0.0|churn0.0,-458.7978375316302,-19.116576563817926,-0.22461799317308542,24,-0.9798586234591344,4.255442435718655,17.37240545926879,120471527.91982442,0.9736842105263158,51320432.78395295,0.6052631578947368
eb_shrinkage_skill|none|policy_online_weighting|ttr24.0_pb0.3-0.7_act0_trl0_hl0.0|churn0.0,-460.8575996194228,-19.202399984142616,-0.061553381803712136,24,-0.5423218673806975,5.823472961259204,63.67925479162513,17575959.49331242,1.0,-29401.042774040132,0.7647058823529411
gu_koenker_npmle|deflated_sharpe|policy_knockout_backfill|ttr24.0_pb0.15-0.85_act0_trl0_hl0.0|churn0.0,-466.6605777325113,-19.444190738854637,-0.22305421906815023,24,0.47999862078318944,3.1603646258434113,17.794009146640153,10.569135535711089,1.0,-16024.686465064251,0.43686006825938567
eb_shrinkage_skill|deflated_sharpe|policy_knockout_backfill|ttr24.0_pb0.15-0.85_act0_trl0_hl0.0|churn0.0,-466.6605777325113,-19.444190738854637,-0.22305421906815023,24,0.47999862078318944,3.1603646258434113,17.794009146640153,10.569135535711089,1.0,-16024.686465064251,0.43686006825938567
proxy_clv|none|policy_full_rerank|ttr48.0_pb0.15-0.85_act0_trl0_hl0.0|churn0.75,-467.4493584171551,-19.477056600714796,-0.1337575148011656,24,-1.3699253860977334,5.143166737759328,29.72347038717717,28566565.28708323,1.0,8304443.94767972,0.6825396825396826
eb_shrinkage_skill|deflated_sharpe|policy_hybrid_displacement|ttr48.0_pb0.15-0.85_act0_trl0_hl0.0|churn0.0,-468.2748898865169,-19.511453745271538,-0.16345359933010503,24,-0.9684520123376136,4.897761625744823,24.36629621072146,12028350.350429516,1.0,4522163.481124384,0.6642685851318945
gu_koenker_npmle|deflated_sharpe|policy_hybrid_displacement|ttr48.0_pb0.15-0.85_act0_trl0_hl0.0|churn0.0,-468.2748898865169,-19.511453745271538,-0.16345359933010503,24,-0.9684520123376136,4.897761625744823,24.36629621072146,12028350.350429516,1.0,4522163.481124384,0.6642685851318945
gu_koenker_npmle|deflated_sharpe|policy_knockout_backfill|ttr24.0_pb0.15-0.85_act0_trl0_hl0.0|churn0.75,-485.4105777325113,-20.225440738854637,-0.23261812648544508,24,0.50081932434571,3.2043582121525964,17.747975470072014,10.569135535711089,1.0,-16024.686465064251,0.43686006825938567
eb_shrinkage_skill|deflated_sharpe|policy_knockout_backfill|ttr24.0_pb0.15-0.85_act0_trl0_hl0.0|churn0.75,-485.4105777325113,-20.225440738854637,-0.23261812648544508,24,0.50081932434571,3.2043582121525964,17.747975470072014,10.569135535711089,1.0,-16024.686465064251,0.43686006825938567
t_stat_baseline|none|policy_hybrid_displacement|ttr24.0_pb0.15-0.85_act0_trl0_hl0.0|churn0.75,-487.13861497666755,-20.29744229069448,-0.13504113713151636,24,-0.1718453141433083,2.4743568774146483,30.68100688420163,19116287.15600121,1.0,3843562.6507144305,0.444672131147541
gu_koenker_npmle|deflated_sharpe|policy_full_rerank|ttr48.0_pb0.3-0.7_act0_trl0_hl0.0|churn0.0,-491.8127083247368,-20.492196180197364,-0.2384584302409878,24,-1.0017126798707736,4.000642187535414,17.541640381430497,126559075.36333817,0.975,51395131.59551832,0.625
gu_koenker_npmle|deflated_sharpe|policy_online_weighting|ttr48.0_pb0.3-0.7_act0_trl0_hl0.0|churn0.0,-491.8127083247368,-20.492196180197364,-0.2384584302409878,24,-1.0017126798707736,4.000642187535414,17.541640381430497,126559075.36333817,0.975,51395131.59551832,0.625
t_stat_baseline|deflated_sharpe|policy_full_rerank|ttr48.0_pb0.3-0.7_act0_trl0_hl0.0|churn0.0,-491.8127083247368,-20.492196180197364,-0.2384584302409878,24,-1.0017126798707736,4.000642187535414,17.541640381430497,126559075.36333817,0.975,51395131.59551832,0.625
eb_shrinkage_skill|deflated_sharpe|policy_online_weighting|ttr48.0_pb0.3-0.7_act0_trl0_hl0.0|churn0.0,-491.8127083247368,-20.492196180197364,-0.2384584302409878,24,-1.0017126798707736,4.000642187535414,17.541640381430497,126559075.36333817,0.975,51395131.59551832,0.625
eb_shrinkage_skill|deflated_sharpe|policy_full_rerank|ttr48.0_pb0.3-0.7_act0_trl0_hl0.0|churn0.0,-491.8127083247368,-20.492196180197364,-0.2384584302409878,24,-1.0017126798707736,4.000642187535414,17.541640381430497,126559075.36333817,0.975,51395131.59551832,0.625
eb_shrinkage_skill|deflated_sharpe|policy_knockout_backfill|ttr24.0_pb0.3-0.7_act0_trl0_hl0.0|churn0.0,-502.5491529226195,-20.939548038442478,-0.19256315081988057,24,0.24515627628931905,2.4178561347945435,22.1967044405505,10.570085266145277,0.9905660377358491,-14422.547327791477,0.5070754716981132
gu_koenker_npmle|deflated_sharpe|policy_knockout_backfill|ttr24.0_pb0.3-0.7_act0_trl0_hl0.0|churn0.0,-502.5491529226195,-20.939548038442478,-0.19256315081988057,24,0.24515627628931905,2.4178561347945435,22.1967044405505,10.570085266145277,0.9905660377358491,-14422.547327791477,0.5070754716981132
t_stat_baseline|deflated_sharpe|policy_knockout_backfill|ttr24.0_pb0.3-0.7_act0_trl0_hl0.0|churn0.0,-502.5491529226195,-20.939548038442478,-0.19256315081988057,24,0.24515627628931905,2.4178561347945435,22.1967044405505,10.570085266145277,0.9905660377358491,-14422.547327791477,0.5070754716981132
t_stat_baseline|none|policy_full_rerank|ttr48.0_pb0.15-0.85_act0_trl0_hl0.0|churn0.75,-504.88600551895445,-21.0369168966231,-0.1461467396764776,24,-0.8850905639866591,3.1555716573161567,29.382404898968222,29353428.09268582,1.0,8304443.879192165,0.6851851851851852
eb_shrinkage_skill|deflated_sharpe|policy_hybrid_displacement|ttr48.0_pb0.15-0.85_act0_trl0_hl0.0|churn0.75,-512.5248898865169,-21.355203745271538,-0.1790844347552251,24,-0.973049837311021,4.935870694658104,24.341103216007504,12028350.350429516,1.0,4522163.481124384,0.6642685851318945
gu_koenker_npmle|deflated_sharpe|policy_hybrid_displacement|ttr48.0_pb0.15-0.85_act0_trl0_hl0.0|churn0.75,-512.5248898865169,-21.355203745271538,-0.1790844347552251,24,-0.973049837311021,4.935870694658104,24.341103216007504,12028350.350429516,1.0,4522163.481124384,0.6642685851318945
t_stat_baseline|deflated_sharpe|policy_full_rerank|ttr24.0_pb0.3-0.7_act0_trl0_hl0.0|churn0.75,-518.0478375316302,-21.585326563817926,-0.25537625814864795,24,-1.0487451276326736,4.3031043130280136,17.25331229431191,120471527.91982442,0.9736842105263158,51320432.78395295,0.6052631578947368
gu_koenker_npmle|deflated_sharpe|policy_online_weighting|ttr24.0_pb0.3-0.7_act0_trl0_hl0.0|churn0.75,-518.0478375316302,-21.585326563817926,-0.25537625814864795,24,-1.0487451276326736,4.3031043130280136,17.25331229431191,120471527.91982442,0.9736842105263158,51320432.78395295,0.6052631578947368
eb_shrinkage_skill|deflated_sharpe|policy_full_rerank|ttr24.0_pb0.3-0.7_act0_trl0_hl0.0|churn0.75,-518.0478375316302,-21.585326563817926,-0.25537625814864795,24,-1.0487451276326736,4.3031043130280136,17.25331229431191,120471527.91982442,0.9736842105263158,51320432.78395295,0.6052631578947368
eb_shrinkage_skill|deflated_sharpe|policy_online_weighting|ttr24.0_pb0.3-0.7_act0_trl0_hl0.0|churn0.75,-518.0478375316302,-21.585326563817926,-0.25537625814864795,24,-1.0487451276326736,4.3031043130280136,17.25331229431191,120471527.91982442,0.9736842105263158,51320432.78395295,0.6052631578947368
gu_koenker_npmle|deflated_sharpe|policy_full_rerank|ttr24.0_pb0.3-0.7_act0_trl0_hl0.0|churn0.75,-518.0478375316302,-21.585326563817926,-0.25537625814864795,24,-1.0487451276326736,4.3031043130280136,17.25331229431191,120471527.91982442,0.9736842105263158,51320432.78395295,0.6052631578947368
proxy_clv|none|policy_hybrid_displacement|ttr48.0_pb0.15-0.85_act0_trl0_hl0.0|churn0.0,-519.1215922586688,-21.6300663441112,-0.09410369826143362,24,0.2506711462299843,2.5608294126363456,46.9186534150396,26397979.42465661,1.0,6228333.662022946,0.2850467289719626
gu_koenker_npmle|deflated_sharpe|policy_knockout_backfill|ttr24.0_pb0.3-0.7_act0_trl0_hl0.0|churn0.75,-521.2991529226194,-21.720798038442478,-0.20044108018135,24,0.2412411405807742,2.427947496192585,22.119913389715517,10.570085266145277,0.9905660377358491,-14422.547327791477,0.5070754716981132
t_stat_baseline|deflated_sharpe|policy_knockout_backfill|ttr24.0_pb0.3-0.7_act0_trl0_hl0.0|churn0.75,-521.2991529226194,-21.720798038442478,-0.20044108018135,24,0.2412411405807742,2.427947496192585,22.119913389715517,10.570085266145277,0.9905660377358491,-14422.547327791477,0.5070754716981132
eb_shrinkage_skill|deflated_sharpe|policy_knockout_backfill|ttr24.0_pb0.3-0.7_act0_trl0_hl0.0|churn0.75,-521.2991529226194,-21.720798038442478,-0.20044108018135,24,0.2412411405807742,2.427947496192585,22.119913389715517,10.570085266145277,0.9905660377358491,-14422.547327791477,0.5070754716981132
t_stat_baseline|none|policy_full_rerank|ttr72.0_pb0.15-0.85_act0_trl0_hl0.0|churn0.75,-526.1049084917283,-21.921037853822014,-0.1571685784784351,24,-1.0327259856814237,3.7078796619223144,28.470150699506323,23512468.485539168,1.0,8485139.403718075,0.6909090909090909
eb_shrinkage_skill|deflated_sharpe|policy_online_weighting|ttr48.0_pb0.3-0.7_act0_trl0_hl0.0|churn0.75,-552.5627083247368,-23.023446180197368,-0.26848941000099197,24,-1.0545563738856478,4.047940087770373,17.504009829694226,126559075.36333817,0.975,51395131.59551832,0.625
eb_shrinkage_skill|deflated_sharpe|policy_full_rerank|ttr48.0_pb0.3-0.7_act0_trl0_hl0.0|churn0.75,-552.5627083247368,-23.023446180197368,-0.26848941000099197,24,-1.0545563738856478,4.047940087770373,17.504009829694226,126559075.36333817,0.975,51395131.59551832,0.625
gu_koenker_npmle|deflated_sharpe|policy_full_rerank|ttr48.0_pb0.3-0.7_act0_trl0_hl0.0|churn0.75,-553.3127083247368,-23.054696180197368,-0.26885048290382646,24,-1.053401443960472,4.046168958384992,17.504228002625936,126559075.36333817,0.975,51395131.59551832,0.625
gu_koenker_npmle|deflated_sharpe|policy_online_weighting|ttr48.0_pb0.3-0.7_act0_trl0_hl0.0|churn0.75,-553.3127083247368,-23.054696180197368,-0.26885048290382646,24,-1.053401443960472,4.046168958384992,17.504228002625936,126559075.36333817,0.975,51395131.59551832,0.625
t_stat_baseline|deflated_sharpe|policy_full_rerank|ttr48.0_pb0.3-0.7_act0_trl0_hl0.0|churn0.75,-553.3127083247368,-23.054696180197368,-0.26885048290382646,24,-1.053401443960472,4.046168958384992,17.504228002625936,126559075.36333817,0.975,51395131.59551832,0.625
t_stat_baseline|none|policy_full_rerank|ttr24.0_pb0.15-0.85_act0_trl0_hl0.0|churn0.0,-563.93638440733,-23.497349350305416,-0.16522095495816322,24,-1.22189818856257,3.872480545108219,29.03007280500043,28064370.69277708,1.0,8264669.895970627,0.6730769230769231
eb_shrinkage_skill|none|policy_online_weighting|ttr24.0_pb0.3-0.7_act0_trl0_hl0.0|churn0.75,-571.1075996194228,-23.796149984142616,-0.07601340218991381,24,-0.5548763850087386,5.803121634268251,63.90147836283106,17575959.49331242,1.0,-29401.042774040132,0.7647058823529411
proxy_clv|none|policy_hybrid_displacement|ttr48.0_pb0.15-0.85_act0_trl0_hl0.0|churn0.75,-588.1215922586688,-24.5050663441112,-0.10660544205396576,24,0.26364649233598425,2.5716222058202933,46.921391863009426,26397979.42465661,1.0,6228333.662022946,0.2850467289719626
t_stat_baseline|none|policy_hybrid_displacement|ttr48.0_pb0.15-0.85_act0_trl0_hl0.0|churn0.0,-592.1672329354018,-24.673634705641742,-0.10556399306664095,24,0.30520769400359465,2.450376454271531,47.710250888999475,19208447.47999438,1.0,-169394.28837985688,0.29818181818181816
proxy_clv|deflated_sharpe|policy_hybrid_displacement|ttr48.0_pb0.3-0.7_act0_trl0_hl0.0|churn0.0,-627.63694796339,-26.15153949847458,-0.16040095898588763,24,0.24176818458898922,3.5593039841793894,33.28010431094044,74122433.22284319,1.0,24185898.642560463,0.1988555078683834
proxy_clv|deflated_sharpe|policy_hybrid_displacement|ttr24.0_pb0.3-0.7_act0_trl0_hl0.0|churn0.0,-641.1568993365737,-26.71487080569057,-0.1546998201039878,24,0.059539410381255764,3.3779965273689143,35.24988047515189,71116089.39550076,1.0,25697496.61342365,0.18668596237337193
t_stat_baseline|none|policy_hybrid_displacement|ttr48.0_pb0.15-0.85_act0_trl0_hl0.0|churn0.75,-656.6672329354017,-27.361134705641735,-0.11704004497640032,24,0.32089541319930737,2.4714823022044285,47.71929330248477,19208447.47999438,1.0,-169394.28837985688,0.29818181818181816
t_stat_baseline|none|policy_full_rerank|ttr24.0_pb0.15-0.85_act0_trl0_hl0.0|churn0.75,-661.43638440733,-27.559849350305416,-0.1948271793203884,24,-1.2180067554808744,3.866248793816178,28.87497889655677,28064370.69277708,1.0,8264669.895970627,0.6730769230769231
gu_koenker_npmle|deflated_sharpe|policy_online_weighting|ttr48.0_pb0.15-0.85_act0_trl0_hl0.0|churn0.0,-668.9266399181575,-27.87194332992323,-0.21722221971678787,24,-0.8888618140233296,3.5852072401149098,26.191319725906098,44969292.278550535,1.0,15570832.273272788,0.6
eb_shrinkage_skill|deflated_sharpe|policy_online_weighting|ttr48.0_pb0.15-0.85_act0_trl0_hl0.0|churn0.0,-668.9266399181575,-27.87194332992323,-0.21722221971678787,24,-0.8888618140233296,3.5852072401149098,26.191319725906098,44969292.278550535,1.0,15570832.273272788,0.6
eb_shrinkage_skill|deflated_sharpe|policy_full_rerank|ttr48.0_pb0.15-0.85_act0_trl0_hl0.0|churn0.0,-668.9266399181575,-27.87194332992323,-0.21722221971678787,24,-0.8888618140233296,3.5852072401149098,26.191319725906098,44969292.278550535,1.0,15570832.273272788,0.6
t_stat_baseline|deflated_sharpe|policy_full_rerank|ttr48.0_pb0.15-0.85_act0_trl0_hl0.0|churn0.0,-668.9266399181575,-27.87194332992323,-0.21722221971678787,24,-0.8888618140233296,3.5852072401149098,26.191319725906098,44969292.278550535,1.0,15570832.273272788,0.6
gu_koenker_npmle|deflated_sharpe|policy_full_rerank|ttr48.0_pb0.15-0.85_act0_trl0_hl0.0|churn0.0,-668.9266399181575,-27.87194332992323,-0.21722221971678787,24,-0.8888618140233296,3.5852072401149098,26.191319725906098,44969292.278550535,1.0,15570832.273272788,0.6
gu_koenker_npmle|deflated_sharpe|policy_online_weighting|ttr72.0_pb0.15-0.85_act0_trl0_hl0.0|churn0.0,-697.0637857786055,-29.044324407441895,-0.20868825557074902,24,-1.2892773439403962,4.9881382969577315,28.40911136706534,42338934.25580532,1.0,18182427.07350718,0.5806451612903226
t_stat_baseline|deflated_sharpe|policy_full_rerank|ttr72.0_pb0.15-0.85_act0_trl0_hl0.0|churn0.0,-697.0637857786055,-29.044324407441895,-0.20868825557074902,24,-1.2892773439403962,4.9881382969577315,28.40911136706534,42338934.25580532,1.0,18182427.07350718,0.5806451612903226
eb_shrinkage_skill|deflated_sharpe|policy_full_rerank|ttr72.0_pb0.15-0.85_act0_trl0_hl0.0|churn0.0,-697.0637857786055,-29.044324407441895,-0.20868825557074902,24,-1.2892773439403962,4.9881382969577315,28.40911136706534,42338934.25580532,1.0,18182427.07350718,0.5806451612903226
gu_koenker_npmle|deflated_sharpe|policy_full_rerank|ttr72.0_pb0.15-0.85_act0_trl0_hl0.0|churn0.0,-697.0637857786055,-29.044324407441895,-0.20868825557074902,24,-1.2892773439403962,4.9881382969577315,28.40911136706534,42338934.25580532,1.0,18182427.07350718,0.5806451612903226
eb_shrinkage_skill|deflated_sharpe|policy_online_weighting|ttr72.0_pb0.15-0.85_act0_trl0_hl0.0|churn0.0,-697.0637857786055,-29.044324407441895,-0.20868825557074902,24,-1.2892773439403962,4.9881382969577315,28.40911136706534,42338934.25580532,1.0,18182427.07350718,0.5806451612903226
proxy_clv|deflated_sharpe|policy_hybrid_displacement|ttr48.0_pb0.3-0.7_act0_trl0_hl0.0|churn0.75,-699.63694796339,-29.15153949847458,-0.1789636226909282,24,0.25258806356694447,3.5671625849070288,33.24995880641978,74122433.22284319,1.0,24185898.642560463,0.1988555078683834
proxy_clv|none|policy_full_rerank|ttr24.0_pb0.15-0.85_act0_trl0_hl0.0|churn0.0,-712.4054250615275,-29.683559377563643,-0.20414326779389055,24,-1.520583207349438,5.39253214882539,29.680778851369976,27329048.998047147,1.0,7748127.302305162,0.7096774193548387
proxy_clv|deflated_sharpe|policy_hybrid_displacement|ttr24.0_pb0.3-0.7_act0_trl0_hl0.0|churn0.75,-713.9068993365737,-29.74612080569057,-0.1723164030455944,24,0.06502406405749293,3.383614967149935,35.236932619936105,71116089.39550076,1.0,25697496.61342365,0.18668596237337193
eb_shrinkage_skill|deflated_sharpe|policy_full_rerank|ttr48.0_pb0.15-0.85_act0_trl0_hl0.0|churn0.75,-728.1766399181575,-30.34069332992323,-0.23732683905266358,24,-0.8896216319796715,3.5947599441847995,26.095944801002638,44969292.278550535,1.0,15570832.273272788,0.6
eb_shrinkage_skill|deflated_sharpe|policy_online_weighting|ttr48.0_pb0.15-0.85_act0_trl0_hl0.0|churn0.75,-728.1766399181575,-30.34069332992323,-0.23732683905266358,24,-0.8896216319796715,3.5947599441847995,26.095944801002638,44969292.278550535,1.0,15570832.273272788,0.6
gu_koenker_npmle|deflated_sharpe|policy_full_rerank|ttr48.0_pb0.15-0.85_act0_trl0_hl0.0|churn0.75,-728.1766399181575,-30.34069332992323,-0.23732683905266358,24,-0.8896216319796715,3.5947599441847995,26.095944801002638,44969292.278550535,1.0,15570832.273272788,0.6
gu_koenker_npmle|deflated_sharpe|policy_online_weighting|ttr48.0_pb0.15-0.85_act0_trl0_hl0.0|churn0.75,-728.1766399181575,-30.34069332992323,-0.23732683905266358,24,-0.8896216319796715,3.5947599441847995,26.095944801002638,44969292.278550535,1.0,15570832.273272788,0.6
t_stat_baseline|deflated_sharpe|policy_full_rerank|ttr48.0_pb0.15-0.85_act0_trl0_hl0.0|churn0.75,-728.1766399181575,-30.34069332992323,-0.23732683905266358,24,-0.8896216319796715,3.5947599441847995,26.095944801002638,44969292.278550535,1.0,15570832.273272788,0.6
t_stat_baseline|deflated_sharpe|policy_hybrid_displacement|ttr24.0_pb0.15-0.85_act0_trl20_hl0.0|churn0.0,-737.7890505683602,-30.74121044034834,-0.05292363348041872,24,-1.2075286577818105,5.0565504583160035,118.56750740390373,1.2075319607878954,0.9954011860099238,1.652751078284746,0.2414377344790028
gu_koenker_npmle|deflated_sharpe|policy_online_weighting|ttr72.0_pb0.15-0.85_act0_trl0_hl0.0|churn0.75,-756.3137857786055,-31.513074407441895,-0.22719828104999426,24,-1.295386109443409,5.0247668073774205,28.312623437647687,42338934.25580532,1.0,18182427.07350718,0.5806451612903226
eb_shrinkage_skill|deflated_sharpe|policy_full_rerank|ttr72.0_pb0.15-0.85_act0_trl0_hl0.0|churn0.75,-756.3137857786055,-31.513074407441895,-0.22719828104999426,24,-1.295386109443409,5.0247668073774205,28.312623437647687,42338934.25580532,1.0,18182427.07350718,0.5806451612903226
t_stat_baseline|deflated_sharpe|policy_full_rerank|ttr72.0_pb0.15-0.85_act0_trl0_hl0.0|churn0.75,-756.3137857786055,-31.513074407441895,-0.22719828104999426,24,-1.295386109443409,5.0247668073774205,28.312623437647687,42338934.25580532,1.0,18182427.07350718,0.5806451612903226
eb_shrinkage_skill|deflated_sharpe|policy_online_weighting|ttr72.0_pb0.15-0.85_act0_trl0_hl0.0|churn0.75,-756.3137857786055,-31.513074407441895,-0.22719828104999426,24,-1.295386109443409,5.0247668073774205,28.312623437647687,42338934.25580532,1.0,18182427.07350718,0.5806451612903226
gu_koenker_npmle|deflated_sharpe|policy_full_rerank|ttr72.0_pb0.15-0.85_act0_trl0_hl0.0|churn0.75,-756.3137857786055,-31.513074407441895,-0.22719828104999426,24,-1.295386109443409,5.0247668073774205,28.312623437647687,42338934.25580532,1.0,18182427.07350718,0.5806451612903226
proxy_clv|none|policy_hybrid_displacement|ttr24.0_pb0.15-0.85_act0_trl0_hl0.0|churn0.0,-763.007458008948,-31.7919774170395,-0.21216550293807138,24,-0.0748266798435092,2.381083745817552,30.58701874536253,26139717.617183577,1.0,6524739.080203149,0.48337028824833705
t_stat_baseline|deflated_sharpe|policy_hybrid_displacement|ttr24.0_pb0.15-0.85_act0_trl20_hl0.0|churn0.75,-764.7890505683602,-31.86621044034834,-0.054859212703092936,24,-1.2106977225828839,5.0720190283300965,118.5701115165699,1.2075319607878954,0.9954011860099238,1.652751078284746,0.2414377344790028
t_stat_baseline|deflated_sharpe|policy_knockout_backfill|ttr48.0_pb0.3-0.7_act0_trl0_hl0.0|churn0.0,-806.9214269005561,-33.6217261208565,-0.27923511165357506,24,0.3378780283351296,2.31767098339249,24.577876560725386,11.360775954514171,0.9887323943661972,-0.20211998089977729,0.5154929577464789
gu_koenker_npmle|deflated_sharpe|policy_knockout_backfill|ttr48.0_pb0.3-0.7_act0_trl0_hl0.0|churn0.0,-806.9214269005561,-33.6217261208565,-0.27923511165357506,24,0.3378780283351296,2.31767098339249,24.577876560725386,11.360775954514171,0.9887323943661972,-0.20211998089977729,0.5154929577464789
eb_shrinkage_skill|deflated_sharpe|policy_knockout_backfill|ttr48.0_pb0.3-0.7_act0_trl0_hl0.0|churn0.0,-806.9214269005561,-33.6217261208565,-0.27923511165357506,24,0.3378780283351296,2.31767098339249,24.577876560725386,11.360775954514171,0.9887323943661972,-0.20211998089977729,0.5154929577464789
proxy_clv|none|policy_full_rerank|ttr24.0_pb0.15-0.85_act0_trl0_hl0.0|churn0.75,-809.1554250615275,-33.71480937756365,-0.23282300131788533,24,-1.5206882327567737,5.421764090504423,29.558963705894023,27329048.998047147,1.0,7748127.302305162,0.7096774193548387
t_stat_baseline|deflated_sharpe|policy_knockout_backfill|ttr48.0_pb0.3-0.7_act0_trl0_hl0.0|churn0.75,-825.671426900556,-34.4029761208565,-0.28635313209929264,24,0.3413150439936643,2.3351488476911584,24.52383894885895,11.360775954514171,0.9887323943661972,-0.20211998089977729,0.5154929577464789
eb_shrinkage_skill|deflated_sharpe|policy_knockout_backfill|ttr48.0_pb0.3-0.7_act0_trl0_hl0.0|churn0.75,-825.671426900556,-34.4029761208565,-0.2862483269326582,24,0.34100507446968814,2.33243047845639,24.53281795340054,11.360775954514171,0.9887323943661972,-0.20211998089977729,0.5154929577464789
gu_koenker_npmle|deflated_sharpe|policy_knockout_backfill|ttr48.0_pb0.3-0.7_act0_trl0_hl0.0|churn0.75,-825.671426900556,-34.4029761208565,-0.28635313209929264,24,0.3413150439936643,2.3351488476911584,24.52383894885895,11.360775954514171,0.9887323943661972,-0.20211998089977729,0.5154929577464789
proxy_clv|deflated_sharpe|policy_hybrid_displacement|ttr72.0_pb0.3-0.7_act0_trl0_hl0.0|churn0.0,-832.2846628343684,-34.678527618098684,-0.2734566441249105,24,-1.2030566770116624,3.734429739327048,25.886095511041518,86737122.90040584,1.0,25697565.64624593,0.1734475374732334
proxy_clv|none|policy_hybrid_displacement|ttr24.0_pb0.15-0.85_act0_trl0_hl0.0|churn0.75,-838.757458008948,-34.9482274170395,-0.23345473975209152,24,-0.05858587617439084,2.3945895105295993,30.55743077416114,26139717.617183577,1.0,6524739.080203149,0.48337028824833705
proxy_clv|none|policy_hybrid_displacement|ttr24.0_pb0.3-0.7_act0_trl20_hl0.0|churn0.0,-852.0086546258356,-35.50036060940982,-0.028900901233134706,24,0.48940914709745736,3.192404206849027,250.73545999019106,2.152641660668517,0.9998558246828143,209317.34641992397,0.5069204152249135
proxy_clv|none|policy_hybrid_displacement|ttr24.0_pb0.3-0.7_act0_trl20_hl0.0|churn0.75,-880.5086546258356,-36.68786060940982,-0.029863044562979037,24,0.48821519580122613,3.1874842864990236,250.77410213451338,2.152641660668517,0.9998558246828143,209317.34641992397,0.5069204152249135
t_stat_baseline|deflated_sharpe|policy_hybrid_displacement|ttr48.0_pb0.3-0.7_act0_trl0_hl0.0|churn0.0,-890.7750240937127,-37.115626003904694,-0.31469679815358736,24,-0.12019891189300194,3.1179183082531576,24.07458695877021,52618256.42933344,0.9910112359550561,22842175.884994064,0.4404494382022472
proxy_clv|deflated_sharpe|policy_hybrid_displacement|ttr72.0_pb0.3-0.7_act0_trl0_hl0.0|churn0.75,-911.0346628343684,-37.959777618098684,-0.2998112114587512,24,-1.1921348806091088,3.735380856811543,25.84462109267938,86737122.90040584,1.0,25697565.64624593,0.1734475374732334
t_stat_baseline|deflated_sharpe|policy_hybrid_displacement|ttr48.0_pb0.3-0.7_act0_trl0_hl0.0|churn0.75,-920.7750240937127,-38.365626003904694,-0.32562148204065333,24,-0.12843734155448328,3.144492644743842,24.050472853499507,52618256.42933344,0.9910112359550561,22842175.884994064,0.4404494382022472
gu_koenker_npmle|deflated_sharpe|policy_online_weighting|ttr24.0_pb0.15-0.85_act0_trl0_hl0.0|churn0.0,-979.3673517334287,-40.80697298889286,-0.30466573435089755,24,-1.6343440228101662,6.050031518558376,27.340417847143215,42496538.71868042,1.0,15496254.07154838,0.5757575757575758
gu_koenker_npmle|deflated_sharpe|policy_full_rerank|ttr24.0_pb0.15-0.85_act0_trl0_hl0.0|churn0.0,-979.3673517334287,-40.80697298889286,-0.30466573435089755,24,-1.6343440228101662,6.050031518558376,27.340417847143215,42496538.71868042,1.0,15496254.07154838,0.5757575757575758
t_stat_baseline|deflated_sharpe|policy_full_rerank|ttr24.0_pb0.15-0.85_act0_trl0_hl0.0|churn0.0,-979.3673517334287,-40.80697298889286,-0.30466573435089755,24,-1.6343440228101662,6.050031518558376,27.340417847143215,42496538.71868042,1.0,15496254.07154838,0.5757575757575758
eb_shrinkage_skill|deflated_sharpe|policy_full_rerank|ttr24.0_pb0.15-0.85_act0_trl0_hl0.0|churn0.0,-979.3673517334287,-40.80697298889286,-0.30466573435089755,24,-1.6343440228101662,6.050031518558376,27.340417847143215,42496538.71868042,1.0,15496254.07154838,0.5757575757575758
eb_shrinkage_skill|deflated_sharpe|policy_online_weighting|ttr24.0_pb0.15-0.85_act0_trl0_hl0.0|churn0.0,-979.3673517334287,-40.80697298889286,-0.30466573435089755,24,-1.6343440228101662,6.050031518558376,27.340417847143215,42496538.71868042,1.0,15496254.07154838,0.5757575757575758
t_stat_baseline|deflated_sharpe|policy_full_rerank|ttr24.0_pb0.15-0.85_act0_trl0_hl0.0|churn0.75,-1033.3673517334287,-43.05697298889286,-0.3222100441525034,24,-1.649915209770977,6.083144739551448,27.27713790161135,42496538.71868042,1.0,15496254.07154838,0.5757575757575758
eb_shrinkage_skill|deflated_sharpe|policy_full_rerank|ttr24.0_pb0.15-0.85_act0_trl0_hl0.0|churn0.75,-1033.3673517334287,-43.05697298889286,-0.3222100441525034,24,-1.649915209770977,6.083144739551448,27.27713790161135,42496538.71868042,1.0,15496254.07154838,0.5757575757575758
eb_shrinkage_skill|deflated_sharpe|policy_online_weighting|ttr24.0_pb0.15-0.85_act0_trl0_hl0.0|churn0.75,-1033.3673517334287,-43.05697298889286,-0.3222100441525034,24,-1.649915209770977,6.083144739551448,27.27713790161135,42496538.71868042,1.0,15496254.07154838,0.5757575757575758
gu_koenker_npmle|deflated_sharpe|policy_full_rerank|ttr24.0_pb0.15-0.85_act0_trl0_hl0.0|churn0.75,-1033.3673517334287,-43.05697298889286,-0.3222100441525034,24,-1.649915209770977,6.083144739551448,27.27713790161135,42496538.71868042,1.0,15496254.07154838,0.5757575757575758
gu_koenker_npmle|deflated_sharpe|policy_online_weighting|ttr24.0_pb0.15-0.85_act0_trl0_hl0.0|churn0.75,-1033.3673517334287,-43.05697298889286,-0.3222100441525034,24,-1.649915209770977,6.083144739551448,27.27713790161135,42496538.71868042,1.0,15496254.07154838,0.5757575757575758
t_stat_baseline|deflated_sharpe|policy_hybrid_displacement|ttr72.0_pb0.3-0.7_act0_trl0_hl0.0|churn0.0,-1079.7568817332028,-44.98987007221678,-0.35207227897848253,24,-0.8980011351362747,3.12173851876031,26.08418589282962,54740135.12026358,1.0,21639956.273446627,0.3377862595419847
t_stat_baseline|deflated_sharpe|policy_hybrid_displacement|ttr72.0_pb0.3-0.7_act0_trl0_hl0.0|churn0.75,-1110.5068817332028,-46.27112007221678,-0.36321470459469024,24,-0.9103382009606359,3.1375965508124555,26.00404860867353,54740135.12026358,1.0,21639956.273446627,0.3377862595419847
gu_koenker_npmle|deflated_sharpe|policy_hybrid_displacement|ttr24.0_pb0.15-0.85_act0_trl20_hl0.0|churn0.0,-1156.660601259709,-48.19419171915454,-0.08826469552353085,24,-1.4443673450785328,5.972169821188529,111.45564068924485,1.2819764299362972,0.9955952526612015,1.7513995188249158,0.244830539581549
t_stat_baseline|deflated_sharpe|policy_knockout_backfill|ttr72.0_pb0.3-0.7_act0_trl0_hl0.0|churn0.0,-1175.1454455333326,-48.964393563888855,-0.36120242331910973,24,-0.5089945315912339,2.638837558317269,27.670952180181338,10.523678278179071,1.0,-0.4639910065438994,0.4020618556701031
eb_shrinkage_skill|deflated_sharpe|policy_knockout_backfill|ttr72.0_pb0.3-0.7_act0_trl0_hl0.0|churn0.0,-1175.1454455333326,-48.964393563888855,-0.36120242331910973,24,-0.5089945315912339,2.638837558317269,27.670952180181338,10.523678278179071,1.0,-0.4639910065438994,0.4020618556701031
gu_koenker_npmle|deflated_sharpe|policy_knockout_backfill|ttr72.0_pb0.3-0.7_act0_trl0_hl0.0|churn0.0,-1175.1454455333326,-48.964393563888855,-0.36120242331910973,24,-0.5089945315912339,2.638837558317269,27.670952180181338,10.523678278179071,1.0,-0.4639910065438994,0.4020618556701031
gu_koenker_npmle|deflated_sharpe|policy_hybrid_displacement|ttr24.0_pb0.15-0.85_act0_trl20_hl0.0|churn0.75,-1182.160601259709,-49.25669171915454,-0.09018702777935023,24,-1.4469696418904041,5.9886024461322895,111.48477050074506,1.2819764299362972,0.9955952526612015,1.7513995188249158,0.244830539581549
t_stat_baseline|deflated_sharpe|policy_knockout_backfill|ttr72.0_pb0.3-0.7_act0_trl0_hl0.0|churn0.75,-1193.8954455333326,-49.745643563888855,-0.3682591621627851,24,-0.5120904942935925,2.6534097117382283,27.573752440686192,10.523678278179071,1.0,-0.4639910065438994,0.4020618556701031
eb_shrinkage_skill|deflated_sharpe|policy_knockout_backfill|ttr72.0_pb0.3-0.7_act0_trl0_hl0.0|churn0.75,-1193.8954455333326,-49.745643563888855,-0.3682591621627851,24,-0.5120904942935925,2.6534097117382283,27.573752440686192,10.523678278179071,1.0,-0.4639910065438994,0.4020618556701031
gu_koenker_npmle|deflated_sharpe|policy_knockout_backfill|ttr72.0_pb0.3-0.7_act0_trl0_hl0.0|churn0.75,-1193.8954455333326,-49.745643563888855,-0.3682591621627851,24,-0.5120904942935925,2.6534097117382283,27.573752440686192,10.523678278179071,1.0,-0.4639910065438994,0.4020618556701031
proxy_clv|none|policy_hybrid_displacement|ttr72.0_pb0.3-0.7_act0_trl0_hl0.0|churn0.0,-1228.422693400683,-51.18427889169513,-0.1442880685512741,24,-0.2362176193270206,4.202697337237071,72.41033359849355,85788620.64573207,1.0,24185899.168879606,0.09878419452887538
proxy_clv|deflated_sharpe|policy_knockout_backfill|ttr72.0_pb0.15-0.85_act0_trl20_hl0.0|churn0.0,-1300.9432513685306,-54.20596880702211,-0.1853477643707443,24,0.06135760726204249,3.3900956801130584,59.69722422478065,0.8170331467314034,1.0,1.2052487059587882,0.364769820971867
proxy_clv|none|policy_hybrid_displacement|ttr72.0_pb0.3-0.7_act0_trl0_hl0.0|churn0.75,-1301.172693400683,-54.21552889169513,-0.15286429584719458,24,-0.23619767488122495,4.1972798753843525,72.39557433592466,85788620.64573207,1.0,24185899.168879606,0.09878419452887538
proxy_clv|deflated_sharpe|policy_knockout_backfill|ttr72.0_pb0.15-0.85_act0_trl20_hl0.0|churn0.75,-1319.6932513685306,-54.98721880702211,-0.18780901600189673,24,0.06115091196901836,3.399371985826789,59.764005352923114,0.8170331467314034,1.0,1.2052487059587882,0.364769820971867
proxy_clv|none|policy_hybrid_displacement|ttr48.0_pb0.3-0.7_act0_trl0_hl0.0|churn0.0,-1343.2672413714142,-55.96946839047559,-0.15530959201323988,24,-0.14227444432122244,4.101866188280636,73.56094202679704,74842544.44529831,1.0,24185899.401488245,0.09534706331045004
eb_shrinkage_skill|deflated_sharpe|policy_hybrid_displacement|ttr24.0_pb0.3-0.7_act0_trl0_hl0.0|churn0.0,-1366.1559627674997,-56.923165115312486,-0.37626945871259354,24,-0.8790510631360189,3.851824547695813,30.880509044808022,25291852.852151014,0.9919743178170144,42.785080440793706,0.36918138041733545
gu_koenker_npmle|deflated_sharpe|policy_hybrid_displacement|ttr24.0_pb0.3-0.7_act0_trl0_hl0.0|churn0.0,-1366.1559627674997,-56.923165115312486,-0.37626945871259354,24,-0.8790510631360189,3.851824547695813,30.880509044808022,25291852.852151014,0.9919743178170144,42.785080440793706,0.36918138041733545
gu_koenker_npmle|deflated_sharpe|policy_hybrid_displacement|ttr24.0_pb0.3-0.7_act0_trl0_hl0.0|churn0.75,-1408.1559627674997,-58.673165115312486,-0.38819854190058384,24,-0.8967018676352967,3.858306552032961,30.851763684064295,25291852.852151014,0.9919743178170144,42.785080440793706,0.36918138041733545
eb_shrinkage_skill|deflated_sharpe|policy_hybrid_displacement|ttr24.0_pb0.3-0.7_act0_trl0_hl0.0|churn0.75,-1408.1559627674997,-58.673165115312486,-0.38819854190058384,24,-0.8967018676352967,3.858306552032961,30.851763684064295,25291852.852151014,0.9919743178170144,42.785080440793706,0.36918138041733545
proxy_clv|none|policy_hybrid_displacement|ttr48.0_pb0.3-0.7_act0_trl0_hl0.0|churn0.75,-1418.2672413714142,-59.09446839047559,-0.16403198834106353,24,-0.14471272133204766,4.100605555946463,73.53814320082525,74842544.44529831,1.0,24185899.401488245,0.09534706331045004
eb_shrinkage_skill|deflated_sharpe|policy_knockout_backfill|ttr48.0_pb0.15-0.85_act0_trl20_hl0.0|churn0.0,-1525.3846887312907,-63.55769536380378,-0.2002902304565113,24,-1.1248872076843588,5.663865461962182,64.77430381640553,0.6096930053758196,1.0,2.0479060543771483,0.41934597416872765
gu_koenker_npmle|deflated_sharpe|policy_knockout_backfill|ttr48.0_pb0.15-0.85_act0_trl20_hl0.0|churn0.0,-1525.3846887312907,-63.55769536380378,-0.2002902304565113,24,-1.1248872076843588,5.663865461962182,64.77430381640553,0.6096930053758196,1.0,2.0479060543771483,0.41934597416872765
proxy_clv|deflated_sharpe|policy_knockout_backfill|ttr48.0_pb0.15-0.85_act0_trl20_hl0.0|churn0.0,-1525.3846887312907,-63.55769536380378,-0.2002902304565113,24,-1.1248872076843588,5.663865461962182,64.77430381640553,0.6096930053758196,1.0,2.0479060543771483,0.41934597416872765
t_stat_baseline|deflated_sharpe|policy_knockout_backfill|ttr48.0_pb0.15-0.85_act0_trl20_hl0.0|churn0.0,-1525.3846887312907,-63.55769536380378,-0.2002902304565113,24,-1.1248872076843588,5.663865461962182,64.77430381640553,0.6096930053758196,1.0,2.0479060543771483,0.41934597416872765
eb_shrinkage_skill|deflated_sharpe|policy_knockout_backfill|ttr48.0_pb0.15-0.85_act0_trl20_hl0.0|churn0.75,-1544.1346887312907,-64.33894536380377,-0.20281772982306773,24,-1.1208414924542724,5.6591090526127354,64.7533735781746,0.6096930053758196,1.0,2.0479060543771483,0.41934597416872765
proxy_clv|deflated_sharpe|policy_knockout_backfill|ttr48.0_pb0.15-0.85_act0_trl20_hl0.0|churn0.75,-1544.1346887312907,-64.33894536380377,-0.20281772982306773,24,-1.1208414924542724,5.6591090526127354,64.7533735781746,0.6096930053758196,1.0,2.0479060543771483,0.41934597416872765
gu_koenker_npmle|deflated_sharpe|policy_knockout_backfill|ttr48.0_pb0.15-0.85_act0_trl20_hl0.0|churn0.75,-1544.1346887312907,-64.33894536380377,-0.20281772982306773,24,-1.1208414924542724,5.6591090526127354,64.7533735781746,0.6096930053758196,1.0,2.0479060543771483,0.41934597416872765
t_stat_baseline|deflated_sharpe|policy_knockout_backfill|ttr48.0_pb0.15-0.85_act0_trl20_hl0.0|churn0.75,-1544.1346887312907,-64.33894536380377,-0.20281772982306773,24,-1.1208414924542724,5.6591090526127354,64.7533735781746,0.6096930053758196,1.0,2.0479060543771483,0.41934597416872765
eb_shrinkage_skill|deflated_sharpe|policy_hybrid_displacement|ttr48.0_pb0.3-0.7_act0_trl0_hl0.0|churn0.0,-1596.717003938359,-66.5298751640983,-0.44675148107007734,24,-0.4773086607239209,3.4100712453083935,30.398005324415397,30651181.795678377,0.9908759124087592,36.72243435718692,0.35036496350364965
gu_koenker_npmle|deflated_sharpe|policy_knockout_backfill|ttr72.0_pb0.15-0.85_act0_trl20_hl0.0|churn0.0,-1612.97799199978,-67.20741633332416,-0.2031904610610849,24,-0.5460192500351372,3.433009522755359,67.5162423503834,0.780149290467817,1.0,1.0301110369778246,0.3061169496092697
t_stat_baseline|deflated_sharpe|policy_knockout_backfill|ttr72.0_pb0.15-0.85_act0_trl20_hl0.0|churn0.0,-1612.97799199978,-67.20741633332416,-0.2031904610610849,24,-0.5460192500351372,3.433009522755359,67.5162423503834,0.780149290467817,1.0,1.0301110369778246,0.3061169496092697
eb_shrinkage_skill|deflated_sharpe|policy_knockout_backfill|ttr72.0_pb0.15-0.85_act0_trl20_hl0.0|churn0.0,-1612.97799199978,-67.20741633332416,-0.2031904610610849,24,-0.5460192500351372,3.433009522755359,67.5162423503834,0.780149290467817,1.0,1.0301110369778246,0.3061169496092697
eb_shrinkage_skill|deflated_sharpe|policy_knockout_backfill|ttr72.0_pb0.15-0.85_act0_trl20_hl0.0|churn0.75,-1631.72799199978,-67.98866633332416,-0.20538880247640212,24,-0.5428913855189134,3.4305300655441093,67.57003416650868,0.780149290467817,1.0,1.0301110369778246,0.3061169496092697
t_stat_baseline|deflated_sharpe|policy_knockout_backfill|ttr72.0_pb0.15-0.85_act0_trl20_hl0.0|churn0.75,-1631.72799199978,-67.98866633332416,-0.20538880247640212,24,-0.5428913855189134,3.4305300655441093,67.57003416650868,0.780149290467817,1.0,1.0301110369778246,0.3061169496092697
gu_koenker_npmle|deflated_sharpe|policy_knockout_backfill|ttr72.0_pb0.15-0.85_act0_trl20_hl0.0|churn0.75,-1631.72799199978,-67.98866633332416,-0.20538880247640212,24,-0.5428913855189134,3.4305300655441093,67.57003416650868,0.780149290467817,1.0,1.0301110369778246,0.3061169496092697
proxy_clv|none|policy_hybrid_displacement|ttr24.0_pb0.3-0.7_act0_trl0_hl0.0|churn0.0,-1633.6980182492796,-68.07075076038664,-0.18900250662935497,24,-0.25163006648918435,4.138495053904806,73.51692875432843,71757959.63997765,1.0,25697497.0676582,0.09043348281016443
eb_shrinkage_skill|deflated_sharpe|policy_hybrid_displacement|ttr48.0_pb0.3-0.7_act0_trl0_hl0.0|churn0.75,-1635.717003938359,-68.1548751640983,-0.45746773168948274,24,-0.47835817644120077,3.413659589878231,30.411009722765993,30651181.795678377,0.9908759124087592,36.72243435718692,0.35036496350364965
gu_koenker_npmle|deflated_sharpe|policy_hybrid_displacement|ttr48.0_pb0.3-0.7_act0_trl0_hl0.0|churn0.0,-1699.046964486277,-70.79362352026153,-0.5013293214368022,24,-0.7720926815227014,3.3638581681160282,28.824741085418857,30651181.795678377,0.9908759124087592,36.72243435718692,0.35036496350364965
proxy_clv|none|policy_hybrid_displacement|ttr24.0_pb0.3-0.7_act0_trl0_hl0.0|churn0.75,-1707.1980182492796,-71.13325076038664,-0.1976667302730287,24,-0.2551527726075275,4.13627724318049,73.45704554821485,71757959.63997765,1.0,25697497.0676582,0.09043348281016443
gu_koenker_npmle|deflated_sharpe|policy_hybrid_displacement|ttr48.0_pb0.3-0.7_act0_trl0_hl0.0|churn0.75,-1738.796964486277,-72.44987352026153,-0.5133069616955938,24,-0.7803606719921808,3.362648852027181,28.810769399334806,30651181.795678377,0.9908759124087592,36.72243435718692,0.35036496350364965
eb_shrinkage_skill|deflated_sharpe|policy_knockout_backfill|ttr72.0_pb0.3-0.7_act0_trl20_hl0.0|churn0.0,-1789.9153923131523,-74.57980801304801,-0.13767395046231887,24,-0.11008126982636833,2.45572324921863,110.5767613343211,1.364822911757097,0.9908153701968135,0.10276582884505307,0.3790065604498594
gu_koenker_npmle|deflated_sharpe|policy_knockout_backfill|ttr72.0_pb0.3-0.7_act0_trl20_hl0.0|churn0.0,-1789.9153923131523,-74.57980801304801,-0.13767395046231887,24,-0.11008126982636833,2.45572324921863,110.5767613343211,1.364822911757097,0.9908153701968135,0.10276582884505307,0.3790065604498594
t_stat_baseline|deflated_sharpe|policy_knockout_backfill|ttr72.0_pb0.3-0.7_act0_trl20_hl0.0|churn0.0,-1789.9153923131523,-74.57980801304801,-0.13767395046231887,24,-0.11008126982636833,2.45572324921863,110.5767613343211,1.364822911757097,0.9908153701968135,0.10276582884505307,0.3790065604498594
eb_shrinkage_skill|deflated_sharpe|policy_knockout_backfill|ttr72.0_pb0.3-0.7_act0_trl20_hl0.0|churn0.75,-1808.6653923131523,-75.36105801304801,-0.1392744362531802,24,-0.11160306113890807,2.4569167453792278,110.45107748792753,1.364822911757097,0.9908153701968135,0.10276582884505307,0.3790065604498594
gu_koenker_npmle|deflated_sharpe|policy_knockout_backfill|ttr72.0_pb0.3-0.7_act0_trl20_hl0.0|churn0.75,-1808.6653923131523,-75.36105801304801,-0.1392744362531802,24,-0.11160306113890807,2.4569167453792278,110.45107748792753,1.364822911757097,0.9908153701968135,0.10276582884505307,0.3790065604498594
t_stat_baseline|deflated_sharpe|policy_knockout_backfill|ttr72.0_pb0.3-0.7_act0_trl20_hl0.0|churn0.75,-1808.6653923131523,-75.36105801304801,-0.1392744362531802,24,-0.11160306113890807,2.4569167453792278,110.45107748792753,1.364822911757097,0.9908153701968135,0.10276582884505307,0.3790065604498594
eb_shrinkage_skill|deflated_sharpe|policy_hybrid_displacement|ttr72.0_pb0.3-0.7_act0_trl0_hl0.0|churn0.0,-2022.347055677025,-84.26446065320938,-0.5346212245116418,24,-0.7268504961613552,2.5148847022915986,32.17307921132027,32820070.645488333,0.9982876712328768,88.96356135938488,0.2876712328767123
gu_koenker_npmle|deflated_sharpe|policy_hybrid_displacement|ttr72.0_pb0.3-0.7_act0_trl0_hl0.0|churn0.0,-2022.347055677025,-84.26446065320938,-0.5346212245116418,24,-0.7268504961613552,2.5148847022915986,32.17307921132027,32820070.645488333,0.9982876712328768,88.96356135938488,0.2876712328767123
gu_koenker_npmle|deflated_sharpe|policy_hybrid_displacement|ttr72.0_pb0.3-0.7_act0_trl0_hl0.0|churn0.75,-2064.3470556770253,-86.01446065320938,-0.5464478833248455,24,-0.7348111625063642,2.5232977753452945,32.130471714142466,32820070.645488333,0.9982876712328768,88.96356135938488,0.2876712328767123
eb_shrinkage_skill|deflated_sharpe|policy_hybrid_displacement|ttr72.0_pb0.3-0.7_act0_trl0_hl0.0|churn0.75,-2064.3470556770253,-86.01446065320938,-0.5464478833248455,24,-0.7348111625063642,2.5232977753452945,32.130471714142466,32820070.645488333,0.9982876712328768,88.96356135938488,0.2876712328767123
proxy_clv|deflated_sharpe|policy_knockout_backfill|ttr72.0_pb0.3-0.7_act0_trl20_hl0.0|churn0.0,-2184.9304153133035,-91.03876730472098,-0.1658555567911427,24,-0.12954284817480194,2.442795341289409,112.04454598073073,1.2424103742381405,0.9897810218978103,-0.028037684336196515,0.35119916579770594
proxy_clv|deflated_sharpe|policy_knockout_backfill|ttr72.0_pb0.3-0.7_act0_trl20_hl0.0|churn0.75,-2203.6804153133035,-91.82001730472098,-0.167471323502275,24,-0.1311725262866497,2.44378587966502,111.91577253673954,1.2424103742381405,0.9897810218978103,-0.028037684336196515,0.35119916579770594
proxy_clv|none|policy_hybrid_displacement|ttr72.0_pb0.3-0.7_act0_trl20_hl0.0|churn0.0,-2208.290309720085,-92.01209623833688,-0.09143781412177572,24,1.8641256342784598,7.460949943401846,205.4061623852387,2.7556544870025186,0.9999500960650747,3.091656322208587,0.5185517878084687
proxy_clv|none|policy_hybrid_displacement|ttr72.0_pb0.3-0.7_act0_trl20_hl0.0|churn0.75,-2233.790309720085,-93.07459623833688,-0.09242446267921207,24,1.8598885309658313,7.449005652037617,205.55999839456823,2.7556544870025186,0.9999500960650747,3.091656322208587,0.5185517878084687
eb_shrinkage_skill|none|policy_knockout_backfill|ttr72.0_pb0.15-0.85_act0_trl20_hl0.0|churn0.0,-2675.945955605971,-111.4977481502488,-0.04257658622239056,24,-2.1893779852999558,9.803970403307586,534.5516058421283,0.9744487217608342,0.9984444285509941,1.5388925914081415,0.13004219711057075
eb_shrinkage_skill|none|policy_knockout_backfill|ttr72.0_pb0.15-0.85_act0_trl20_hl0.0|churn0.75,-2694.695955605971,-112.2789981502488,-0.042872182671064955,24,-2.188085336583455,9.798815286750427,534.5856706377914,0.9744487217608342,0.9984444285509941,1.5388925914081415,0.13004219711057075
t_stat_baseline|deflated_sharpe|policy_knockout_backfill|ttr24.0_pb0.3-0.7_act0_trl20_hl0.0|churn0.0,-2996.7052033575956,-124.86271680656648,-0.271557608828357,24,-1.4600484463027814,5.175231327099377,93.85667906505597,1.0384812653891469,0.999169848912502,-0.5378558843864475,0.6430350323758924
gu_koenker_npmle|deflated_sharpe|policy_knockout_backfill|ttr24.0_pb0.3-0.7_act0_trl20_hl0.0|churn0.0,-2996.7052033575956,-124.86271680656648,-0.271557608828357,24,-1.4600484463027814,5.175231327099377,93.85667906505597,1.0384812653891469,0.999169848912502,-0.5378558843864475,0.6430350323758924
eb_shrinkage_skill|deflated_sharpe|policy_knockout_backfill|ttr24.0_pb0.3-0.7_act0_trl20_hl0.0|churn0.0,-2996.7052033575956,-124.86271680656648,-0.271557608828357,24,-1.4600484463027814,5.175231327099377,93.85667906505597,1.0384812653891469,0.999169848912502,-0.5378558843864475,0.6430350323758924
proxy_clv|deflated_sharpe|policy_knockout_backfill|ttr24.0_pb0.3-0.7_act0_trl20_hl0.0|churn0.0,-2996.7052033575956,-124.86271680656648,-0.271557608828357,24,-1.4600484463027814,5.175231327099377,93.85667906505597,1.0384812653891469,0.999169848912502,-0.5378558843864475,0.6430350323758924
proxy_clv|deflated_sharpe|policy_knockout_backfill|ttr24.0_pb0.3-0.7_act0_trl20_hl0.0|churn0.75,-3015.4552033575956,-125.64396680656648,-0.27377484149966724,24,-1.4699014970378632,5.192802522910998,93.67905095826978,1.0384812653891469,0.999169848912502,-0.5378558843864475,0.6430350323758924
eb_shrinkage_skill|deflated_sharpe|policy_knockout_backfill|ttr24.0_pb0.3-0.7_act0_trl20_hl0.0|churn0.75,-3015.4552033575956,-125.64396680656648,-0.27377484149966724,24,-1.4699014970378632,5.192802522910998,93.67905095826978,1.0384812653891469,0.999169848912502,-0.5378558843864475,0.6430350323758924
gu_koenker_npmle|deflated_sharpe|policy_knockout_backfill|ttr24.0_pb0.3-0.7_act0_trl20_hl0.0|churn0.75,-3015.4552033575956,-125.64396680656648,-0.27377484149966724,24,-1.4699014970378632,5.192802522910998,93.67905095826978,1.0384812653891469,0.999169848912502,-0.5378558843864475,0.6430350323758924
t_stat_baseline|deflated_sharpe|policy_knockout_backfill|ttr24.0_pb0.3-0.7_act0_trl20_hl0.0|churn0.75,-3015.4552033575956,-125.64396680656648,-0.27377484149966724,24,-1.4699014970378632,5.192802522910998,93.67905095826978,1.0384812653891469,0.999169848912502,-0.5378558843864475,0.6430350323758924
eb_shrinkage_skill|none|policy_knockout_backfill|ttr48.0_pb0.15-0.85_act0_trl20_hl0.0|churn0.0,-3178.05630220869,-132.41901259202874,-0.052347788790313536,24,-2.066074733038925,9.27442329285774,516.3526174157307,0.5327031854501689,0.9984529035043535,1.5958036110879306,0.12531481614736995
proxy_clv|none|policy_knockout_backfill|ttr24.0_pb0.3-0.7_act0_trl20_hl0.0|churn0.0,-3184.19159145338,-132.67464964389083,-0.13355163399784548,24,-0.3348092664487073,3.8742029160572993,202.78373720940104,1.2184169318372082,0.9999398532419103,237860.03965850666,0.4557319860459521
eb_shrinkage_skill|none|policy_knockout_backfill|ttr48.0_pb0.15-0.85_act0_trl20_hl0.0|churn0.75,-3196.80630220869,-133.20026259202874,-0.05265215802054933,24,-2.0646705019345575,9.268690525397124,516.3964929159235,0.5327031854501689,0.9984529035043535,1.5958036110879306,0.12531481614736995
proxy_clv|none|policy_knockout_backfill|ttr24.0_pb0.3-0.7_act0_trl20_hl0.0|churn0.75,-3202.94159145338,-133.45589964389083,-0.13425475569131456,24,-0.3332155881296819,3.865009949732566,202.90954536912548,1.2184169318372082,0.9999398532419103,237860.03965850666,0.4557319860459521
proxy_clv|deflated_sharpe|policy_knockout_backfill|ttr24.0_pb0.15-0.85_act0_trl20_hl0.0|churn0.0,-3353.4392134013237,-139.72663389172183,-0.2560883239691313,24,-1.3214119563207638,5.078442008480358,111.37399498432706,0.6480510841437065,0.9947735191637631,1.0354504696113624,0.2658246225319396
proxy_clv|deflated_sharpe|policy_knockout_backfill|ttr24.0_pb0.15-0.85_act0_trl20_hl0.0|churn0.75,-3372.1892134013237,-140.50788389172183,-0.2574990388485383,24,-1.3260578548329007,5.096909263117152,111.38314079150983,0.6480510841437065,0.9947735191637631,1.0354504696113624,0.2658246225319396
eb_shrinkage_skill|deflated_sharpe|policy_hybrid_displacement|ttr24.0_pb0.15-0.85_act0_trl20_hl0.0|churn0.0,-3796.2542889026727,-158.17726203761137,-0.2939669930557589,24,-1.254823497385379,5.212343136916519,109.8347745538575,0.9285505052729249,0.9955500618046972,1.195683580694429,0.23411619283065513
eb_shrinkage_skill|deflated_sharpe|policy_hybrid_displacement|ttr24.0_pb0.15-0.85_act0_trl20_hl0.0|churn0.75,-3823.2542889026727,-159.30226203761137,-0.29605770783256674,24,-1.2588752037512263,5.229358205352073,109.83479643208814,0.9285505052729249,0.9955500618046972,1.195683580694429,0.23411619283065513
gu_koenker_npmle|none|policy_hybrid_displacement|ttr48.0_pb0.3-0.7_act0_trl20_hl0.0|churn0.0,-4074.4497429005614,-169.7687392875234,-0.06829206218962179,24,-0.8576347948422288,4.757555229876748,507.43670176406874,2.3448374961172536,0.999990747080704,218040.30982756417,0.15982567500046266
gu_koenker_npmle|none|policy_hybrid_displacement|ttr48.0_pb0.3-0.7_act0_trl20_hl0.0|churn0.75,-4098.449742900561,-170.7687392875234,-0.06867530677599726,24,-0.8572201454664369,4.752088038040912,507.5772439298884,2.3448374961172536,0.999990747080704,218040.30982756417,0.15982567500046266
gu_koenker_npmle|deflated_sharpe|policy_knockout_backfill|ttr24.0_pb0.15-0.85_act0_trl20_hl0.0|churn0.0,-4189.256827227052,-174.55236780112716,-0.31605050985452204,24,-1.1518031422417119,4.582643062168341,112.73626134004799,0.5220333997406075,0.9947628745999418,0.7986529607904178,0.2644748327029386
eb_shrinkage_skill|deflated_sharpe|policy_knockout_backfill|ttr24.0_pb0.15-0.85_act0_trl20_hl0.0|churn0.0,-4189.256827227052,-174.55236780112716,-0.31605050985452204,24,-1.1518031422417119,4.582643062168341,112.73626134004799,0.5220333997406075,0.9947628745999418,0.7986529607904178,0.2644748327029386
t_stat_baseline|deflated_sharpe|policy_knockout_backfill|ttr24.0_pb0.15-0.85_act0_trl20_hl0.0|churn0.0,-4189.256827227052,-174.55236780112716,-0.31605050985452204,24,-1.1518031422417119,4.582643062168341,112.73626134004799,0.5220333997406075,0.9947628745999418,0.7986529607904178,0.2644748327029386
gu_koenker_npmle|deflated_sharpe|policy_knockout_backfill|ttr24.0_pb0.15-0.85_act0_trl20_hl0.0|churn0.75,-4208.006827227052,-175.33361780112716,-0.3174625742202121,24,-1.156377523900125,4.600161942813398,112.73714689672732,0.5220333997406075,0.9947628745999418,0.7986529607904178,0.2644748327029386
eb_shrinkage_skill|deflated_sharpe|policy_knockout_backfill|ttr24.0_pb0.15-0.85_act0_trl20_hl0.0|churn0.75,-4208.006827227052,-175.33361780112716,-0.3174625742202121,24,-1.156377523900125,4.600161942813398,112.73714689672732,0.5220333997406075,0.9947628745999418,0.7986529607904178,0.2644748327029386
t_stat_baseline|deflated_sharpe|policy_knockout_backfill|ttr24.0_pb0.15-0.85_act0_trl20_hl0.0|churn0.75,-4208.006827227052,-175.33361780112716,-0.3174625742202121,24,-1.156377523900125,4.600161942813398,112.73714689672732,0.5220333997406075,0.9947628745999418,0.7986529607904178,0.2644748327029386
gu_koenker_npmle|none|policy_knockout_backfill|ttr48.0_pb0.3-0.7_act0_trl20_hl0.0|churn0.0,-4227.036573955614,-176.12652391481723,-0.07086783048415503,24,-0.824098254194936,4.919746745742354,507.3060075519267,1.8108328938259208,0.9996308146689639,218039.80970057973,0.16361536568280355
gu_koenker_npmle|none|policy_knockout_backfill|ttr48.0_pb0.3-0.7_act0_trl20_hl0.0|churn0.75,-4245.786573955614,-176.90777391481723,-0.07115662985453879,24,-0.823452272389572,4.91342405494758,507.488173752266,1.8108328938259208,0.9996308146689639,218039.80970057973,0.16361536568280355
gu_koenker_npmle|none|policy_knockout_backfill|ttr72.0_pb0.3-0.7_act0_trl20_hl0.0|churn0.0,-4633.220019248042,-193.0508341353351,-0.07770824285129514,24,-0.8104119963677271,5.0802427642081565,507.10626129580396,2.0365419706595302,0.9996323078808678,3.1932925213129244,0.16317044886722543
gu_koenker_npmle|none|policy_knockout_backfill|ttr72.0_pb0.3-0.7_act0_trl20_hl0.0|churn0.75,-4651.970019248042,-193.8320841353351,-0.0779946056137859,24,-0.8097856656278469,5.073698413907238,507.28903853391205,2.0365419706595302,0.9996323078808678,3.1932925213129244,0.16317044886722543
gu_koenker_npmle|none|policy_hybrid_displacement|ttr72.0_pb0.3-0.7_act0_trl20_hl0.0|churn0.0,-4774.615357397302,-198.94230655822093,-0.07655082537080583,24,-1.0982803644955734,5.561189915759445,530.4832192201646,2.5177203087641047,0.9999907965579127,3.462633571163515,0.160231926740601
gu_koenker_npmle|none|policy_hybrid_displacement|ttr72.0_pb0.3-0.7_act0_trl20_hl0.0|churn0.75,-4799.365357397302,-199.97355655822093,-0.07692937666324999,24,-1.0976873386560941,5.555008793803484,530.6091518214012,2.5177203087641047,0.9999907965579127,3.462633571163515,0.160231926740601
gu_koenker_npmle|none|policy_knockout_backfill|ttr24.0_pb0.15-0.85_act0_trl20_hl0.0|churn0.0,-5120.936433230905,-213.37235138462106,-0.08267797939051762,24,-1.971240847773352,8.777715107549708,526.7962420415465,0.7485892414902752,0.9992766481684505,0.952917759812189,0.10000339071171038
gu_koenker_npmle|none|policy_knockout_backfill|ttr24.0_pb0.15-0.85_act0_trl20_hl0.0|churn0.75,-5139.686433230905,-214.15360138462106,-0.08296294064677372,24,-1.96949255034126,8.768177448269487,526.9090088922194,0.7485892414902752,0.9992766481684505,0.952917759812189,0.10000339071171038
eb_shrinkage_skill|none|policy_knockout_backfill|ttr24.0_pb0.15-0.85_act0_trl20_hl0.0|churn0.0,-7172.844096436289,-298.8685040181787,-0.11723798535475886,24,-2.3036560509604733,10.027944972619983,520.3627282987978,0.630652832833308,0.9986128584793058,1.7906880285135773,0.11543920771637795
eb_shrinkage_skill|none|policy_knockout_backfill|ttr24.0_pb0.15-0.85_act0_trl20_hl0.0|churn0.75,-7191.594096436289,-299.6497540181787,-0.11753484247216035,24,-2.3022163114405827,10.021806438443932,520.4052570403297,0.630652832833308,0.9986128584793058,1.7906880285135773,0.11543920771637795
proxy_clv|none|policy_knockout_backfill|ttr72.0_pb0.3-0.7_act0_trl20_hl0.0|churn0.0,-7343.396397816865,-305.97484990903604,-0.31130970026061966,24,0.5183999191346988,3.206838017631392,200.62611170761278,1.3202535621956333,0.9999452549749541,2.612154731246559,0.5040374455971314
proxy_clv|none|policy_knockout_backfill|ttr72.0_pb0.3-0.7_act0_trl20_hl0.0|churn0.75,-7362.146397816865,-306.75609990903604,-0.31190493040490774,24,0.5183267015383114,3.201910294739429,200.75452673135337,1.3202535621956333,0.9999452549749541,2.612154731246559,0.5040374455971314
proxy_clv|none|policy_knockout_backfill|ttr48.0_pb0.3-0.7_act0_trl20_hl0.0|churn0.0,-9248.79230471445,-385.36634602976875,-0.3687563375292092,24,0.3229070424082395,3.03701580331902,213.31857375399935,1.8895392703509248,0.9999419717982939,237860.79198962933,0.49352985550977774
proxy_clv|none|policy_knockout_backfill|ttr48.0_pb0.3-0.7_act0_trl20_hl0.0|churn0.75,-9267.54230471445,-386.14759602976875,-0.36925100524148274,24,0.32269180923642976,3.031894235844368,213.4646808108043,1.8895392703509248,0.9999419717982939,237860.79198962933,0.49352985550977774
